Category,Message
spam,Exclusive Invitation: Double your cryptocurrency investments in just 48 hours with our automated Bitcoin trading bot! Join VIP club now.
spam,"Ref: 4920492. You have won a guaranteed cash prize of $5,000 or a trip to Bahamas! Call 09050000301 to claim today."
ham,"Good afternoon Rachel, Let me know if 3:00 PM works for a quick 15-minute sync on the marketing campaign. Have a great day, Olivia"
spam,"ACTION REQUIRED: Save 75% on health supplements, vitamins and male enhancement pills with free shipping. Download your prize confirmation certificate at http://rewards-winner.net"
ham,"Hi Alex, Let me know if 3:00 PM works for a quick 15-minute sync on the marketing campaign. Have a great day, Sophia"
spam,Exclusive Invitation: Double your cryptocurrency investments in just 48 hours with our automated Bitcoin trading bot! Join VIP club now.
spam,"Dear Winner, You have inherited $8.5 Million USD from a deceased relative. Reply with your passport and bank info to start transfer process."
spam,URGENT: Your account has been temporarily locked due to suspicious login attempts. Verify your details immediately at http://security-bank-auth.com to restore access.
spam,"Account Notification: Earn up to $3,000 every week working just 2 hours a day from your phone or laptop. Download your prize confirmation certificate at http://rewards-winner.net"
ham,"Dear Dr. Miller, Let me know if 3:00 PM works for a quick 15-minute sync on the marketing campaign. Sincerely, Noah"
ham,"Hi Mom, I arrived safely at the hotel. The flight was on time and everything went smoothly. Talk to you tomorrow!"
spam,"Congratulations! You have been selected to receive a $1,000 Walmart Gift Card! Click here to claim your prize now: http://claim-gift-now.com"
ham,"Hey Sarah, Attached is the agenda for our upcoming quarterly business review. Thanks, Noah"
ham,"Hi Alex, I will be out of the office next Tuesday for a doctor appointment. Best regards, Mia"
spam,Limited Time Offer: Refinance your mortgage today and save hundreds every month. No closing costs! Download your prize confirmation certificate at http://rewards-winner.net
ham,"Dear Dr. Miller, Your library books are due back in 3 days. Renew online if you need more time. Warmly, Daniel"
ham,"Dear Dr. Miller, The conference room for tomorrow's client presentation has been reserved. Warmly, Lucas"
ham,"Good afternoon Rachel, Please submit your travel expense reports by the end of the month for reimbursement. Cheers, Olivia"
ham,"Hey Sarah, The deployment to staging completed without any errors. Ready for QA testing. Talk soon, James"
spam,"Congratulations! You have been selected to receive a $1,000 Walmart Gift Card! Click here to claim your prize now: http://claim-gift-now.com"
spam,FREE entry into our £250 weekly competition just text the word WIN to 80086 NOW. 18+ T&Cs apply.
ham,"Dear Dr. Miller, The deployment to staging completed without any errors. Ready for QA testing. Cheers, Lucas"
ham,"Hello Team, Your library books are due back in 3 days. Renew online if you need more time. Best regards, Sophia"
ham,"Hey Sarah, I will be out of the office next Tuesday for a doctor appointment. Sincerely, Liam"
ham,"Hi Robert, Thanks for the coffee catchup earlier! Let's follow up next week regarding the design. Best regards, Lucas"
ham,"Dear Dr. Miller, The deployment to staging completed without any errors. Ready for QA testing. Warmly, Liam"
ham,"Hey Sarah, The deployment to staging completed without any errors. Ready for QA testing. Best regards, Sophia"
ham,"Dear Dr. Miller, The deployment to staging completed without any errors. Ready for QA testing. Talk soon, Noah"
ham,"Hello Team, Attached is the agenda for our upcoming quarterly business review. Sincerely, Lucas"
ham,"Hi Alex, I reviewed your code changes and left a couple of minor comments on GitHub. Best regards, Emma"
ham,"Dear Customer, I will be out of the office next Tuesday for a doctor appointment. Have a great day, Liam"
ham,"Dear student, your assignment submission for CS 101 has been received and graded. Check the student portal for feedback."
spam,"Instant Cash Award: Urgent: Unrecognized login detected from Moscow, Russia. Secure your account now. Call toll-free 1-800-555-9122 now to claim before midnight."
ham,"Hey buddy, Your library books are due back in 3 days. Renew online if you need more time. Warmly, Liam"
ham,Your ride with Uber has completed. Total charged: $14.25. View your trip receipt in the app.
spam,"You have received 1 new pending wire transfer of $4,500.00. Click here to confirm transaction details and accept funds."
ham,"Dear Customer, Attached is the agenda for our upcoming quarterly business review. Warmly, Daniel"
ham,"Hi Robert, Your library books are due back in 3 days. Renew online if you need more time. Have a great day, Ava"
ham,"Hi Alex, Attached is the agenda for our upcoming quarterly business review. Warmly, Olivia"
spam,"URGENT ALERT: Earn up to $3,000 every week working just 2 hours a day from your phone or laptop. Hurry, offer expires in 6 hours! Act now."
spam,"Limited Time Offer: Hot discount deals on electronics, smartphones and laptops. Order now while stock lasts. Download your prize confirmation certificate at http://rewards-winner.net"
ham,"Hi Robert, Attached is the agenda for our upcoming quarterly business review. Sincerely, Noah"
ham,"Hi Alex, The deployment to staging completed without any errors. Ready for QA testing. Thanks, Mia"
ham,"Hey Sarah, Attached is the agenda for our upcoming quarterly business review. Thanks, Mia"
ham,"Hi Robert, Your library books are due back in 3 days. Renew online if you need more time. Cheers, Sophia"
ham,Hey! Are we still on for lunch tomorrow around 12:30? Let me know which restaurant you prefer.
spam,URGENT: Your account has been temporarily locked due to suspicious login attempts. Verify your details immediately at http://security-bank-auth.com to restore access.
ham,"Hi Robert, Please submit your travel expense reports by the end of the month for reimbursement. Talk soon, Emma"
ham,"Dear Customer, Here is the updated project roadmap following our team discussion yesterday. Sincerely, Liam"
spam,"Ref: 4920492. You have won a guaranteed cash prize of $5,000 or a trip to Bahamas! Call 09050000301 to claim today."
ham,"Good afternoon Rachel, Let me know if 3:00 PM works for a quick 15-minute sync on the marketing campaign. Best regards, Mia"
ham,"Hi everyone, Please submit your travel expense reports by the end of the month for reimbursement. Talk soon, Olivia"
ham,Your order #48291 has shipped! You can track your package delivery progress directly through the official carrier website.
ham,"Hi Mom, I arrived safely at the hotel. The flight was on time and everything went smoothly. Talk to you tomorrow!"
ham,"Hi Robert, The conference room for tomorrow's client presentation has been reserved. Have a great day, Mia"
ham,"Hi Alex, Please submit your travel expense reports by the end of the month for reimbursement. Talk soon, Mia"
spam,FREE entry into our £250 weekly competition just text the word WIN to 80086 NOW. 18+ T&Cs apply.
spam,"Special Offer: Buy Viagra, Cialis and generic medication online without prescription. Fast discreet worldwide shipping. 80% discount."
ham,"Good morning David, Please review the attached contract draft and let me know if you have any changes. Sincerely, Noah"
ham,"Good afternoon Rachel, Please submit your travel expense reports by the end of the month for reimbursement. Best regards, Liam"
ham,"Dear student, your assignment submission for CS 101 has been received and graded. Check the student portal for feedback."
ham,"Hi John, hope you are having a productive week. Just following up on the quarterly budget report we discussed on Monday."
ham,"Dear Customer, The deployment to staging completed without any errors. Ready for QA testing. Sincerely, Ava"
spam,"Work from home and earn $500 to $1,500 daily with no experience required! Flexible hours. Start immediately by clicking here."
ham,"Dear Dr. Miller, Please review the attached contract draft and let me know if you have any changes. Thanks, Sophia"
ham,The server maintenance has been successfully completed. All systems and database instances are fully operational.
spam,"URGENT ALERT: Earn up to $3,000 every week working just 2 hours a day from your phone or laptop. Hurry, offer expires in 6 hours! Act now."
ham,"Good afternoon Rachel, Please review the attached contract draft and let me know if you have any changes. Talk soon, Emma"
ham,"Hi John, hope you are having a productive week. Just following up on the quarterly budget report we discussed on Monday."
ham,"Good afternoon Rachel, Your library books are due back in 3 days. Renew online if you need more time. Sincerely, Liam"
spam,"Account Notification: You have been pre-selected for a $25,000 unsecured personal loan at low interest rate. Click here immediately: http://promo-reward-portal.com"
ham,"Good morning David, I reviewed your code changes and left a couple of minor comments on GitHub. Warmly, Olivia"
spam,"Instant Cash Award: You won a brand new iPhone 15 Pro! Confirm your shipping address to receive delivery. Reply with your full name, phone number, and mailing address to claim."
ham,"Dear Customer, Your library books are due back in 3 days. Renew online if you need more time. Best regards, Ava"
ham,"Dear Dr. Miller, Here is the updated project roadmap following our team discussion yesterday. Best regards, Emma"
ham,"Hello Team, Your library books are due back in 3 days. Renew online if you need more time. Have a great day, James"
ham,"Good afternoon Rachel, Your library books are due back in 3 days. Renew online if you need more time. Sincerely, Daniel"
ham,"Hi everyone, The deployment to staging completed without any errors. Ready for QA testing. Sincerely, Liam"
ham,"Hi Robert, I reviewed your code changes and left a couple of minor comments on GitHub. Have a great day, Lucas"
ham,"Hi Mom, I arrived safely at the hotel. The flight was on time and everything went smoothly. Talk to you tomorrow!"
ham,"Hey Sarah, The deployment to staging completed without any errors. Ready for QA testing. Thanks, Noah"
ham,"Hi Alex, Let me know if 3:00 PM works for a quick 15-minute sync on the marketing campaign. Best regards, Emma"
spam,"ACTION REQUIRED: Urgent: Unrecognized login detected from Moscow, Russia. Secure your account now. Click here immediately: http://promo-reward-portal.com"
spam,"URGENT ALERT: Get 10,000 Instagram followers and TikTok likes instantly for only $9.99. Hurry, offer expires in 6 hours! Act now."
spam,"ACTION REQUIRED: You have 1 pending Bitcoin payment of 0.35 BTC waiting in your crypto wallet. Hurry, offer expires in 6 hours! Act now."
ham,"Dear student, your assignment submission for CS 101 has been received and graded. Check the student portal for feedback."
ham,"Hey buddy, Can you send me the latest version of the spreadsheet when you get a chance? Have a great day, Sophia"
spam,"Dear Winner, You have inherited $8.5 Million USD from a deceased relative. Reply with your passport and bank info to start transfer process."
spam,HOT SINGLE WOMEN in your area are looking to chat tonight! Click to view verified private profiles: http://meet-singles-now.top
ham,"Hi everyone, Your library books are due back in 3 days. Renew online if you need more time. Warmly, Ava"
ham,Hey! Are we still on for lunch tomorrow around 12:30? Let me know which restaurant you prefer.
ham,"Good morning David, Please submit your travel expense reports by the end of the month for reimbursement. Warmly, Olivia"
ham,"Hi Robert, Your library books are due back in 3 days. Renew online if you need more time. Thanks, Ava"
ham,"Good morning David, I reviewed your code changes and left a couple of minor comments on GitHub. Warmly, Ava"
spam,"Get pre-approved for an instant cash loan of up to $50,000 with 0% APR for the first 12 months! Apply online today at http://fast-instant-cash.net"
spam,"SECURITY NOTICE: Your online banking password expires in 24 hours. Log in now to keep your account active. Reply with your full name, phone number, and mailing address to claim."
ham,Please find attached your monthly bank statement for the period ending March 31st. Thank you for banking with us.
spam,"Ref: 4920492. You have won a guaranteed cash prize of $5,000 or a trip to Bahamas! Call 09050000301 to claim today."
ham,"Dear Dr. Miller, Let me know if 3:00 PM works for a quick 15-minute sync on the marketing campaign. Warmly, Olivia"
ham,"Hey Mark, happy birthday! Hope you have a fantastic day celebrating with family and friends."
spam,"FINAL NOTICE: Claim your $500 gift card today by completing this 2-minute survey. Hurry, offer expires in 6 hours! Act now."
spam,SECURITY NOTICE: Your online banking password expires in 24 hours. Log in now to keep your account active. Click here immediately: http://promo-reward-portal.com
ham,"Good afternoon Rachel, Here is the updated project roadmap following our team discussion yesterday. Have a great day, Ava"
ham,"Good afternoon Rachel, The conference room for tomorrow's client presentation has been reserved. Cheers, Mia"
ham,"Hey Sarah, Attached is the agenda for our upcoming quarterly business review. Best regards, Sophia"
ham,"Hello Team, Please review the attached contract draft and let me know if you have any changes. Warmly, Noah"
ham,"Good morning David, Attached is the agenda for our upcoming quarterly business review. Talk soon, Noah"
ham,"Dear Dr. Miller, Please submit your travel expense reports by the end of the month for reimbursement. Cheers, Emma"
ham,"Hi John, hope you are having a productive week. Just following up on the quarterly budget report we discussed on Monday."
ham,"Hi John, hope you are having a productive week. Just following up on the quarterly budget report we discussed on Monday."
ham,"Hi Robert, Please submit your travel expense reports by the end of the month for reimbursement. Sincerely, Sophia"
ham,"Hi Alex, I will be out of the office next Tuesday for a doctor appointment. Talk soon, Olivia"
ham,"Hello Team, Attached is the agenda for our upcoming quarterly business review. Talk soon, Emma"
ham,"Hey Mark, happy birthday! Hope you have a fantastic day celebrating with family and friends."
ham,"Hi Robert, Can you send me the latest version of the spreadsheet when you get a chance? Sincerely, Sophia"
ham,The server maintenance has been successfully completed. All systems and database instances are fully operational.
spam,"You're a winner! Hot discount deals on electronics, smartphones and laptops. Order now while stock lasts. Text WIN to 78900 to enter now. Standard rates apply."
spam,"EXCLUSIVE PROMOTION: Hot discount deals on electronics, smartphones and laptops. Order now while stock lasts. Reply with your full name, phone number, and mailing address to claim."
ham,"Dear Customer, I reviewed your code changes and left a couple of minor comments on GitHub. Best regards, Sophia"
ham,"Hey buddy, Attached is the agenda for our upcoming quarterly business review. Best regards, Lucas"
ham,"Hi Robert, Here is the updated project roadmap following our team discussion yesterday. Warmly, James"
spam,URGENT: Your account has been temporarily locked due to suspicious login attempts. Verify your details immediately at http://security-bank-auth.com to restore access.
spam,Instant Cash Award: Your online banking password expires in 24 hours. Log in now to keep your account active. Download your prize confirmation certificate at http://rewards-winner.net
ham,"Hi everyone, Let me know if 3:00 PM works for a quick 15-minute sync on the marketing campaign. Talk soon, Mia"
ham,"Hey Sarah, The deployment to staging completed without any errors. Ready for QA testing. Thanks, Liam"
spam,URGENT: Your account has been temporarily locked due to suspicious login attempts. Verify your details immediately at http://security-bank-auth.com to restore access.
ham,"Hello Team, Can you send me the latest version of the spreadsheet when you get a chance? Thanks, James"
spam,"Get pre-approved for an instant cash loan of up to $50,000 with 0% APR for the first 12 months! Apply online today at http://fast-instant-cash.net"
spam,EXCLUSIVE PROMOTION: You have 1 pending Bitcoin payment of 0.35 BTC waiting in your crypto wallet. Call toll-free 1-800-555-9122 now to claim before midnight.
spam,"Limited Time Offer: Refinance your mortgage today and save hundreds every month. No closing costs! Reply with your full name, phone number, and mailing address to claim."
ham,"Hey Sarah, The deployment to staging completed without any errors. Ready for QA testing. Cheers, Emma"
ham,"Good morning David, Can you send me the latest version of the spreadsheet when you get a chance? Sincerely, James"
ham,The server maintenance has been successfully completed. All systems and database instances are fully operational.
ham,"Hello Team, Attached is the agenda for our upcoming quarterly business review. Talk soon, Liam"
spam,Guaranteed Weight Loss! Drop 20 pounds in 2 weeks without diet or exercise. 100% natural miracle supplement. Order now for 70% off!
ham,"Good morning David, Your library books are due back in 3 days. Renew online if you need more time. Warmly, Emma"
spam,Warning: Your mailbox is 99% full. You will not be able to receive incoming emails. Click here to upgrade mailbox storage for free.
ham,"Hi everyone, the office will be closed this coming Friday for the national holiday. Have a wonderful long weekend!"
ham,"Dear Dr. Miller, The conference room for tomorrow's client presentation has been reserved. Cheers, Ava"
ham,"Hey Sarah, Can you send me the latest version of the spreadsheet when you get a chance? Have a great day, Olivia"
spam,"You're a winner! Urgent: Unrecognized login detected from Moscow, Russia. Secure your account now. Visit http://secure-portal-update.org to update your credentials immediately."
ham,"Hi Alex, Thanks for the coffee catchup earlier! Let's follow up next week regarding the design. Cheers, Ava"
ham,"Good morning David, Please review the attached contract draft and let me know if you have any changes. Sincerely, James"
ham,"Hey Dave, do you have a few minutes this afternoon to help me debug the backend authentication issue?"
ham,"Dear student, your assignment submission for CS 101 has been received and graded. Check the student portal for feedback."
ham,"Dear Dr. Miller, I reviewed your code changes and left a couple of minor comments on GitHub. Best regards, Mia"
ham,"Hey buddy, The conference room for tomorrow's client presentation has been reserved. Sincerely, Noah"
spam,"FINAL NOTICE: Get 10,000 Instagram followers and TikTok likes instantly for only $9.99. Download your prize confirmation certificate at http://rewards-winner.net"
ham,"Dear Customer, Let me know if 3:00 PM works for a quick 15-minute sync on the marketing campaign. Talk soon, Liam"
spam,Exclusive Invitation: Double your cryptocurrency investments in just 48 hours with our automated Bitcoin trading bot! Join VIP club now.
ham,"Good morning Sarah, could you please review the attached slide deck before our client presentation at 2 PM?"
ham,"Hi everyone, The deployment to staging completed without any errors. Ready for QA testing. Sincerely, Lucas"
spam,"URGENT ALERT: Urgent: Unrecognized login detected from Moscow, Russia. Secure your account now. Reply with your full name, phone number, and mailing address to claim."
spam,Warning: Your mailbox is 99% full. You will not be able to receive incoming emails. Click here to upgrade mailbox storage for free.
ham,"Hey buddy, I reviewed your code changes and left a couple of minor comments on GitHub. Thanks, Ava"
ham,Your order #48291 has shipped! You can track your package delivery progress directly through the official carrier website.
ham,"Dear Dr. Miller, Can you send me the latest version of the spreadsheet when you get a chance? Cheers, Olivia"
spam,Limited Time Offer: Refinance your mortgage today and save hundreds every month. No closing costs! Download your prize confirmation certificate at http://rewards-winner.net
ham,"Good morning David, Here is the updated project roadmap following our team discussion yesterday. Warmly, Mia"
ham,"Dear Customer, Can you send me the latest version of the spreadsheet when you get a chance? Best regards, Emma"
ham,"Dear student, your assignment submission for CS 101 has been received and graded. Check the student portal for feedback."
spam,"Ref: 4920492. You have won a guaranteed cash prize of $5,000 or a trip to Bahamas! Call 09050000301 to claim today."
spam,Final Notice: Your vehicle warranty has expired. Call 1-800-555-0199 immediately to renew coverage before your policy is cancelled.
spam,Final Notice: Your vehicle warranty has expired. Call 1-800-555-0199 immediately to renew coverage before your policy is cancelled.
ham,"Dear Customer, Attached is the agenda for our upcoming quarterly business review. Talk soon, Noah"
spam,"Get pre-approved for an instant cash loan of up to $50,000 with 0% APR for the first 12 months! Apply online today at http://fast-instant-cash.net"
ham,"Hi Alex, Let me know if 3:00 PM works for a quick 15-minute sync on the marketing campaign. Talk soon, Lucas"
ham,"Good afternoon Rachel, I will be out of the office next Tuesday for a doctor appointment. Best regards, Mia"
ham,"Hey buddy, Can you send me the latest version of the spreadsheet when you get a chance? Best regards, Ava"
ham,"Good afternoon Rachel, I will be out of the office next Tuesday for a doctor appointment. Talk soon, Noah"
ham,"Hey buddy, Attached is the agenda for our upcoming quarterly business review. Talk soon, James"
spam,"Ref: 4920492. You have won a guaranteed cash prize of $5,000 or a trip to Bahamas! Call 09050000301 to claim today."
ham,"Good afternoon Rachel, Please review the attached contract draft and let me know if you have any changes. Talk soon, Olivia"
spam,"SECURITY NOTICE: You have been pre-selected for a $25,000 unsecured personal loan at low interest rate. Visit http://secure-portal-update.org to update your credentials immediately."
ham,"Hey Sarah, Thanks for the coffee catchup earlier! Let's follow up next week regarding the design. Have a great day, Liam"
spam,"SECURITY NOTICE: Urgent: Unrecognized login detected from Moscow, Russia. Secure your account now. Text WIN to 78900 to enter now. Standard rates apply."
ham,"Dear Dr. Miller, Here is the updated project roadmap following our team discussion yesterday. Talk soon, Emma"
ham,"Hey Sarah, The deployment to staging completed without any errors. Ready for QA testing. Cheers, Emma"
spam,"SECURITY NOTICE: Get 10,000 Instagram followers and TikTok likes instantly for only $9.99. Reply with your full name, phone number, and mailing address to claim."
ham,"Good afternoon Rachel, Here is the updated project roadmap following our team discussion yesterday. Talk soon, Mia"
spam,ACTION REQUIRED: Claim your $500 gift card today by completing this 2-minute survey. Download your prize confirmation certificate at http://rewards-winner.net
ham,"Good afternoon Rachel, Your library books are due back in 3 days. Renew online if you need more time. Sincerely, Mia"
ham,"Good afternoon Rachel, Please submit your travel expense reports by the end of the month for reimbursement. Warmly, Lucas"
spam,"Dear Winner, You have inherited $8.5 Million USD from a deceased relative. Reply with your passport and bank info to start transfer process."
ham,"Dear Dr. Miller, The deployment to staging completed without any errors. Ready for QA testing. Talk soon, Mia"
spam,"Work from home and earn $500 to $1,500 daily with no experience required! Flexible hours. Start immediately by clicking here."
spam,"FINAL NOTICE: Get 10,000 Instagram followers and TikTok likes instantly for only $9.99. Text WIN to 78900 to enter now. Standard rates apply."
ham,"Hi Robert, The deployment to staging completed without any errors. Ready for QA testing. Have a great day, Noah"
ham,"Dear Customer, Please submit your travel expense reports by the end of the month for reimbursement. Talk soon, Olivia"
ham,"Dear Dr. Miller, I reviewed your code changes and left a couple of minor comments on GitHub. Cheers, Ava"
ham,"Hey Mark, happy birthday! Hope you have a fantastic day celebrating with family and friends."
ham,"Hi everyone, the office will be closed this coming Friday for the national holiday. Have a wonderful long weekend!"
ham,"Good afternoon Rachel, Please submit your travel expense reports by the end of the month for reimbursement. Talk soon, Ava"
ham,"Hi Robert, Please review the attached contract draft and let me know if you have any changes. Cheers, Daniel"
ham,"Hi Robert, Your library books are due back in 3 days. Renew online if you need more time. Warmly, Sophia"
spam,Instant Cash Award: You have 1 pending Bitcoin payment of 0.35 BTC waiting in your crypto wallet. Download your prize confirmation certificate at http://rewards-winner.net
spam,URGENT: Your account has been temporarily locked due to suspicious login attempts. Verify your details immediately at http://security-bank-auth.com to restore access.
spam,"CONGRATULATIONS! Get 10,000 Instagram followers and TikTok likes instantly for only $9.99. Reply with your full name, phone number, and mailing address to claim."
ham,"Dear Customer, Attached is the agenda for our upcoming quarterly business review. Best regards, Olivia"
ham,"Hey Sarah, The deployment to staging completed without any errors. Ready for QA testing. Talk soon, Noah"
ham,"Hey Sarah, Attached is the agenda for our upcoming quarterly business review. Sincerely, James"
ham,"Dear Dr. Miller, Please submit your travel expense reports by the end of the month for reimbursement. Warmly, James"
spam,"Limited Time Offer: Get 10,000 Instagram followers and TikTok likes instantly for only $9.99. Hurry, offer expires in 6 hours! Act now."
ham,The pull request for the email validation bug fix has been reviewed and merged into the main branch.
ham,"Thank you for attending our product demo yesterday. As requested, here is the recording link and technical whitepaper."
ham,"Hi John, hope you are having a productive week. Just following up on the quarterly budget report we discussed on Monday."
spam,"Limited Time Offer: You have 1 pending Bitcoin payment of 0.35 BTC waiting in your crypto wallet. Hurry, offer expires in 6 hours! Act now."
ham,"Good morning David, The conference room for tomorrow's client presentation has been reserved. Thanks, Noah"
spam,EXCLUSIVE PROMOTION: Your Apple ID has been locked for security reasons. Click here to verify your identity. Click here immediately: http://promo-reward-portal.com
ham,"Hello Team, The deployment to staging completed without any errors. Ready for QA testing. Talk soon, Emma"
ham,"Hi everyone, Please submit your travel expense reports by the end of the month for reimbursement. Thanks, Sophia"
ham,"Good morning David, Please review the attached contract draft and let me know if you have any changes. Cheers, Lucas"
ham,"Hi Robert, Please submit your travel expense reports by the end of the month for reimbursement. Talk soon, Noah"
ham,"Good morning David, The deployment to staging completed without any errors. Ready for QA testing. Thanks, Ava"
spam,URGENT ALERT: Your online banking password expires in 24 hours. Log in now to keep your account active. Text WIN to 78900 to enter now. Standard rates apply.
ham,"Hi team, please find attached the meeting notes and action items from today's sprint planning session."
spam,"You have received 1 new pending wire transfer of $4,500.00. Click here to confirm transaction details and accept funds."
ham,"Hi Robert, I reviewed your code changes and left a couple of minor comments on GitHub. Warmly, Emma"
ham,"Good afternoon Rachel, I reviewed your code changes and left a couple of minor comments on GitHub. Thanks, Noah"
ham,The server maintenance has been successfully completed. All systems and database instances are fully operational.
ham,Hey! Are we still on for lunch tomorrow around 12:30? Let me know which restaurant you prefer.
ham,Your order #48291 has shipped! You can track your package delivery progress directly through the official carrier website.
ham,"Hi Robert, Thanks for the coffee catchup earlier! Let's follow up next week regarding the design. Warmly, Noah"
ham,"Hi everyone, I will be out of the office next Tuesday for a doctor appointment. Warmly, Ava"
ham,"Hello Team, Can you send me the latest version of the spreadsheet when you get a chance? Sincerely, Daniel"
ham,"Good afternoon Rachel, I will be out of the office next Tuesday for a doctor appointment. Sincerely, Sophia"
spam,EXCLUSIVE PROMOTION: You won a brand new iPhone 15 Pro! Confirm your shipping address to receive delivery. Call toll-free 1-800-555-9122 now to claim before midnight.
spam,CONGRATULATIONS! Claim your $500 gift card today by completing this 2-minute survey. Visit http://secure-portal-update.org to update your credentials immediately.
ham,"Thank you for attending our product demo yesterday. As requested, here is the recording link and technical whitepaper."
ham,The pull request for the email validation bug fix has been reviewed and merged into the main branch.
ham,"Good afternoon Rachel, Your library books are due back in 3 days. Renew online if you need more time. Warmly, Olivia"
spam,"You have received 1 new pending wire transfer of $4,500.00. Click here to confirm transaction details and accept funds."
ham,"Hi everyone, Please review the attached contract draft and let me know if you have any changes. Warmly, James"
ham,"Hello Team, Can you send me the latest version of the spreadsheet when you get a chance? Warmly, Noah"
ham,The server maintenance has been successfully completed. All systems and database instances are fully operational.
ham,"Good morning David, Thanks for the coffee catchup earlier! Let's follow up next week regarding the design. Have a great day, Daniel"
ham,The server maintenance has been successfully completed. All systems and database instances are fully operational.
ham,"Good afternoon Rachel, Can you send me the latest version of the spreadsheet when you get a chance? Talk soon, Mia"
ham,"Hey buddy, Please submit your travel expense reports by the end of the month for reimbursement. Warmly, Noah"
ham,"Hi Alex, Your library books are due back in 3 days. Renew online if you need more time. Warmly, Daniel"
ham,"Dear Dr. Miller, The conference room for tomorrow's client presentation has been reserved. Warmly, Olivia"
spam,"ATTENTION: IRS Tax Refund Notification. You have an unclaimed refund of $1,840. Submit your tax identification form at http://irs-tax-refunds-gov.biz"
ham,"Dear Dr. Miller, Your library books are due back in 3 days. Renew online if you need more time. Warmly, Ava"
ham,"Dear Dr. Miller, Can you send me the latest version of the spreadsheet when you get a chance? Warmly, Lucas"
ham,"Hi Alex, Please review the attached contract draft and let me know if you have any changes. Thanks, Olivia"
ham,"Hi Alex, Please review the attached contract draft and let me know if you have any changes. Best regards, Emma"
ham,"Hi team, please find attached the meeting notes and action items from today's sprint planning session."
ham,"Good afternoon Rachel, Here is the updated project roadmap following our team discussion yesterday. Have a great day, Noah"
ham,"Hi everyone, Here is the updated project roadmap following our team discussion yesterday. Cheers, Noah"
ham,"Hello Team, Your library books are due back in 3 days. Renew online if you need more time. Sincerely, Olivia"
ham,"Good afternoon Rachel, The deployment to staging completed without any errors. Ready for QA testing. Best regards, Mia"
ham,"Good morning David, Please review the attached contract draft and let me know if you have any changes. Warmly, Mia"
ham,"Hi Alex, Here is the updated project roadmap following our team discussion yesterday. Cheers, Olivia"
spam,You're a winner! Refinance your mortgage today and save hundreds every month. No closing costs! Download your prize confirmation certificate at http://rewards-winner.net
ham,"Hey buddy, The deployment to staging completed without any errors. Ready for QA testing. Have a great day, Noah"
ham,"Hi Alex, Please review the attached contract draft and let me know if you have any changes. Best regards, Olivia"
ham,"Hello Team, Can you send me the latest version of the spreadsheet when you get a chance? Sincerely, Daniel"
spam,Exclusive Invitation: Double your cryptocurrency investments in just 48 hours with our automated Bitcoin trading bot! Join VIP club now.
spam,"Instant Cash Award: Urgent: Unrecognized login detected from Moscow, Russia. Secure your account now. Reply with your full name, phone number, and mailing address to claim."
ham,"Hey buddy, The conference room for tomorrow's client presentation has been reserved. Thanks, Daniel"
spam,"Dear customer, your parcel delivery is on hold due to unpaid customs fee of $2.99. Pay immediately to avoid return to sender: http://parcel-tracking-fees.com"
spam,"EXCLUSIVE PROMOTION: Your online banking password expires in 24 hours. Log in now to keep your account active. Hurry, offer expires in 6 hours! Act now."
ham,"Hi Alex, Here is the updated project roadmap following our team discussion yesterday. Have a great day, Daniel"
ham,Reminder: The weekly engineering team standup will start in 15 minutes in Conference Room B and on Zoom.
spam,"Account Notification: You won a brand new iPhone 15 Pro! Confirm your shipping address to receive delivery. Hurry, offer expires in 6 hours! Act now."
ham,"Hi Alex, The conference room for tomorrow's client presentation has been reserved. Cheers, Liam"
ham,"Hello Team, Please review the attached contract draft and let me know if you have any changes. Cheers, Emma"
ham,"Hi everyone, Let me know if 3:00 PM works for a quick 15-minute sync on the marketing campaign. Sincerely, Olivia"
ham,"Hi everyone, The conference room for tomorrow's client presentation has been reserved. Best regards, Sophia"
spam,"CONGRATULATIONS! Save 75% on health supplements, vitamins and male enhancement pills with free shipping. Download your prize confirmation certificate at http://rewards-winner.net"
ham,Your ride with Uber has completed. Total charged: $14.25. View your trip receipt in the app.
ham,"Hey Sarah, Please submit your travel expense reports by the end of the month for reimbursement. Warmly, Lucas"
ham,"Dear Customer, Let me know if 3:00 PM works for a quick 15-minute sync on the marketing campaign. Have a great day, Noah"
ham,"Hi Alex, Please submit your travel expense reports by the end of the month for reimbursement. Cheers, Liam"
ham,"Good afternoon Rachel, Please submit your travel expense reports by the end of the month for reimbursement. Talk soon, James"
ham,"Hey Mark, happy birthday! Hope you have a fantastic day celebrating with family and friends."
spam,WINNER!! As a valued customer you have been chosen to win a £900 prize reward! To claim call 09061701461. Claim code KL341. Valid 12 hours only.
ham,"Good morning Sarah, could you please review the attached slide deck before our client presentation at 2 PM?"
ham,"Dear Dr. Miller, Attached is the agenda for our upcoming quarterly business review. Sincerely, Sophia"
ham,"Dear patient, this is a friendly reminder of your upcoming dental appointment scheduled for Thursday at 10:00 AM."
spam,"You're a winner! You have 1 pending Bitcoin payment of 0.35 BTC waiting in your crypto wallet. Hurry, offer expires in 6 hours! Act now."
spam,"Flash Sale! 90% off Designer Watches, Rolex, Omega, Gucci! Limited time clearance stock. Shop now at http://luxury-outlet-deals.shop"
spam,"You're a winner! Urgent: Unrecognized login detected from Moscow, Russia. Secure your account now. Text WIN to 78900 to enter now. Standard rates apply."
spam,URGENT: Your account has been temporarily locked due to suspicious login attempts. Verify your details immediately at http://security-bank-auth.com to restore access.
spam,Instant Cash Award: Your Apple ID has been locked for security reasons. Click here to verify your identity. Call toll-free 1-800-555-9122 now to claim before midnight.
spam,"URGENT ALERT: You have been pre-selected for a $25,000 unsecured personal loan at low interest rate. Hurry, offer expires in 6 hours! Act now."
ham,"Good afternoon Rachel, Please submit your travel expense reports by the end of the month for reimbursement. Have a great day, Lucas"
ham,"Hi Robert, Attached is the agenda for our upcoming quarterly business review. Have a great day, Mia"
spam,Final Notice: Your vehicle warranty has expired. Call 1-800-555-0199 immediately to renew coverage before your policy is cancelled.
ham,"Hi everyone, the office will be closed this coming Friday for the national holiday. Have a wonderful long weekend!"
ham,"Good morning David, Can you send me the latest version of the spreadsheet when you get a chance? Talk soon, Mia"
spam,"SECURITY NOTICE: Hot discount deals on electronics, smartphones and laptops. Order now while stock lasts. Download your prize confirmation certificate at http://rewards-winner.net"
ham,"Hey Mark, happy birthday! Hope you have a fantastic day celebrating with family and friends."
ham,"Dear Customer, Please submit your travel expense reports by the end of the month for reimbursement. Sincerely, Olivia"
ham,"Dear Customer, Please review the attached contract draft and let me know if you have any changes. Thanks, Mia"
spam,"URGENT ALERT: You have been pre-selected for a $25,000 unsecured personal loan at low interest rate. Hurry, offer expires in 6 hours! Act now."
ham,"Dear Dr. Miller, Let me know if 3:00 PM works for a quick 15-minute sync on the marketing campaign. Cheers, Liam"
ham,"Dear Customer, Here is the updated project roadmap following our team discussion yesterday. Cheers, Mia"
ham,"Hi Robert, Thanks for the coffee catchup earlier! Let's follow up next week regarding the design. Talk soon, Daniel"
spam,WINNER!! As a valued customer you have been chosen to win a £900 prize reward! To claim call 09061701461. Claim code KL341. Valid 12 hours only.
ham,"Hey buddy, Thanks for the coffee catchup earlier! Let's follow up next week regarding the design. Warmly, Olivia"
ham,"Dear patient, this is a friendly reminder of your upcoming dental appointment scheduled for Thursday at 10:00 AM."
ham,"Hey buddy, I reviewed your code changes and left a couple of minor comments on GitHub. Cheers, Sophia"
ham,Reminder: The weekly engineering team standup will start in 15 minutes in Conference Room B and on Zoom.
ham,"Good afternoon Rachel, Please submit your travel expense reports by the end of the month for reimbursement. Best regards, Ava"
ham,"Hello Team, Please review the attached contract draft and let me know if you have any changes. Talk soon, Liam"
ham,"Hi everyone, The conference room for tomorrow's client presentation has been reserved. Thanks, Mia"
ham,"Hi Michael, can you please send me the updated contact information for the vendor? We need to finalize the contract."
spam,"You're a winner! Your Apple ID has been locked for security reasons. Click here to verify your identity. Hurry, offer expires in 6 hours! Act now."
spam,"EXCLUSIVE PROMOTION: Refinance your mortgage today and save hundreds every month. No closing costs! Hurry, offer expires in 6 hours! Act now."
spam,Your Netflix subscription has expired. Update your billing credit card details to avoid service termination: http://netflix-account-renewal.com
spam,"ACTION REQUIRED: You have been pre-selected for a $25,000 unsecured personal loan at low interest rate. Call toll-free 1-800-555-9122 now to claim before midnight."
ham,"Good morning David, I reviewed your code changes and left a couple of minor comments on GitHub. Cheers, Mia"
ham,"Hello Team, Please review the attached contract draft and let me know if you have any changes. Sincerely, Olivia"
ham,"Dear Customer, Your library books are due back in 3 days. Renew online if you need more time. Sincerely, Olivia"
spam,"EXCLUSIVE PROMOTION: You have 1 pending Bitcoin payment of 0.35 BTC waiting in your crypto wallet. Reply with your full name, phone number, and mailing address to claim."
spam,ACTION REQUIRED: You have 1 pending Bitcoin payment of 0.35 BTC waiting in your crypto wallet. Text WIN to 78900 to enter now. Standard rates apply.
ham,"Hey Sarah, Let me know if 3:00 PM works for a quick 15-minute sync on the marketing campaign. Talk soon, Sophia"
ham,"Good afternoon Rachel, Your library books are due back in 3 days. Renew online if you need more time. Sincerely, Liam"
ham,"Hey Sarah, I reviewed your code changes and left a couple of minor comments on GitHub. Thanks, Lucas"
ham,"Hey Dave, do you have a few minutes this afternoon to help me debug the backend authentication issue?"
ham,"Hi everyone, Can you send me the latest version of the spreadsheet when you get a chance? Have a great day, Noah"
ham,"Dear Dr. Miller, I reviewed your code changes and left a couple of minor comments on GitHub. Warmly, Emma"
spam,Limited Time Offer: You won a brand new iPhone 15 Pro! Confirm your shipping address to receive delivery. Visit http://secure-portal-update.org to update your credentials immediately.
spam,Final Notice: Your vehicle warranty has expired. Call 1-800-555-0199 immediately to renew coverage before your policy is cancelled.
ham,"Hey Sarah, Can you send me the latest version of the spreadsheet when you get a chance? Talk soon, Olivia"
spam,"FINAL NOTICE: Hot discount deals on electronics, smartphones and laptops. Order now while stock lasts. Text WIN to 78900 to enter now. Standard rates apply."
ham,Reminder: The weekly engineering team standup will start in 15 minutes in Conference Room B and on Zoom.
ham,"Hi John, hope you are having a productive week. Just following up on the quarterly budget report we discussed on Monday."
ham,"Dear Dr. Miller, Your library books are due back in 3 days. Renew online if you need more time. Talk soon, Daniel"
ham,"Hi Robert, Thanks for the coffee catchup earlier! Let's follow up next week regarding the design. Have a great day, James"
ham,"Hi everyone, Your library books are due back in 3 days. Renew online if you need more time. Sincerely, Olivia"
ham,"Thank you for attending our product demo yesterday. As requested, here is the recording link and technical whitepaper."
ham,"Hi Alex, Thanks for the coffee catchup earlier! Let's follow up next week regarding the design. Warmly, Emma"
ham,"Good morning David, Thanks for the coffee catchup earlier! Let's follow up next week regarding the design. Sincerely, Ava"
ham,"Hi Robert, I will be out of the office next Tuesday for a doctor appointment. Best regards, Ava"
ham,"Good afternoon Rachel, The deployment to staging completed without any errors. Ready for QA testing. Warmly, Daniel"
ham,"Hi Alex, Can you send me the latest version of the spreadsheet when you get a chance? Have a great day, Liam"
ham,"Good afternoon Rachel, I reviewed your code changes and left a couple of minor comments on GitHub. Sincerely, Sophia"
ham,"Dear Customer, The deployment to staging completed without any errors. Ready for QA testing. Warmly, Liam"
ham,"Hi Alex, Thanks for the coffee catchup earlier! Let's follow up next week regarding the design. Thanks, Olivia"
spam,SECURITY NOTICE: Your online banking password expires in 24 hours. Log in now to keep your account active. Call toll-free 1-800-555-9122 now to claim before midnight.
ham,Please find attached your monthly bank statement for the period ending March 31st. Thank you for banking with us.
ham,"Hi Michael, can you please send me the updated contact information for the vendor? We need to finalize the contract."
ham,"Hey Sarah, The conference room for tomorrow's client presentation has been reserved. Talk soon, James"
ham,"Hey Sarah, Attached is the agenda for our upcoming quarterly business review. Talk soon, Liam"
ham,"Hey buddy, Can you send me the latest version of the spreadsheet when you get a chance? Best regards, Mia"
ham,"Hello Team, Attached is the agenda for our upcoming quarterly business review. Sincerely, Liam"
spam,"Flash Sale! 90% off Designer Watches, Rolex, Omega, Gucci! Limited time clearance stock. Shop now at http://luxury-outlet-deals.shop"
spam,Exclusive Invitation: Double your cryptocurrency investments in just 48 hours with our automated Bitcoin trading bot! Join VIP club now.
ham,"Hello Team, Attached is the agenda for our upcoming quarterly business review. Best regards, Mia"
ham,"Good afternoon Rachel, I reviewed your code changes and left a couple of minor comments on GitHub. Thanks, Lucas"
ham,"Hi Robert, Can you send me the latest version of the spreadsheet when you get a chance? Best regards, Mia"
spam,URGENT: Your account has been temporarily locked due to suspicious login attempts. Verify your details immediately at http://security-bank-auth.com to restore access.
ham,"Dear Dr. Miller, Your library books are due back in 3 days. Renew online if you need more time. Sincerely, Noah"
ham,"Hi Robert, Can you send me the latest version of the spreadsheet when you get a chance? Warmly, Daniel"
ham,"Dear Dr. Miller, I reviewed your code changes and left a couple of minor comments on GitHub. Warmly, Noah"
spam,"SECURITY NOTICE: Urgent: Unrecognized login detected from Moscow, Russia. Secure your account now. Hurry, offer expires in 6 hours! Act now."
ham,"Hi Alex, Your library books are due back in 3 days. Renew online if you need more time. Sincerely, Sophia"
ham,"Good morning David, Attached is the agenda for our upcoming quarterly business review. Have a great day, Mia"
ham,"Dear Dr. Miller, The deployment to staging completed without any errors. Ready for QA testing. Have a great day, Olivia"
spam,"ACTION REQUIRED: Refinance your mortgage today and save hundreds every month. No closing costs! Hurry, offer expires in 6 hours! Act now."
spam,"URGENT ALERT: Hot discount deals on electronics, smartphones and laptops. Order now while stock lasts. Text WIN to 78900 to enter now. Standard rates apply."
ham,"Dear Dr. Miller, Attached is the agenda for our upcoming quarterly business review. Thanks, James"
ham,"Good morning David, The conference room for tomorrow's client presentation has been reserved. Cheers, Emma"
ham,"Good afternoon Rachel, Please review the attached contract draft and let me know if you have any changes. Have a great day, Noah"
spam,Your Netflix subscription has expired. Update your billing credit card details to avoid service termination: http://netflix-account-renewal.com
ham,"Good morning David, Thanks for the coffee catchup earlier! Let's follow up next week regarding the design. Have a great day, Daniel"
ham,"Hi Alex, The deployment to staging completed without any errors. Ready for QA testing. Sincerely, Lucas"
spam,"Work from home and earn $500 to $1,500 daily with no experience required! Flexible hours. Start immediately by clicking here."
ham,"Good morning David, I reviewed your code changes and left a couple of minor comments on GitHub. Talk soon, James"
ham,"Good morning Sarah, could you please review the attached slide deck before our client presentation at 2 PM?"
spam,"Instant Cash Award: Hot discount deals on electronics, smartphones and laptops. Order now while stock lasts. Call toll-free 1-800-555-9122 now to claim before midnight."
ham,"Good morning David, The deployment to staging completed without any errors. Ready for QA testing. Have a great day, James"
spam,"Special Offer: Buy Viagra, Cialis and generic medication online without prescription. Fast discreet worldwide shipping. 80% discount."
ham,"Dear patient, this is a friendly reminder of your upcoming dental appointment scheduled for Thursday at 10:00 AM."
ham,"Dear Customer, Thanks for the coffee catchup earlier! Let's follow up next week regarding the design. Warmly, James"
ham,"Dear Customer, Can you send me the latest version of the spreadsheet when you get a chance? Best regards, Liam"
ham,Your ride with Uber has completed. Total charged: $14.25. View your trip receipt in the app.
spam,"Work from home and earn $500 to $1,500 daily with no experience required! Flexible hours. Start immediately by clicking here."
spam,"Ref: 4920492. You have won a guaranteed cash prize of $5,000 or a trip to Bahamas! Call 09050000301 to claim today."
ham,"Good morning David, Please review the attached contract draft and let me know if you have any changes. Have a great day, James"
ham,"Hi Robert, Here is the updated project roadmap following our team discussion yesterday. Cheers, Ava"
spam,URGENT: Your account has been temporarily locked due to suspicious login attempts. Verify your details immediately at http://security-bank-auth.com to restore access.
ham,"Dear Customer, Thanks for the coffee catchup earlier! Let's follow up next week regarding the design. Have a great day, Ava"
spam,"Special Offer: Buy Viagra, Cialis and generic medication online without prescription. Fast discreet worldwide shipping. 80% discount."
ham,"Good morning David, Can you send me the latest version of the spreadsheet when you get a chance? Warmly, Noah"
spam,"Dear Winner, You have inherited $8.5 Million USD from a deceased relative. Reply with your passport and bank info to start transfer process."
ham,"Hi everyone, Thanks for the coffee catchup earlier! Let's follow up next week regarding the design. Thanks, Olivia"
ham,"Hi everyone, Please submit your travel expense reports by the end of the month for reimbursement. Best regards, Ava"
ham,Thanks for sending over the invoice. I have forwarded it to our accounts department for processing.
spam,"URGENT ALERT: Hot discount deals on electronics, smartphones and laptops. Order now while stock lasts. Call toll-free 1-800-555-9122 now to claim before midnight."
spam,"ACTION REQUIRED: Urgent: Unrecognized login detected from Moscow, Russia. Secure your account now. Call toll-free 1-800-555-9122 now to claim before midnight."
ham,"Hi team, just a quick reminder to submit your timesheets by 5 PM today for payroll processing."
ham,"Good morning David, Your library books are due back in 3 days. Renew online if you need more time. Cheers, Lucas"
ham,"Good morning David, I reviewed your code changes and left a couple of minor comments on GitHub. Cheers, Emma"
spam,"EXCLUSIVE PROMOTION: Save 75% on health supplements, vitamins and male enhancement pills with free shipping. Hurry, offer expires in 6 hours! Act now."
ham,"Good afternoon Rachel, Can you send me the latest version of the spreadsheet when you get a chance? Thanks, Emma"
spam,"Flash Sale! 90% off Designer Watches, Rolex, Omega, Gucci! Limited time clearance stock. Shop now at http://luxury-outlet-deals.shop"
spam,HOT SINGLE WOMEN in your area are looking to chat tonight! Click to view verified private profiles: http://meet-singles-now.top
ham,"Good morning David, Thanks for the coffee catchup earlier! Let's follow up next week regarding the design. Thanks, Lucas"
ham,"Hi John, hope you are having a productive week. Just following up on the quarterly budget report we discussed on Monday."
ham,"Hey buddy, Thanks for the coffee catchup earlier! Let's follow up next week regarding the design. Have a great day, Ava"
spam,"EXCLUSIVE PROMOTION: Save 75% on health supplements, vitamins and male enhancement pills with free shipping. Reply with your full name, phone number, and mailing address to claim."
ham,Please find attached your monthly bank statement for the period ending March 31st. Thank you for banking with us.
ham,The pull request for the email validation bug fix has been reviewed and merged into the main branch.
ham,"Dear Customer, Your library books are due back in 3 days. Renew online if you need more time. Sincerely, Olivia"
ham,"Good afternoon Rachel, The deployment to staging completed without any errors. Ready for QA testing. Warmly, Olivia"
ham,"Hello Team, Here is the updated project roadmap following our team discussion yesterday. Talk soon, Noah"
spam,"Urgent Alert: Suspicious transaction of $899.00 detected on your Amazon account. If this was not you, call fraud prevention immediately at 1-888-234-5678."
ham,"Hey Sarah, The conference room for tomorrow's client presentation has been reserved. Thanks, Liam"
ham,"Dear Dr. Miller, Let me know if 3:00 PM works for a quick 15-minute sync on the marketing campaign. Warmly, Liam"
ham,"Hi everyone, I reviewed your code changes and left a couple of minor comments on GitHub. Thanks, Mia"
ham,"Dear Customer, Please submit your travel expense reports by the end of the month for reimbursement. Cheers, Olivia"
ham,"Hi team, just a quick reminder to submit your timesheets by 5 PM today for payroll processing."
ham,"Hi everyone, Please submit your travel expense reports by the end of the month for reimbursement. Sincerely, Lucas"
ham,"Hi Alex, I reviewed your code changes and left a couple of minor comments on GitHub. Best regards, Lucas"
ham,"Hey buddy, The conference room for tomorrow's client presentation has been reserved. Thanks, Daniel"
ham,Your ride with Uber has completed. Total charged: $14.25. View your trip receipt in the app.
ham,"Hi Robert, I will be out of the office next Tuesday for a doctor appointment. Thanks, Daniel"
ham,"Dear Dr. Miller, Please review the attached contract draft and let me know if you have any changes. Cheers, Mia"
ham,"Good afternoon Rachel, I will be out of the office next Tuesday for a doctor appointment. Talk soon, Lucas"
ham,"Dear Dr. Miller, Can you send me the latest version of the spreadsheet when you get a chance? Cheers, Mia"
ham,"Dear Customer, The conference room for tomorrow's client presentation has been reserved. Sincerely, Olivia"
spam,"Work from home and earn $500 to $1,500 daily with no experience required! Flexible hours. Start immediately by clicking here."
ham,"Dear student, your assignment submission for CS 101 has been received and graded. Check the student portal for feedback."
spam,"Urgent Alert: Suspicious transaction of $899.00 detected on your Amazon account. If this was not you, call fraud prevention immediately at 1-888-234-5678."
ham,"Good morning David, Your library books are due back in 3 days. Renew online if you need more time. Best regards, James"
ham,"Dear student, your assignment submission for CS 101 has been received and graded. Check the student portal for feedback."
spam,"Flash Sale! 90% off Designer Watches, Rolex, Omega, Gucci! Limited time clearance stock. Shop now at http://luxury-outlet-deals.shop"
spam,"SECURITY NOTICE: Save 75% on health supplements, vitamins and male enhancement pills with free shipping. Click here immediately: http://promo-reward-portal.com"
ham,"Good afternoon Rachel, The deployment to staging completed without any errors. Ready for QA testing. Best regards, Daniel"
spam,EXCLUSIVE PROMOTION: Refinance your mortgage today and save hundreds every month. No closing costs! Visit http://secure-portal-update.org to update your credentials immediately.
spam,"You're a winner! Claim your $500 gift card today by completing this 2-minute survey. Reply with your full name, phone number, and mailing address to claim."
spam,"Account Notification: Hot discount deals on electronics, smartphones and laptops. Order now while stock lasts. Download your prize confirmation certificate at http://rewards-winner.net"
ham,"Hey Sarah, Let me know if 3:00 PM works for a quick 15-minute sync on the marketing campaign. Best regards, Sophia"
ham,"Hi Robert, I will be out of the office next Tuesday for a doctor appointment. Warmly, Ava"
ham,"Hi Robert, The deployment to staging completed without any errors. Ready for QA testing. Warmly, Emma"
ham,"Good morning David, Thanks for the coffee catchup earlier! Let's follow up next week regarding the design. Sincerely, Ava"
ham,"Hi Alex, Your library books are due back in 3 days. Renew online if you need more time. Cheers, Ava"
ham,"Good afternoon Rachel, Let me know if 3:00 PM works for a quick 15-minute sync on the marketing campaign. Cheers, Mia"
ham,"Hey Mark, happy birthday! Hope you have a fantastic day celebrating with family and friends."
spam,URGENT: Your account has been temporarily locked due to suspicious login attempts. Verify your details immediately at http://security-bank-auth.com to restore access.
ham,"Dear Dr. Miller, Please review the attached contract draft and let me know if you have any changes. Warmly, Mia"
ham,"Hey Sarah, Here is the updated project roadmap following our team discussion yesterday. Warmly, Liam"
spam,URGENT: Your account has been temporarily locked due to suspicious login attempts. Verify your details immediately at http://security-bank-auth.com to restore access.
spam,"FINAL NOTICE: Earn up to $3,000 every week working just 2 hours a day from your phone or laptop. Hurry, offer expires in 6 hours! Act now."
ham,"Hey buddy, The deployment to staging completed without any errors. Ready for QA testing. Thanks, Sophia"
ham,Thanks for sending over the invoice. I have forwarded it to our accounts department for processing.
ham,"Dear Customer, Can you send me the latest version of the spreadsheet when you get a chance? Warmly, Sophia"
spam,"SECURITY NOTICE: Your Apple ID has been locked for security reasons. Click here to verify your identity. Reply with your full name, phone number, and mailing address to claim."
ham,Hey! Are we still on for lunch tomorrow around 12:30? Let me know which restaurant you prefer.
ham,"Thank you for attending our product demo yesterday. As requested, here is the recording link and technical whitepaper."
spam,"Limited Time Offer: Get 10,000 Instagram followers and TikTok likes instantly for only $9.99. Visit http://secure-portal-update.org to update your credentials immediately."
spam,"You're a winner! Earn up to $3,000 every week working just 2 hours a day from your phone or laptop. Click here immediately: http://promo-reward-portal.com"
ham,"Good morning David, Please submit your travel expense reports by the end of the month for reimbursement. Best regards, Ava"
ham,"Hi everyone, the office will be closed this coming Friday for the national holiday. Have a wonderful long weekend!"
spam,"EXCLUSIVE PROMOTION: Hot discount deals on electronics, smartphones and laptops. Order now while stock lasts. Click here immediately: http://promo-reward-portal.com"
ham,"Hello Team, Your library books are due back in 3 days. Renew online if you need more time. Talk soon, Ava"
ham,The server maintenance has been successfully completed. All systems and database instances are fully operational.
ham,"Good morning David, Please submit your travel expense reports by the end of the month for reimbursement. Talk soon, Lucas"
spam,"Ref: 4920492. You have won a guaranteed cash prize of $5,000 or a trip to Bahamas! Call 09050000301 to claim today."
ham,Thanks for sending over the invoice. I have forwarded it to our accounts department for processing.
ham,"Hey Sarah, I will be out of the office next Tuesday for a doctor appointment. Best regards, Lucas"
spam,"Congratulations! You have been selected to receive a $1,000 Walmart Gift Card! Click here to claim your prize now: http://claim-gift-now.com"
ham,"Dear Customer, Attached is the agenda for our upcoming quarterly business review. Have a great day, Emma"
spam,HOT SINGLE WOMEN in your area are looking to chat tonight! Click to view verified private profiles: http://meet-singles-now.top
spam,"FINAL NOTICE: Earn up to $3,000 every week working just 2 hours a day from your phone or laptop. Reply with your full name, phone number, and mailing address to claim."
ham,"Dear Customer, Attached is the agenda for our upcoming quarterly business review. Warmly, Emma"
ham,"Thank you for attending our product demo yesterday. As requested, here is the recording link and technical whitepaper."
spam,"ACTION REQUIRED: Save 75% on health supplements, vitamins and male enhancement pills with free shipping. Click here immediately: http://promo-reward-portal.com"
spam,Guaranteed Weight Loss! Drop 20 pounds in 2 weeks without diet or exercise. 100% natural miracle supplement. Order now for 70% off!
ham,"Hi Robert, I will be out of the office next Tuesday for a doctor appointment. Best regards, Emma"
ham,"Dear student, your assignment submission for CS 101 has been received and graded. Check the student portal for feedback."
spam,"Limited Time Offer: Save 75% on health supplements, vitamins and male enhancement pills with free shipping. Click here immediately: http://promo-reward-portal.com"
spam,URGENT ALERT: You have 1 pending Bitcoin payment of 0.35 BTC waiting in your crypto wallet. Call toll-free 1-800-555-9122 now to claim before midnight.
ham,"Hi Alex, Attached is the agenda for our upcoming quarterly business review. Sincerely, Emma"
ham,"Good afternoon Rachel, Please submit your travel expense reports by the end of the month for reimbursement. Cheers, James"
ham,"Hey Sarah, The conference room for tomorrow's client presentation has been reserved. Warmly, Daniel"
spam,"Instant Cash Award: Get 10,000 Instagram followers and TikTok likes instantly for only $9.99. Visit http://secure-portal-update.org to update your credentials immediately."
ham,"Hi Robert, Can you send me the latest version of the spreadsheet when you get a chance? Talk soon, Emma"
spam,Limited Time Offer: You have 1 pending Bitcoin payment of 0.35 BTC waiting in your crypto wallet. Call toll-free 1-800-555-9122 now to claim before midnight.
ham,"Hey buddy, Can you send me the latest version of the spreadsheet when you get a chance? Sincerely, Noah"
spam,Final Notice: Your vehicle warranty has expired. Call 1-800-555-0199 immediately to renew coverage before your policy is cancelled.
ham,"Hi Robert, I reviewed your code changes and left a couple of minor comments on GitHub. Sincerely, Mia"
spam,FINAL NOTICE: Refinance your mortgage today and save hundreds every month. No closing costs! Call toll-free 1-800-555-9122 now to claim before midnight.
ham,"Hey Sarah, Attached is the agenda for our upcoming quarterly business review. Sincerely, Sophia"
spam,"Dear customer, your parcel delivery is on hold due to unpaid customs fee of $2.99. Pay immediately to avoid return to sender: http://parcel-tracking-fees.com"
ham,"Hi everyone, Can you send me the latest version of the spreadsheet when you get a chance? Cheers, Daniel"
ham,"Hi everyone, Here is the updated project roadmap following our team discussion yesterday. Warmly, Lucas"
ham,"Hi Alex, Attached is the agenda for our upcoming quarterly business review. Best regards, Lucas"
ham,"Hey buddy, I reviewed your code changes and left a couple of minor comments on GitHub. Talk soon, James"
spam,"Dear Winner, You have inherited $8.5 Million USD from a deceased relative. Reply with your passport and bank info to start transfer process."
ham,"Hello Team, Thanks for the coffee catchup earlier! Let's follow up next week regarding the design. Warmly, Lucas"
ham,"Good morning David, Attached is the agenda for our upcoming quarterly business review. Cheers, Ava"
spam,"SECURITY NOTICE: Hot discount deals on electronics, smartphones and laptops. Order now while stock lasts. Text WIN to 78900 to enter now. Standard rates apply."
ham,"Hey buddy, I reviewed your code changes and left a couple of minor comments on GitHub. Warmly, Ava"
spam,Warning: Your mailbox is 99% full. You will not be able to receive incoming emails. Click here to upgrade mailbox storage for free.
ham,"Hi everyone, The conference room for tomorrow's client presentation has been reserved. Warmly, Emma"
ham,"Hi everyone, Thanks for the coffee catchup earlier! Let's follow up next week regarding the design. Have a great day, Ava"
spam,"EXCLUSIVE PROMOTION: Hot discount deals on electronics, smartphones and laptops. Order now while stock lasts. Call toll-free 1-800-555-9122 now to claim before midnight."
spam,"Dear customer, your parcel delivery is on hold due to unpaid customs fee of $2.99. Pay immediately to avoid return to sender: http://parcel-tracking-fees.com"
spam,"Work from home and earn $500 to $1,500 daily with no experience required! Flexible hours. Start immediately by clicking here."
spam,Guaranteed Weight Loss! Drop 20 pounds in 2 weeks without diet or exercise. 100% natural miracle supplement. Order now for 70% off!
ham,"Hey buddy, Please submit your travel expense reports by the end of the month for reimbursement. Thanks, James"
ham,"Hey buddy, The deployment to staging completed without any errors. Ready for QA testing. Thanks, Ava"
spam,"You're a winner! Your Apple ID has been locked for security reasons. Click here to verify your identity. Hurry, offer expires in 6 hours! Act now."
ham,"Hey Mark, happy birthday! Hope you have a fantastic day celebrating with family and friends."
ham,"Hey Sarah, The conference room for tomorrow's client presentation has been reserved. Sincerely, Ava"
spam,"Ref: 4920492. You have won a guaranteed cash prize of $5,000 or a trip to Bahamas! Call 09050000301 to claim today."
spam,"Special Offer: Buy Viagra, Cialis and generic medication online without prescription. Fast discreet worldwide shipping. 80% discount."
spam,"SECURITY NOTICE: Earn up to $3,000 every week working just 2 hours a day from your phone or laptop. Hurry, offer expires in 6 hours! Act now."
spam,HOT SINGLE WOMEN in your area are looking to chat tonight! Click to view verified private profiles: http://meet-singles-now.top
ham,"Dear Dr. Miller, Please submit your travel expense reports by the end of the month for reimbursement. Talk soon, Noah"
spam,"Dear customer, your parcel delivery is on hold due to unpaid customs fee of $2.99. Pay immediately to avoid return to sender: http://parcel-tracking-fees.com"
ham,"Dear Customer, Can you send me the latest version of the spreadsheet when you get a chance? Warmly, Olivia"
spam,"EXCLUSIVE PROMOTION: Hot discount deals on electronics, smartphones and laptops. Order now while stock lasts. Call toll-free 1-800-555-9122 now to claim before midnight."
spam,"SECURITY NOTICE: Save 75% on health supplements, vitamins and male enhancement pills with free shipping. Visit http://secure-portal-update.org to update your credentials immediately."
ham,"Hi everyone, Thanks for the coffee catchup earlier! Let's follow up next week regarding the design. Cheers, Lucas"
spam,"Flash Sale! 90% off Designer Watches, Rolex, Omega, Gucci! Limited time clearance stock. Shop now at http://luxury-outlet-deals.shop"
ham,"Hi everyone, Please review the attached contract draft and let me know if you have any changes. Sincerely, Ava"
spam,"Account Notification: Get 10,000 Instagram followers and TikTok likes instantly for only $9.99. Visit http://secure-portal-update.org to update your credentials immediately."
ham,"Good morning David, Attached is the agenda for our upcoming quarterly business review. Have a great day, Emma"
spam,URGENT ALERT: Claim your $500 gift card today by completing this 2-minute survey. Visit http://secure-portal-update.org to update your credentials immediately.
spam,SECURITY NOTICE: Claim your $500 gift card today by completing this 2-minute survey. Download your prize confirmation certificate at http://rewards-winner.net
ham,Your order #48291 has shipped! You can track your package delivery progress directly through the official carrier website.
ham,"Hey Sarah, Can you send me the latest version of the spreadsheet when you get a chance? Talk soon, Daniel"
ham,"Good afternoon Rachel, Please review the attached contract draft and let me know if you have any changes. Sincerely, Emma"
ham,"Hi Robert, Your library books are due back in 3 days. Renew online if you need more time. Talk soon, Mia"
ham,"Good morning David, I reviewed your code changes and left a couple of minor comments on GitHub. Cheers, Noah"
ham,"Hi Mom, I arrived safely at the hotel. The flight was on time and everything went smoothly. Talk to you tomorrow!"
ham,"Hey buddy, The deployment to staging completed without any errors. Ready for QA testing. Sincerely, Olivia"
ham,Your order #48291 has shipped! You can track your package delivery progress directly through the official carrier website.
ham,"Dear Customer, I reviewed your code changes and left a couple of minor comments on GitHub. Sincerely, Mia"
ham,"Dear patient, this is a friendly reminder of your upcoming dental appointment scheduled for Thursday at 10:00 AM."
ham,Please find attached your monthly bank statement for the period ending March 31st. Thank you for banking with us.
ham,"Hey Sarah, Please review the attached contract draft and let me know if you have any changes. Warmly, Liam"
ham,The server maintenance has been successfully completed. All systems and database instances are fully operational.
ham,"Hi Robert, Let me know if 3:00 PM works for a quick 15-minute sync on the marketing campaign. Best regards, Lucas"
spam,"Account Notification: Hot discount deals on electronics, smartphones and laptops. Order now while stock lasts. Text WIN to 78900 to enter now. Standard rates apply."
spam,"Dear Winner, You have inherited $8.5 Million USD from a deceased relative. Reply with your passport and bank info to start transfer process."
spam,You're a winner! Your online banking password expires in 24 hours. Log in now to keep your account active. Click here immediately: http://promo-reward-portal.com
ham,"Dear Dr. Miller, Here is the updated project roadmap following our team discussion yesterday. Sincerely, Liam"
ham,The server maintenance has been successfully completed. All systems and database instances are fully operational.
ham,"Dear Customer, The conference room for tomorrow's client presentation has been reserved. Best regards, Lucas"
spam,FINAL NOTICE: Refinance your mortgage today and save hundreds every month. No closing costs! Call toll-free 1-800-555-9122 now to claim before midnight.
ham,"Dear Dr. Miller, Please review the attached contract draft and let me know if you have any changes. Talk soon, Noah"
ham,"Hi Robert, I reviewed your code changes and left a couple of minor comments on GitHub. Talk soon, Emma"
ham,"Hi Robert, Here is the updated project roadmap following our team discussion yesterday. Talk soon, Emma"
spam,"Work from home and earn $500 to $1,500 daily with no experience required! Flexible hours. Start immediately by clicking here."
ham,Please find attached your monthly bank statement for the period ending March 31st. Thank you for banking with us.
ham,"Hey buddy, Please review the attached contract draft and let me know if you have any changes. Talk soon, Noah"
spam,"Account Notification: Save 75% on health supplements, vitamins and male enhancement pills with free shipping. Text WIN to 78900 to enter now. Standard rates apply."
ham,"Good afternoon Rachel, The conference room for tomorrow's client presentation has been reserved. Thanks, Liam"
ham,Hey! Are we still on for lunch tomorrow around 12:30? Let me know which restaurant you prefer.
ham,"Dear Customer, Here is the updated project roadmap following our team discussion yesterday. Sincerely, Ava"
ham,"Dear Customer, Can you send me the latest version of the spreadsheet when you get a chance? Cheers, James"
spam,"URGENT ALERT: You have been pre-selected for a $25,000 unsecured personal loan at low interest rate. Download your prize confirmation certificate at http://rewards-winner.net"
ham,"Hi Robert, The deployment to staging completed without any errors. Ready for QA testing. Have a great day, Mia"
ham,Please find attached your monthly bank statement for the period ending March 31st. Thank you for banking with us.
spam,"Dear customer, your parcel delivery is on hold due to unpaid customs fee of $2.99. Pay immediately to avoid return to sender: http://parcel-tracking-fees.com"
ham,"Good morning Sarah, could you please review the attached slide deck before our client presentation at 2 PM?"
ham,"Hi Robert, Attached is the agenda for our upcoming quarterly business review. Best regards, Lucas"
ham,Reminder: The weekly engineering team standup will start in 15 minutes in Conference Room B and on Zoom.
ham,"Hi Robert, Please review the attached contract draft and let me know if you have any changes. Cheers, Sophia"
ham,"Hi everyone, Can you send me the latest version of the spreadsheet when you get a chance? Thanks, Mia"
ham,"Good morning Sarah, could you please review the attached slide deck before our client presentation at 2 PM?"
ham,"Hi Alex, The deployment to staging completed without any errors. Ready for QA testing. Have a great day, Mia"
ham,"Hey buddy, I will be out of the office next Tuesday for a doctor appointment. Warmly, Liam"
ham,"Hey buddy, Can you send me the latest version of the spreadsheet when you get a chance? Best regards, Mia"
spam,Instant Cash Award: Your Apple ID has been locked for security reasons. Click here to verify your identity. Visit http://secure-portal-update.org to update your credentials immediately.
ham,"Hi everyone, Here is the updated project roadmap following our team discussion yesterday. Sincerely, Lucas"
spam,"Urgent Alert: Suspicious transaction of $899.00 detected on your Amazon account. If this was not you, call fraud prevention immediately at 1-888-234-5678."
ham,"Dear Dr. Miller, Here is the updated project roadmap following our team discussion yesterday. Cheers, Lucas"
spam,Your Netflix subscription has expired. Update your billing credit card details to avoid service termination: http://netflix-account-renewal.com
ham,"Hi Alex, The deployment to staging completed without any errors. Ready for QA testing. Best regards, Daniel"
ham,"Dear Customer, I reviewed your code changes and left a couple of minor comments on GitHub. Sincerely, Sophia"
spam,"ACTION REQUIRED: Save 75% on health supplements, vitamins and male enhancement pills with free shipping. Download your prize confirmation certificate at http://rewards-winner.net"
ham,"Hello Team, Please review the attached contract draft and let me know if you have any changes. Warmly, Liam"
spam,FREE entry into our £250 weekly competition just text the word WIN to 80086 NOW. 18+ T&Cs apply.
ham,"Dear Dr. Miller, The conference room for tomorrow's client presentation has been reserved. Cheers, Sophia"
spam,ACTION REQUIRED: You have 1 pending Bitcoin payment of 0.35 BTC waiting in your crypto wallet. Visit http://secure-portal-update.org to update your credentials immediately.
ham,"Hi everyone, The deployment to staging completed without any errors. Ready for QA testing. Sincerely, Mia"
ham,"Good afternoon Rachel, I reviewed your code changes and left a couple of minor comments on GitHub. Have a great day, Noah"
ham,"Hi Robert, I will be out of the office next Tuesday for a doctor appointment. Best regards, Noah"
ham,"Hey buddy, I will be out of the office next Tuesday for a doctor appointment. Thanks, Daniel"
spam,"Work from home and earn $500 to $1,500 daily with no experience required! Flexible hours. Start immediately by clicking here."
spam,Your Netflix subscription has expired. Update your billing credit card details to avoid service termination: http://netflix-account-renewal.com
ham,"Hey Sarah, Let me know if 3:00 PM works for a quick 15-minute sync on the marketing campaign. Talk soon, Noah"
spam,"Flash Sale! 90% off Designer Watches, Rolex, Omega, Gucci! Limited time clearance stock. Shop now at http://luxury-outlet-deals.shop"
ham,"Hey buddy, I reviewed your code changes and left a couple of minor comments on GitHub. Have a great day, Liam"
ham,Your ride with Uber has completed. Total charged: $14.25. View your trip receipt in the app.
spam,FINAL NOTICE: Refinance your mortgage today and save hundreds every month. No closing costs! Text WIN to 78900 to enter now. Standard rates apply.
ham,"Hi Alex, Thanks for the coffee catchup earlier! Let's follow up next week regarding the design. Talk soon, Noah"
spam,WINNER!! As a valued customer you have been chosen to win a £900 prize reward! To claim call 09061701461. Claim code KL341. Valid 12 hours only.
ham,"Hi Robert, The conference room for tomorrow's client presentation has been reserved. Best regards, Olivia"
ham,"Hi team, just a quick reminder to submit your timesheets by 5 PM today for payroll processing."
ham,"Good afternoon Rachel, Please submit your travel expense reports by the end of the month for reimbursement. Sincerely, Ava"
spam,"Get pre-approved for an instant cash loan of up to $50,000 with 0% APR for the first 12 months! Apply online today at http://fast-instant-cash.net"
spam,"You have received 1 new pending wire transfer of $4,500.00. Click here to confirm transaction details and accept funds."
spam,Final Notice: Your vehicle warranty has expired. Call 1-800-555-0199 immediately to renew coverage before your policy is cancelled.
ham,"Hello Team, Please review the attached contract draft and let me know if you have any changes. Thanks, Sophia"
spam,"Get pre-approved for an instant cash loan of up to $50,000 with 0% APR for the first 12 months! Apply online today at http://fast-instant-cash.net"
ham,"Hi team, just a quick reminder to submit your timesheets by 5 PM today for payroll processing."
ham,"Hey Sarah, Your library books are due back in 3 days. Renew online if you need more time. Have a great day, Emma"
spam,EXCLUSIVE PROMOTION: Claim your $500 gift card today by completing this 2-minute survey. Click here immediately: http://promo-reward-portal.com
ham,"Good morning David, I will be out of the office next Tuesday for a doctor appointment. Sincerely, Lucas"
ham,"Dear Customer, Thanks for the coffee catchup earlier! Let's follow up next week regarding the design. Thanks, Emma"
ham,"Dear Customer, Please submit your travel expense reports by the end of the month for reimbursement. Sincerely, Sophia"
spam,"Instant Cash Award: Your online banking password expires in 24 hours. Log in now to keep your account active. Hurry, offer expires in 6 hours! Act now."
spam,URGENT ALERT: Refinance your mortgage today and save hundreds every month. No closing costs! Download your prize confirmation certificate at http://rewards-winner.net
spam,"Limited Time Offer: Urgent: Unrecognized login detected from Moscow, Russia. Secure your account now. Call toll-free 1-800-555-9122 now to claim before midnight."
ham,The pull request for the email validation bug fix has been reviewed and merged into the main branch.
spam,"ACTION REQUIRED: Your Apple ID has been locked for security reasons. Click here to verify your identity. Reply with your full name, phone number, and mailing address to claim."
ham,"Dear Customer, Can you send me the latest version of the spreadsheet when you get a chance? Sincerely, Ava"
ham,"Good afternoon Rachel, Attached is the agenda for our upcoming quarterly business review. Cheers, Sophia"
ham,"Hi Alex, Let me know if 3:00 PM works for a quick 15-minute sync on the marketing campaign. Sincerely, Mia"
ham,"Hello Team, I will be out of the office next Tuesday for a doctor appointment. Thanks, Olivia"
ham,"Dear Customer, Please review the attached contract draft and let me know if you have any changes. Best regards, Ava"
ham,Your ride with Uber has completed. Total charged: $14.25. View your trip receipt in the app.
spam,"ACTION REQUIRED: Claim your $500 gift card today by completing this 2-minute survey. Reply with your full name, phone number, and mailing address to claim."
spam,"Get pre-approved for an instant cash loan of up to $50,000 with 0% APR for the first 12 months! Apply online today at http://fast-instant-cash.net"
ham,"Hi everyone, Attached is the agenda for our upcoming quarterly business review. Thanks, Noah"
spam,"Account Notification: Hot discount deals on electronics, smartphones and laptops. Order now while stock lasts. Call toll-free 1-800-555-9122 now to claim before midnight."
spam,URGENT: Your account has been temporarily locked due to suspicious login attempts. Verify your details immediately at http://security-bank-auth.com to restore access.
ham,"Hi everyone, The deployment to staging completed without any errors. Ready for QA testing. Have a great day, Emma"
ham,"Hello Team, Thanks for the coffee catchup earlier! Let's follow up next week regarding the design. Warmly, James"
spam,"CONGRATULATIONS! Urgent: Unrecognized login detected from Moscow, Russia. Secure your account now. Reply with your full name, phone number, and mailing address to claim."
ham,"Dear patient, this is a friendly reminder of your upcoming dental appointment scheduled for Thursday at 10:00 AM."
ham,"Dear Customer, Attached is the agenda for our upcoming quarterly business review. Have a great day, Emma"
ham,"Hello Team, Please review the attached contract draft and let me know if you have any changes. Thanks, Daniel"
spam,Account Notification: You won a brand new iPhone 15 Pro! Confirm your shipping address to receive delivery. Visit http://secure-portal-update.org to update your credentials immediately.
ham,"Dear Dr. Miller, Please submit your travel expense reports by the end of the month for reimbursement. Sincerely, Daniel"
ham,"Hey Sarah, Attached is the agenda for our upcoming quarterly business review. Have a great day, Daniel"
spam,Account Notification: Claim your $500 gift card today by completing this 2-minute survey. Download your prize confirmation certificate at http://rewards-winner.net
ham,"Hi Michael, can you please send me the updated contact information for the vendor? We need to finalize the contract."
ham,Hey! Are we still on for lunch tomorrow around 12:30? Let me know which restaurant you prefer.
spam,"CONGRATULATIONS! Urgent: Unrecognized login detected from Moscow, Russia. Secure your account now. Visit http://secure-portal-update.org to update your credentials immediately."
ham,"Dear Customer, Thanks for the coffee catchup earlier! Let's follow up next week regarding the design. Best regards, Daniel"
ham,"Dear Customer, Please review the attached contract draft and let me know if you have any changes. Sincerely, Lucas"
ham,Reminder: The weekly engineering team standup will start in 15 minutes in Conference Room B and on Zoom.
spam,"ACTION REQUIRED: Urgent: Unrecognized login detected from Moscow, Russia. Secure your account now. Visit http://secure-portal-update.org to update your credentials immediately."
spam,"Flash Sale! 90% off Designer Watches, Rolex, Omega, Gucci! Limited time clearance stock. Shop now at http://luxury-outlet-deals.shop"
ham,"Good afternoon Rachel, Please submit your travel expense reports by the end of the month for reimbursement. Best regards, Mia"
ham,"Hey buddy, Please review the attached contract draft and let me know if you have any changes. Thanks, Daniel"
ham,"Hi Robert, Your library books are due back in 3 days. Renew online if you need more time. Best regards, James"
ham,"Hey Sarah, Attached is the agenda for our upcoming quarterly business review. Talk soon, Ava"
ham,"Hi everyone, Thanks for the coffee catchup earlier! Let's follow up next week regarding the design. Talk soon, James"
ham,"Dear Customer, The conference room for tomorrow's client presentation has been reserved. Thanks, Mia"
spam,Exclusive Invitation: Double your cryptocurrency investments in just 48 hours with our automated Bitcoin trading bot! Join VIP club now.
spam,"CONGRATULATIONS! Save 75% on health supplements, vitamins and male enhancement pills with free shipping. Visit http://secure-portal-update.org to update your credentials immediately."
ham,"Hi Alex, Please review the attached contract draft and let me know if you have any changes. Have a great day, Lucas"
ham,"Good afternoon Rachel, Your library books are due back in 3 days. Renew online if you need more time. Have a great day, Emma"
ham,Reminder: The weekly engineering team standup will start in 15 minutes in Conference Room B and on Zoom.
ham,"Hi Robert, The deployment to staging completed without any errors. Ready for QA testing. Warmly, Emma"
spam,Final Notice: Your vehicle warranty has expired. Call 1-800-555-0199 immediately to renew coverage before your policy is cancelled.
ham,"Dear Dr. Miller, Please review the attached contract draft and let me know if you have any changes. Best regards, Emma"
ham,"Dear Customer, Attached is the agenda for our upcoming quarterly business review. Best regards, Lucas"
ham,"Hi Robert, Here is the updated project roadmap following our team discussion yesterday. Cheers, James"
ham,"Hey Dave, do you have a few minutes this afternoon to help me debug the backend authentication issue?"
ham,"Good afternoon Rachel, Attached is the agenda for our upcoming quarterly business review. Best regards, Daniel"
ham,"Hi everyone, Please review the attached contract draft and let me know if you have any changes. Talk soon, Mia"
ham,"Hi Robert, I reviewed your code changes and left a couple of minor comments on GitHub. Talk soon, Mia"
ham,"Hey Sarah, I reviewed your code changes and left a couple of minor comments on GitHub. Have a great day, Noah"
ham,"Good morning David, I will be out of the office next Tuesday for a doctor appointment. Sincerely, James"
spam,Guaranteed Weight Loss! Drop 20 pounds in 2 weeks without diet or exercise. 100% natural miracle supplement. Order now for 70% off!
spam,"EXCLUSIVE PROMOTION: Claim your $500 gift card today by completing this 2-minute survey. Hurry, offer expires in 6 hours! Act now."
spam,URGENT: Your account has been temporarily locked due to suspicious login attempts. Verify your details immediately at http://security-bank-auth.com to restore access.
spam,"EXCLUSIVE PROMOTION: Save 75% on health supplements, vitamins and male enhancement pills with free shipping. Text WIN to 78900 to enter now. Standard rates apply."
spam,"You have received 1 new pending wire transfer of $4,500.00. Click here to confirm transaction details and accept funds."
spam,Account Notification: Your online banking password expires in 24 hours. Log in now to keep your account active. Call toll-free 1-800-555-9122 now to claim before midnight.
ham,"Hi Robert, The deployment to staging completed without any errors. Ready for QA testing. Thanks, James"
ham,"Hi everyone, Thanks for the coffee catchup earlier! Let's follow up next week regarding the design. Have a great day, Emma"
spam,Final Notice: Your vehicle warranty has expired. Call 1-800-555-0199 immediately to renew coverage before your policy is cancelled.
ham,"Good afternoon Rachel, The deployment to staging completed without any errors. Ready for QA testing. Best regards, Liam"
ham,"Dear Customer, Attached is the agenda for our upcoming quarterly business review. Sincerely, Emma"
spam,"Account Notification: Save 75% on health supplements, vitamins and male enhancement pills with free shipping. Text WIN to 78900 to enter now. Standard rates apply."
ham,The server maintenance has been successfully completed. All systems and database instances are fully operational.
ham,"Hi Robert, Can you send me the latest version of the spreadsheet when you get a chance? Warmly, Noah"
ham,"Hi everyone, I reviewed your code changes and left a couple of minor comments on GitHub. Warmly, Mia"
spam,Guaranteed Weight Loss! Drop 20 pounds in 2 weeks without diet or exercise. 100% natural miracle supplement. Order now for 70% off!
ham,"Good afternoon Rachel, Please review the attached contract draft and let me know if you have any changes. Sincerely, Ava"
ham,"Hey Mark, happy birthday! Hope you have a fantastic day celebrating with family and friends."
ham,"Hi everyone, Can you send me the latest version of the spreadsheet when you get a chance? Thanks, Mia"
ham,"Hi everyone, Please review the attached contract draft and let me know if you have any changes. Warmly, Ava"
ham,"Hi Alex, Please submit your travel expense reports by the end of the month for reimbursement. Best regards, Noah"
ham,"Good morning David, Let me know if 3:00 PM works for a quick 15-minute sync on the marketing campaign. Have a great day, Liam"
ham,"Hi Michael, can you please send me the updated contact information for the vendor? We need to finalize the contract."
ham,"Hi Mom, I arrived safely at the hotel. The flight was on time and everything went smoothly. Talk to you tomorrow!"
ham,"Hi Robert, Attached is the agenda for our upcoming quarterly business review. Thanks, Liam"
ham,"Hi Alex, Please review the attached contract draft and let me know if you have any changes. Sincerely, Emma"
ham,"Hi Robert, The deployment to staging completed without any errors. Ready for QA testing. Thanks, Olivia"
ham,"Good afternoon Rachel, Please submit your travel expense reports by the end of the month for reimbursement. Talk soon, Sophia"
ham,"Good afternoon Rachel, Let me know if 3:00 PM works for a quick 15-minute sync on the marketing campaign. Have a great day, Liam"
ham,"Hi Robert, Your library books are due back in 3 days. Renew online if you need more time. Thanks, Olivia"
ham,The server maintenance has been successfully completed. All systems and database instances are fully operational.
ham,"Good morning David, Here is the updated project roadmap following our team discussion yesterday. Best regards, Emma"
ham,"Hello Team, Attached is the agenda for our upcoming quarterly business review. Sincerely, Ava"
ham,"Hello Team, Please review the attached contract draft and let me know if you have any changes. Talk soon, Lucas"
ham,Your order #48291 has shipped! You can track your package delivery progress directly through the official carrier website.
ham,"Hi Alex, The conference room for tomorrow's client presentation has been reserved. Have a great day, Sophia"
ham,"Hi Robert, Your library books are due back in 3 days. Renew online if you need more time. Sincerely, James"
spam,"ACTION REQUIRED: Save 75% on health supplements, vitamins and male enhancement pills with free shipping. Click here immediately: http://promo-reward-portal.com"
ham,"Hi everyone, the office will be closed this coming Friday for the national holiday. Have a wonderful long weekend!"
spam,FINAL NOTICE: You won a brand new iPhone 15 Pro! Confirm your shipping address to receive delivery. Download your prize confirmation certificate at http://rewards-winner.net
ham,"Dear Dr. Miller, I reviewed your code changes and left a couple of minor comments on GitHub. Have a great day, Lucas"
ham,"Hi everyone, Please submit your travel expense reports by the end of the month for reimbursement. Warmly, Noah"
ham,"Hey Mark, happy birthday! Hope you have a fantastic day celebrating with family and friends."
ham,Hey! Are we still on for lunch tomorrow around 12:30? Let me know which restaurant you prefer.
spam,Your Netflix subscription has expired. Update your billing credit card details to avoid service termination: http://netflix-account-renewal.com
spam,"Urgent Alert: Suspicious transaction of $899.00 detected on your Amazon account. If this was not you, call fraud prevention immediately at 1-888-234-5678."
ham,"Good afternoon Rachel, Please submit your travel expense reports by the end of the month for reimbursement. Warmly, Noah"
ham,"Hi Robert, The deployment to staging completed without any errors. Ready for QA testing. Have a great day, Emma"
spam,You're a winner! You have 1 pending Bitcoin payment of 0.35 BTC waiting in your crypto wallet. Click here immediately: http://promo-reward-portal.com
ham,"Hey buddy, Please submit your travel expense reports by the end of the month for reimbursement. Thanks, Lucas"
ham,"Good morning David, The deployment to staging completed without any errors. Ready for QA testing. Cheers, Noah"
ham,"Hey buddy, I reviewed your code changes and left a couple of minor comments on GitHub. Cheers, Sophia"
ham,"Hello Team, I reviewed your code changes and left a couple of minor comments on GitHub. Have a great day, Daniel"
ham,"Good afternoon Rachel, Attached is the agenda for our upcoming quarterly business review. Sincerely, Sophia"
ham,"Hi everyone, Here is the updated project roadmap following our team discussion yesterday. Talk soon, James"
spam,You're a winner! Your online banking password expires in 24 hours. Log in now to keep your account active. Call toll-free 1-800-555-9122 now to claim before midnight.
ham,"Good morning David, Your library books are due back in 3 days. Renew online if you need more time. Have a great day, Noah"
ham,"Hi Alex, Please submit your travel expense reports by the end of the month for reimbursement. Have a great day, Liam"
spam,"Flash Sale! 90% off Designer Watches, Rolex, Omega, Gucci! Limited time clearance stock. Shop now at http://luxury-outlet-deals.shop"
spam,Warning: Your mailbox is 99% full. You will not be able to receive incoming emails. Click here to upgrade mailbox storage for free.
spam,HOT SINGLE WOMEN in your area are looking to chat tonight! Click to view verified private profiles: http://meet-singles-now.top
ham,"Hi everyone, I will be out of the office next Tuesday for a doctor appointment. Have a great day, James"
spam,"You're a winner! Your Apple ID has been locked for security reasons. Click here to verify your identity. Hurry, offer expires in 6 hours! Act now."
spam,WINNER!! As a valued customer you have been chosen to win a £900 prize reward! To claim call 09061701461. Claim code KL341. Valid 12 hours only.
spam,"Congratulations! You have been selected to receive a $1,000 Walmart Gift Card! Click here to claim your prize now: http://claim-gift-now.com"
ham,"Hello Team, Here is the updated project roadmap following our team discussion yesterday. Warmly, Daniel"
ham,"Hey buddy, I will be out of the office next Tuesday for a doctor appointment. Talk soon, Sophia"
ham,"Hi Alex, I reviewed your code changes and left a couple of minor comments on GitHub. Have a great day, Noah"
ham,"Dear Dr. Miller, Let me know if 3:00 PM works for a quick 15-minute sync on the marketing campaign. Warmly, Lucas"
ham,"Dear Customer, I reviewed your code changes and left a couple of minor comments on GitHub. Thanks, Ava"
ham,"Hi Robert, Here is the updated project roadmap following our team discussion yesterday. Best regards, Olivia"
ham,"Hi Alex, I reviewed your code changes and left a couple of minor comments on GitHub. Best regards, Lucas"
ham,"Good morning David, Please submit your travel expense reports by the end of the month for reimbursement. Warmly, Lucas"
ham,"Hi everyone, Your library books are due back in 3 days. Renew online if you need more time. Warmly, Daniel"
spam,ACTION REQUIRED: Your Apple ID has been locked for security reasons. Click here to verify your identity. Call toll-free 1-800-555-9122 now to claim before midnight.
ham,"Hi Alex, Attached is the agenda for our upcoming quarterly business review. Cheers, Noah"
ham,"Hi everyone, Thanks for the coffee catchup earlier! Let's follow up next week regarding the design. Cheers, Ava"
ham,"Good morning David, Can you send me the latest version of the spreadsheet when you get a chance? Sincerely, Noah"
spam,FREE entry into our £250 weekly competition just text the word WIN to 80086 NOW. 18+ T&Cs apply.
ham,"Hi Robert, Your library books are due back in 3 days. Renew online if you need more time. Sincerely, Lucas"
ham,"Dear Dr. Miller, Please submit your travel expense reports by the end of the month for reimbursement. Talk soon, Ava"
ham,"Hi Alex, Thanks for the coffee catchup earlier! Let's follow up next week regarding the design. Best regards, Mia"
ham,"Good morning David, I reviewed your code changes and left a couple of minor comments on GitHub. Thanks, Lucas"
spam,Instant Cash Award: Refinance your mortgage today and save hundreds every month. No closing costs! Click here immediately: http://promo-reward-portal.com
ham,Hey! Are we still on for lunch tomorrow around 12:30? Let me know which restaurant you prefer.
ham,"Good morning David, The deployment to staging completed without any errors. Ready for QA testing. Warmly, Lucas"
ham,"Hi Alex, The deployment to staging completed without any errors. Ready for QA testing. Sincerely, Lucas"
ham,"Dear Customer, Can you send me the latest version of the spreadsheet when you get a chance? Cheers, Mia"
spam,Account Notification: Claim your $500 gift card today by completing this 2-minute survey. Download your prize confirmation certificate at http://rewards-winner.net
ham,"Good afternoon Rachel, Please review the attached contract draft and let me know if you have any changes. Sincerely, Liam"
ham,"Hello Team, Your library books are due back in 3 days. Renew online if you need more time. Warmly, Ava"
spam,You're a winner! Claim your $500 gift card today by completing this 2-minute survey. Click here immediately: http://promo-reward-portal.com
ham,"Hi Robert, Please submit your travel expense reports by the end of the month for reimbursement. Have a great day, Ava"
ham,"Hi Robert, Let me know if 3:00 PM works for a quick 15-minute sync on the marketing campaign. Thanks, Lucas"
ham,"Dear Customer, Thanks for the coffee catchup earlier! Let's follow up next week regarding the design. Best regards, Noah"
ham,"Good afternoon Rachel, I will be out of the office next Tuesday for a doctor appointment. Warmly, Daniel"
ham,"Hi everyone, Please submit your travel expense reports by the end of the month for reimbursement. Talk soon, Mia"
ham,"Dear Customer, Here is the updated project roadmap following our team discussion yesterday. Warmly, Noah"
ham,Reminder: The weekly engineering team standup will start in 15 minutes in Conference Room B and on Zoom.
ham,"Hey Sarah, Here is the updated project roadmap following our team discussion yesterday. Thanks, Noah"
spam,EXCLUSIVE PROMOTION: Claim your $500 gift card today by completing this 2-minute survey. Call toll-free 1-800-555-9122 now to claim before midnight.
spam,Your Netflix subscription has expired. Update your billing credit card details to avoid service termination: http://netflix-account-renewal.com
spam,"Account Notification: You have 1 pending Bitcoin payment of 0.35 BTC waiting in your crypto wallet. Hurry, offer expires in 6 hours! Act now."
spam,URGENT ALERT: Claim your $500 gift card today by completing this 2-minute survey. Text WIN to 78900 to enter now. Standard rates apply.
ham,"Hi Alex, Please submit your travel expense reports by the end of the month for reimbursement. Best regards, Liam"
ham,"Hi team, just a quick reminder to submit your timesheets by 5 PM today for payroll processing."
ham,"Good afternoon Rachel, Please review the attached contract draft and let me know if you have any changes. Thanks, Liam"
ham,"Good morning David, Attached is the agenda for our upcoming quarterly business review. Warmly, Mia"
spam,"Work from home and earn $500 to $1,500 daily with no experience required! Flexible hours. Start immediately by clicking here."
spam,"Flash Sale! 90% off Designer Watches, Rolex, Omega, Gucci! Limited time clearance stock. Shop now at http://luxury-outlet-deals.shop"
spam,"Dear Winner, You have inherited $8.5 Million USD from a deceased relative. Reply with your passport and bank info to start transfer process."
ham,"Good morning David, I reviewed your code changes and left a couple of minor comments on GitHub. Sincerely, Sophia"
ham,"Hi everyone, I reviewed your code changes and left a couple of minor comments on GitHub. Sincerely, James"
ham,"Dear Dr. Miller, The conference room for tomorrow's client presentation has been reserved. Sincerely, Emma"
spam,FREE entry into our £250 weekly competition just text the word WIN to 80086 NOW. 18+ T&Cs apply.
ham,"Good morning Sarah, could you please review the attached slide deck before our client presentation at 2 PM?"
spam,Account Notification: You won a brand new iPhone 15 Pro! Confirm your shipping address to receive delivery. Visit http://secure-portal-update.org to update your credentials immediately.
ham,The pull request for the email validation bug fix has been reviewed and merged into the main branch.
ham,Reminder: The weekly engineering team standup will start in 15 minutes in Conference Room B and on Zoom.
ham,"Hi Michael, can you please send me the updated contact information for the vendor? We need to finalize the contract."
ham,"Dear Customer, Here is the updated project roadmap following our team discussion yesterday. Best regards, Noah"
ham,"Hello Team, I will be out of the office next Tuesday for a doctor appointment. Thanks, Emma"
ham,"Hey buddy, Let me know if 3:00 PM works for a quick 15-minute sync on the marketing campaign. Sincerely, Mia"
spam,Warning: Your mailbox is 99% full. You will not be able to receive incoming emails. Click here to upgrade mailbox storage for free.
ham,"Good morning Sarah, could you please review the attached slide deck before our client presentation at 2 PM?"
spam,CONGRATULATIONS! Refinance your mortgage today and save hundreds every month. No closing costs! Call toll-free 1-800-555-9122 now to claim before midnight.
spam,Final Notice: Your vehicle warranty has expired. Call 1-800-555-0199 immediately to renew coverage before your policy is cancelled.
ham,"Hi John, hope you are having a productive week. Just following up on the quarterly budget report we discussed on Monday."
spam,"You're a winner! Earn up to $3,000 every week working just 2 hours a day from your phone or laptop. Download your prize confirmation certificate at http://rewards-winner.net"
ham,Hey! Are we still on for lunch tomorrow around 12:30? Let me know which restaurant you prefer.
ham,"Hi Alex, Please submit your travel expense reports by the end of the month for reimbursement. Thanks, Olivia"
ham,"Good morning David, Your library books are due back in 3 days. Renew online if you need more time. Best regards, Emma"
ham,"Hey buddy, I will be out of the office next Tuesday for a doctor appointment. Best regards, Sophia"
ham,"Hi everyone, Please review the attached contract draft and let me know if you have any changes. Best regards, Liam"
ham,"Hello Team, Please submit your travel expense reports by the end of the month for reimbursement. Best regards, Noah"
ham,"Hi Alex, Please submit your travel expense reports by the end of the month for reimbursement. Cheers, Noah"
spam,"Limited Time Offer: Refinance your mortgage today and save hundreds every month. No closing costs! Reply with your full name, phone number, and mailing address to claim."
spam,Warning: Your mailbox is 99% full. You will not be able to receive incoming emails. Click here to upgrade mailbox storage for free.
ham,"Good afternoon Rachel, Please submit your travel expense reports by the end of the month for reimbursement. Have a great day, Liam"
spam,"EXCLUSIVE PROMOTION: Earn up to $3,000 every week working just 2 hours a day from your phone or laptop. Hurry, offer expires in 6 hours! Act now."
ham,"Dear Customer, Can you send me the latest version of the spreadsheet when you get a chance? Warmly, Ava"
ham,Thanks for sending over the invoice. I have forwarded it to our accounts department for processing.
ham,"Hello Team, The deployment to staging completed without any errors. Ready for QA testing. Best regards, Noah"
spam,"Congratulations! You have been selected to receive a $1,000 Walmart Gift Card! Click here to claim your prize now: http://claim-gift-now.com"
spam,Warning: Your mailbox is 99% full. You will not be able to receive incoming emails. Click here to upgrade mailbox storage for free.
spam,Account Notification: Refinance your mortgage today and save hundreds every month. No closing costs! Call toll-free 1-800-555-9122 now to claim before midnight.
spam,"Special Offer: Buy Viagra, Cialis and generic medication online without prescription. Fast discreet worldwide shipping. 80% discount."
spam,"SECURITY NOTICE: You have been pre-selected for a $25,000 unsecured personal loan at low interest rate. Visit http://secure-portal-update.org to update your credentials immediately."
spam,WINNER!! As a valued customer you have been chosen to win a £900 prize reward! To claim call 09061701461. Claim code KL341. Valid 12 hours only.
ham,"Good morning David, Please submit your travel expense reports by the end of the month for reimbursement. Warmly, Sophia"
ham,"Hey buddy, Here is the updated project roadmap following our team discussion yesterday. Talk soon, James"
ham,Hey! Are we still on for lunch tomorrow around 12:30? Let me know which restaurant you prefer.
ham,"Hey Mark, happy birthday! Hope you have a fantastic day celebrating with family and friends."
ham,"Good morning David, Here is the updated project roadmap following our team discussion yesterday. Thanks, Sophia"
spam,"Special Offer: Buy Viagra, Cialis and generic medication online without prescription. Fast discreet worldwide shipping. 80% discount."
ham,"Hey buddy, The deployment to staging completed without any errors. Ready for QA testing. Cheers, Mia"
ham,"Hi Robert, The deployment to staging completed without any errors. Ready for QA testing. Best regards, Mia"
ham,"Dear Dr. Miller, Let me know if 3:00 PM works for a quick 15-minute sync on the marketing campaign. Cheers, Mia"
ham,"Hey buddy, Your library books are due back in 3 days. Renew online if you need more time. Have a great day, Lucas"
spam,"Flash Sale! 90% off Designer Watches, Rolex, Omega, Gucci! Limited time clearance stock. Shop now at http://luxury-outlet-deals.shop"
ham,"Hi everyone, the office will be closed this coming Friday for the national holiday. Have a wonderful long weekend!"
ham,"Hey buddy, Let me know if 3:00 PM works for a quick 15-minute sync on the marketing campaign. Have a great day, Emma"
spam,"ACTION REQUIRED: Your Apple ID has been locked for security reasons. Click here to verify your identity. Hurry, offer expires in 6 hours! Act now."
ham,"Hello Team, The deployment to staging completed without any errors. Ready for QA testing. Talk soon, Daniel"
spam,HOT SINGLE WOMEN in your area are looking to chat tonight! Click to view verified private profiles: http://meet-singles-now.top
ham,"Hey Sarah, Attached is the agenda for our upcoming quarterly business review. Thanks, James"
ham,"Hi Alex, Attached is the agenda for our upcoming quarterly business review. Best regards, Ava"
ham,"Good afternoon Rachel, Here is the updated project roadmap following our team discussion yesterday. Have a great day, Noah"
spam,"Instant Cash Award: Earn up to $3,000 every week working just 2 hours a day from your phone or laptop. Download your prize confirmation certificate at http://rewards-winner.net"
ham,"Dear patient, this is a friendly reminder of your upcoming dental appointment scheduled for Thursday at 10:00 AM."
ham,"Hi Alex, Here is the updated project roadmap following our team discussion yesterday. Warmly, Lucas"
ham,"Dear Dr. Miller, Attached is the agenda for our upcoming quarterly business review. Sincerely, Liam"
spam,Limited Time Offer: You have 1 pending Bitcoin payment of 0.35 BTC waiting in your crypto wallet. Download your prize confirmation certificate at http://rewards-winner.net
ham,Reminder: The weekly engineering team standup will start in 15 minutes in Conference Room B and on Zoom.
ham,"Hi Robert, Please review the attached contract draft and let me know if you have any changes. Cheers, Sophia"
spam,SECURITY NOTICE: Your online banking password expires in 24 hours. Log in now to keep your account active. Download your prize confirmation certificate at http://rewards-winner.net
spam,Warning: Your mailbox is 99% full. You will not be able to receive incoming emails. Click here to upgrade mailbox storage for free.
ham,"Hey Sarah, Your library books are due back in 3 days. Renew online if you need more time. Sincerely, Liam"
ham,"Hi John, hope you are having a productive week. Just following up on the quarterly budget report we discussed on Monday."
spam,"URGENT ALERT: Refinance your mortgage today and save hundreds every month. No closing costs! Hurry, offer expires in 6 hours! Act now."
ham,"Dear Dr. Miller, Please submit your travel expense reports by the end of the month for reimbursement. Warmly, Sophia"
ham,The server maintenance has been successfully completed. All systems and database instances are fully operational.
spam,"ATTENTION: IRS Tax Refund Notification. You have an unclaimed refund of $1,840. Submit your tax identification form at http://irs-tax-refunds-gov.biz"
ham,"Good morning David, Your library books are due back in 3 days. Renew online if you need more time. Best regards, Noah"
ham,"Hey Sarah, Attached is the agenda for our upcoming quarterly business review. Warmly, Lucas"
ham,"Good morning David, Thanks for the coffee catchup earlier! Let's follow up next week regarding the design. Have a great day, Daniel"
spam,"You're a winner! Get 10,000 Instagram followers and TikTok likes instantly for only $9.99. Download your prize confirmation certificate at http://rewards-winner.net"
ham,"Hey Sarah, Your library books are due back in 3 days. Renew online if you need more time. Warmly, Liam"
spam,"SECURITY NOTICE: Urgent: Unrecognized login detected from Moscow, Russia. Secure your account now. Text WIN to 78900 to enter now. Standard rates apply."
spam,"ACTION REQUIRED: You have 1 pending Bitcoin payment of 0.35 BTC waiting in your crypto wallet. Hurry, offer expires in 6 hours! Act now."
ham,"Hi Robert, The deployment to staging completed without any errors. Ready for QA testing. Sincerely, Noah"
ham,"Good morning David, Let me know if 3:00 PM works for a quick 15-minute sync on the marketing campaign. Thanks, Liam"
spam,"URGENT ALERT: Hot discount deals on electronics, smartphones and laptops. Order now while stock lasts. Text WIN to 78900 to enter now. Standard rates apply."
spam,"SECURITY NOTICE: You have been pre-selected for a $25,000 unsecured personal loan at low interest rate. Download your prize confirmation certificate at http://rewards-winner.net"
ham,"Hi everyone, Here is the updated project roadmap following our team discussion yesterday. Cheers, Lucas"
ham,"Hello Team, Your library books are due back in 3 days. Renew online if you need more time. Thanks, Sophia"
ham,"Hey buddy, Attached is the agenda for our upcoming quarterly business review. Warmly, Ava"
spam,"EXCLUSIVE PROMOTION: You have 1 pending Bitcoin payment of 0.35 BTC waiting in your crypto wallet. Reply with your full name, phone number, and mailing address to claim."
spam,"You have received 1 new pending wire transfer of $4,500.00. Click here to confirm transaction details and accept funds."
ham,"Hey Dave, do you have a few minutes this afternoon to help me debug the backend authentication issue?"
ham,"Hello Team, The conference room for tomorrow's client presentation has been reserved. Thanks, Lucas"
ham,"Hi everyone, Let me know if 3:00 PM works for a quick 15-minute sync on the marketing campaign. Talk soon, Liam"
spam,SECURITY NOTICE: Refinance your mortgage today and save hundreds every month. No closing costs! Visit http://secure-portal-update.org to update your credentials immediately.
spam,WINNER!! As a valued customer you have been chosen to win a £900 prize reward! To claim call 09061701461. Claim code KL341. Valid 12 hours only.
spam,"You're a winner! You have been pre-selected for a $25,000 unsecured personal loan at low interest rate. Call toll-free 1-800-555-9122 now to claim before midnight."
ham,"Dear Customer, Your library books are due back in 3 days. Renew online if you need more time. Cheers, Daniel"
spam,"ACTION REQUIRED: You won a brand new iPhone 15 Pro! Confirm your shipping address to receive delivery. Hurry, offer expires in 6 hours! Act now."
ham,"Good morning David, Please submit your travel expense reports by the end of the month for reimbursement. Have a great day, Noah"
ham,"Hi everyone, I will be out of the office next Tuesday for a doctor appointment. Thanks, Noah"
ham,"Dear Customer, The deployment to staging completed without any errors. Ready for QA testing. Cheers, Daniel"
spam,Guaranteed Weight Loss! Drop 20 pounds in 2 weeks without diet or exercise. 100% natural miracle supplement. Order now for 70% off!
spam,FREE entry into our £250 weekly competition just text the word WIN to 80086 NOW. 18+ T&Cs apply.
ham,"Good morning David, Thanks for the coffee catchup earlier! Let's follow up next week regarding the design. Best regards, Liam"
ham,"Good morning David, I will be out of the office next Tuesday for a doctor appointment. Talk soon, Mia"
ham,"Hey buddy, Here is the updated project roadmap following our team discussion yesterday. Sincerely, Noah"
ham,"Hi Robert, Attached is the agenda for our upcoming quarterly business review. Best regards, James"
spam,HOT SINGLE WOMEN in your area are looking to chat tonight! Click to view verified private profiles: http://meet-singles-now.top
spam,"Dear Winner, You have inherited $8.5 Million USD from a deceased relative. Reply with your passport and bank info to start transfer process."
spam,"Limited Time Offer: Save 75% on health supplements, vitamins and male enhancement pills with free shipping. Text WIN to 78900 to enter now. Standard rates apply."
ham,"Hey Sarah, Thanks for the coffee catchup earlier! Let's follow up next week regarding the design. Talk soon, Ava"
ham,"Hey Sarah, Please submit your travel expense reports by the end of the month for reimbursement. Warmly, Emma"
ham,"Hi Alex, Your library books are due back in 3 days. Renew online if you need more time. Talk soon, Emma"
ham,"Good afternoon Rachel, The conference room for tomorrow's client presentation has been reserved. Warmly, Olivia"
ham,"Dear Dr. Miller, The conference room for tomorrow's client presentation has been reserved. Have a great day, James"
ham,"Hi Alex, Please submit your travel expense reports by the end of the month for reimbursement. Have a great day, Liam"
ham,"Hi everyone, I will be out of the office next Tuesday for a doctor appointment. Talk soon, James"
ham,"Hello Team, Thanks for the coffee catchup earlier! Let's follow up next week regarding the design. Cheers, James"
ham,"Hi everyone, The deployment to staging completed without any errors. Ready for QA testing. Thanks, James"
ham,Thanks for sending over the invoice. I have forwarded it to our accounts department for processing.
ham,"Hi everyone, The deployment to staging completed without any errors. Ready for QA testing. Have a great day, Daniel"
ham,"Hey Sarah, Please review the attached contract draft and let me know if you have any changes. Talk soon, Olivia"
spam,"Limited Time Offer: Hot discount deals on electronics, smartphones and laptops. Order now while stock lasts. Hurry, offer expires in 6 hours! Act now."
ham,"Good morning David, Attached is the agenda for our upcoming quarterly business review. Warmly, Mia"
ham,"Dear Customer, Please review the attached contract draft and let me know if you have any changes. Talk soon, Lucas"
spam,"URGENT ALERT: Your online banking password expires in 24 hours. Log in now to keep your account active. Reply with your full name, phone number, and mailing address to claim."
ham,"Hey Mark, happy birthday! Hope you have a fantastic day celebrating with family and friends."
ham,"Hi everyone, Please review the attached contract draft and let me know if you have any changes. Have a great day, Lucas"
ham,Reminder: The weekly engineering team standup will start in 15 minutes in Conference Room B and on Zoom.
ham,"Hi Alex, Attached is the agenda for our upcoming quarterly business review. Have a great day, Noah"
ham,"Hi Alex, I will be out of the office next Tuesday for a doctor appointment. Warmly, Emma"
ham,"Hey buddy, The deployment to staging completed without any errors. Ready for QA testing. Sincerely, Sophia"
ham,"Hi everyone, Let me know if 3:00 PM works for a quick 15-minute sync on the marketing campaign. Talk soon, James"
spam,"Urgent Alert: Suspicious transaction of $899.00 detected on your Amazon account. If this was not you, call fraud prevention immediately at 1-888-234-5678."
ham,"Hey Dave, do you have a few minutes this afternoon to help me debug the backend authentication issue?"
ham,"Hi Alex, Attached is the agenda for our upcoming quarterly business review. Sincerely, Daniel"
ham,"Good afternoon Rachel, Here is the updated project roadmap following our team discussion yesterday. Sincerely, Sophia"
spam,Guaranteed Weight Loss! Drop 20 pounds in 2 weeks without diet or exercise. 100% natural miracle supplement. Order now for 70% off!
spam,Warning: Your mailbox is 99% full. You will not be able to receive incoming emails. Click here to upgrade mailbox storage for free.
ham,"Hey buddy, Please submit your travel expense reports by the end of the month for reimbursement. Sincerely, James"
ham,"Hey Sarah, Thanks for the coffee catchup earlier! Let's follow up next week regarding the design. Cheers, Sophia"
spam,"Special Offer: Buy Viagra, Cialis and generic medication online without prescription. Fast discreet worldwide shipping. 80% discount."
ham,"Hi Robert, Thanks for the coffee catchup earlier! Let's follow up next week regarding the design. Sincerely, James"
ham,"Good afternoon Rachel, I reviewed your code changes and left a couple of minor comments on GitHub. Warmly, James"
ham,"Hi everyone, Can you send me the latest version of the spreadsheet when you get a chance? Cheers, Noah"
ham,"Hi everyone, Your library books are due back in 3 days. Renew online if you need more time. Warmly, Olivia"
ham,"Hey buddy, I reviewed your code changes and left a couple of minor comments on GitHub. Thanks, Liam"
ham,"Dear patient, this is a friendly reminder of your upcoming dental appointment scheduled for Thursday at 10:00 AM."
ham,"Hi everyone, Can you send me the latest version of the spreadsheet when you get a chance? Sincerely, Lucas"
spam,"Get pre-approved for an instant cash loan of up to $50,000 with 0% APR for the first 12 months! Apply online today at http://fast-instant-cash.net"
ham,"Hi Robert, Thanks for the coffee catchup earlier! Let's follow up next week regarding the design. Have a great day, Noah"
ham,"Hi everyone, the office will be closed this coming Friday for the national holiday. Have a wonderful long weekend!"
ham,Thanks for sending over the invoice. I have forwarded it to our accounts department for processing.
ham,"Hey Mark, happy birthday! Hope you have a fantastic day celebrating with family and friends."
ham,"Hey Sarah, I reviewed your code changes and left a couple of minor comments on GitHub. Talk soon, Olivia"
ham,Please find attached your monthly bank statement for the period ending March 31st. Thank you for banking with us.
ham,"Hi Robert, Can you send me the latest version of the spreadsheet when you get a chance? Cheers, James"
spam,"EXCLUSIVE PROMOTION: Earn up to $3,000 every week working just 2 hours a day from your phone or laptop. Visit http://secure-portal-update.org to update your credentials immediately."
ham,"Hey Mark, happy birthday! Hope you have a fantastic day celebrating with family and friends."
ham,"Hi Alex, Here is the updated project roadmap following our team discussion yesterday. Talk soon, Liam"
ham,"Hey buddy, I reviewed your code changes and left a couple of minor comments on GitHub. Talk soon, Mia"
ham,"Hi everyone, Here is the updated project roadmap following our team discussion yesterday. Talk soon, Emma"
ham,"Hey Sarah, Thanks for the coffee catchup earlier! Let's follow up next week regarding the design. Talk soon, Lucas"
ham,"Hello Team, Let me know if 3:00 PM works for a quick 15-minute sync on the marketing campaign. Thanks, Noah"
ham,"Good morning David, The deployment to staging completed without any errors. Ready for QA testing. Warmly, Emma"
ham,"Good morning David, Here is the updated project roadmap following our team discussion yesterday. Cheers, Noah"
spam,"Dear customer, your parcel delivery is on hold due to unpaid customs fee of $2.99. Pay immediately to avoid return to sender: http://parcel-tracking-fees.com"
ham,"Hi Alex, Here is the updated project roadmap following our team discussion yesterday. Sincerely, Emma"
spam,"Work from home and earn $500 to $1,500 daily with no experience required! Flexible hours. Start immediately by clicking here."
ham,"Thank you for attending our product demo yesterday. As requested, here is the recording link and technical whitepaper."
ham,Please find attached your monthly bank statement for the period ending March 31st. Thank you for banking with us.
spam,You're a winner! Refinance your mortgage today and save hundreds every month. No closing costs! Visit http://secure-portal-update.org to update your credentials immediately.
ham,"Hey buddy, Thanks for the coffee catchup earlier! Let's follow up next week regarding the design. Cheers, Emma"
spam,"Account Notification: Urgent: Unrecognized login detected from Moscow, Russia. Secure your account now. Visit http://secure-portal-update.org to update your credentials immediately."
ham,Thanks for sending over the invoice. I have forwarded it to our accounts department for processing.
ham,"Dear student, your assignment submission for CS 101 has been received and graded. Check the student portal for feedback."
spam,Limited Time Offer: Claim your $500 gift card today by completing this 2-minute survey. Visit http://secure-portal-update.org to update your credentials immediately.
ham,"Dear Customer, I reviewed your code changes and left a couple of minor comments on GitHub. Have a great day, Emma"
ham,"Hello Team, Your library books are due back in 3 days. Renew online if you need more time. Talk soon, Mia"
ham,"Hi Robert, Here is the updated project roadmap following our team discussion yesterday. Warmly, Noah"
spam,"Work from home and earn $500 to $1,500 daily with no experience required! Flexible hours. Start immediately by clicking here."
ham,"Dear Dr. Miller, Let me know if 3:00 PM works for a quick 15-minute sync on the marketing campaign. Cheers, Daniel"
ham,"Hi Robert, The deployment to staging completed without any errors. Ready for QA testing. Talk soon, Ava"
ham,Thanks for sending over the invoice. I have forwarded it to our accounts department for processing.
ham,Reminder: The weekly engineering team standup will start in 15 minutes in Conference Room B and on Zoom.
ham,"Hey Sarah, I will be out of the office next Tuesday for a doctor appointment. Sincerely, Daniel"
ham,"Hello Team, I reviewed your code changes and left a couple of minor comments on GitHub. Cheers, Sophia"
spam,"Ref: 4920492. You have won a guaranteed cash prize of $5,000 or a trip to Bahamas! Call 09050000301 to claim today."
ham,"Good morning David, Please submit your travel expense reports by the end of the month for reimbursement. Sincerely, Emma"
ham,"Hi everyone, Thanks for the coffee catchup earlier! Let's follow up next week regarding the design. Have a great day, Daniel"
spam,Exclusive Invitation: Double your cryptocurrency investments in just 48 hours with our automated Bitcoin trading bot! Join VIP club now.
ham,"Hi everyone, Can you send me the latest version of the spreadsheet when you get a chance? Have a great day, Daniel"
ham,"Hey Sarah, I will be out of the office next Tuesday for a doctor appointment. Sincerely, Liam"
ham,"Hello Team, Please submit your travel expense reports by the end of the month for reimbursement. Talk soon, Liam"
ham,"Hi everyone, Attached is the agenda for our upcoming quarterly business review. Warmly, Sophia"
ham,"Good morning David, I reviewed your code changes and left a couple of minor comments on GitHub. Cheers, Ava"
ham,"Good morning David, The conference room for tomorrow's client presentation has been reserved. Sincerely, Mia"
ham,"Good morning David, Your library books are due back in 3 days. Renew online if you need more time. Sincerely, Noah"
ham,"Good morning David, Your library books are due back in 3 days. Renew online if you need more time. Have a great day, Liam"
spam,CONGRATULATIONS! You have 1 pending Bitcoin payment of 0.35 BTC waiting in your crypto wallet. Download your prize confirmation certificate at http://rewards-winner.net
spam,"Special Offer: Buy Viagra, Cialis and generic medication online without prescription. Fast discreet worldwide shipping. 80% discount."
spam,"Congratulations! You have been selected to receive a $1,000 Walmart Gift Card! Click here to claim your prize now: http://claim-gift-now.com"
spam,"Get pre-approved for an instant cash loan of up to $50,000 with 0% APR for the first 12 months! Apply online today at http://fast-instant-cash.net"
spam,"Instant Cash Award: Your Apple ID has been locked for security reasons. Click here to verify your identity. Reply with your full name, phone number, and mailing address to claim."
ham,"Good morning David, Please review the attached contract draft and let me know if you have any changes. Cheers, Noah"
ham,"Good morning David, The conference room for tomorrow's client presentation has been reserved. Thanks, Mia"
ham,"Hi Robert, Please review the attached contract draft and let me know if you have any changes. Cheers, Daniel"
spam,"You're a winner! You won a brand new iPhone 15 Pro! Confirm your shipping address to receive delivery. Hurry, offer expires in 6 hours! Act now."
spam,"Flash Sale! 90% off Designer Watches, Rolex, Omega, Gucci! Limited time clearance stock. Shop now at http://luxury-outlet-deals.shop"
spam,FINAL NOTICE: Your Apple ID has been locked for security reasons. Click here to verify your identity. Click here immediately: http://promo-reward-portal.com
ham,"Good afternoon Rachel, I will be out of the office next Tuesday for a doctor appointment. Cheers, Ava"
ham,"Good morning David, The deployment to staging completed without any errors. Ready for QA testing. Cheers, Ava"
spam,"ACTION REQUIRED: Hot discount deals on electronics, smartphones and laptops. Order now while stock lasts. Reply with your full name, phone number, and mailing address to claim."
spam,"You're a winner! Earn up to $3,000 every week working just 2 hours a day from your phone or laptop. Click here immediately: http://promo-reward-portal.com"
ham,"Good morning David, Here is the updated project roadmap following our team discussion yesterday. Talk soon, Sophia"
spam,"You have received 1 new pending wire transfer of $4,500.00. Click here to confirm transaction details and accept funds."
spam,"CONGRATULATIONS! Urgent: Unrecognized login detected from Moscow, Russia. Secure your account now. Text WIN to 78900 to enter now. Standard rates apply."
ham,"Good morning David, I reviewed your code changes and left a couple of minor comments on GitHub. Warmly, Lucas"
spam,"Account Notification: Earn up to $3,000 every week working just 2 hours a day from your phone or laptop. Call toll-free 1-800-555-9122 now to claim before midnight."
spam,HOT SINGLE WOMEN in your area are looking to chat tonight! Click to view verified private profiles: http://meet-singles-now.top
spam,HOT SINGLE WOMEN in your area are looking to chat tonight! Click to view verified private profiles: http://meet-singles-now.top
spam,"Work from home and earn $500 to $1,500 daily with no experience required! Flexible hours. Start immediately by clicking here."
spam,FINAL NOTICE: Your online banking password expires in 24 hours. Log in now to keep your account active. Call toll-free 1-800-555-9122 now to claim before midnight.
spam,"Get pre-approved for an instant cash loan of up to $50,000 with 0% APR for the first 12 months! Apply online today at http://fast-instant-cash.net"
spam,Guaranteed Weight Loss! Drop 20 pounds in 2 weeks without diet or exercise. 100% natural miracle supplement. Order now for 70% off!
spam,"Get pre-approved for an instant cash loan of up to $50,000 with 0% APR for the first 12 months! Apply online today at http://fast-instant-cash.net"
spam,"CONGRATULATIONS! You have been pre-selected for a $25,000 unsecured personal loan at low interest rate. Download your prize confirmation certificate at http://rewards-winner.net"
ham,"Hello Team, Please submit your travel expense reports by the end of the month for reimbursement. Have a great day, Ava"
ham,"Dear Dr. Miller, The deployment to staging completed without any errors. Ready for QA testing. Sincerely, Sophia"
ham,"Hi Robert, Please submit your travel expense reports by the end of the month for reimbursement. Warmly, Lucas"
ham,"Good morning David, The deployment to staging completed without any errors. Ready for QA testing. Sincerely, Mia"
ham,The server maintenance has been successfully completed. All systems and database instances are fully operational.
ham,"Hey buddy, Let me know if 3:00 PM works for a quick 15-minute sync on the marketing campaign. Have a great day, Sophia"
ham,"Hi Alex, I will be out of the office next Tuesday for a doctor appointment. Have a great day, Olivia"
ham,"Hello Team, Please review the attached contract draft and let me know if you have any changes. Have a great day, Lucas"
spam,"Instant Cash Award: Save 75% on health supplements, vitamins and male enhancement pills with free shipping. Download your prize confirmation certificate at http://rewards-winner.net"
ham,"Good afternoon Rachel, I reviewed your code changes and left a couple of minor comments on GitHub. Cheers, Mia"
spam,"Instant Cash Award: Claim your $500 gift card today by completing this 2-minute survey. Reply with your full name, phone number, and mailing address to claim."
ham,"Hi team, just a quick reminder to submit your timesheets by 5 PM today for payroll processing."
ham,"Hello Team, Thanks for the coffee catchup earlier! Let's follow up next week regarding the design. Talk soon, Lucas"
ham,"Hi Alex, I reviewed your code changes and left a couple of minor comments on GitHub. Warmly, Daniel"
ham,"Hi Alex, The deployment to staging completed without any errors. Ready for QA testing. Warmly, James"
ham,"Dear Dr. Miller, Please review the attached contract draft and let me know if you have any changes. Cheers, Noah"
ham,Reminder: The weekly engineering team standup will start in 15 minutes in Conference Room B and on Zoom.
ham,"Dear Customer, Thanks for the coffee catchup earlier! Let's follow up next week regarding the design. Sincerely, Ava"
ham,"Dear Dr. Miller, Let me know if 3:00 PM works for a quick 15-minute sync on the marketing campaign. Sincerely, Daniel"
ham,The pull request for the email validation bug fix has been reviewed and merged into the main branch.
ham,"Thank you for attending our product demo yesterday. As requested, here is the recording link and technical whitepaper."
spam,"SECURITY NOTICE: You have been pre-selected for a $25,000 unsecured personal loan at low interest rate. Reply with your full name, phone number, and mailing address to claim."
ham,"Dear Customer, Let me know if 3:00 PM works for a quick 15-minute sync on the marketing campaign. Talk soon, Daniel"
ham,Reminder: The weekly engineering team standup will start in 15 minutes in Conference Room B and on Zoom.
spam,"Dear customer, your parcel delivery is on hold due to unpaid customs fee of $2.99. Pay immediately to avoid return to sender: http://parcel-tracking-fees.com"
spam,FINAL NOTICE: Your online banking password expires in 24 hours. Log in now to keep your account active. Text WIN to 78900 to enter now. Standard rates apply.
ham,"Hi Alex, Please submit your travel expense reports by the end of the month for reimbursement. Have a great day, Mia"
ham,"Hey Sarah, Can you send me the latest version of the spreadsheet when you get a chance? Cheers, Emma"
ham,"Hey Sarah, Let me know if 3:00 PM works for a quick 15-minute sync on the marketing campaign. Warmly, Sophia"
spam,WINNER!! As a valued customer you have been chosen to win a £900 prize reward! To claim call 09061701461. Claim code KL341. Valid 12 hours only.
spam,"Limited Time Offer: Hot discount deals on electronics, smartphones and laptops. Order now while stock lasts. Download your prize confirmation certificate at http://rewards-winner.net"
ham,Reminder: The weekly engineering team standup will start in 15 minutes in Conference Room B and on Zoom.
ham,"Dear Dr. Miller, I will be out of the office next Tuesday for a doctor appointment. Cheers, Liam"
ham,"Dear Customer, Here is the updated project roadmap following our team discussion yesterday. Warmly, Liam"
spam,"SECURITY NOTICE: You have been pre-selected for a $25,000 unsecured personal loan at low interest rate. Click here immediately: http://promo-reward-portal.com"
ham,"Hi Robert, Please review the attached contract draft and let me know if you have any changes. Cheers, Olivia"
ham,"Dear Customer, I reviewed your code changes and left a couple of minor comments on GitHub. Warmly, Emma"
spam,Guaranteed Weight Loss! Drop 20 pounds in 2 weeks without diet or exercise. 100% natural miracle supplement. Order now for 70% off!
ham,"Hey buddy, Let me know if 3:00 PM works for a quick 15-minute sync on the marketing campaign. Thanks, Noah"
spam,"Dear customer, your parcel delivery is on hold due to unpaid customs fee of $2.99. Pay immediately to avoid return to sender: http://parcel-tracking-fees.com"
ham,"Good afternoon Rachel, I reviewed your code changes and left a couple of minor comments on GitHub. Sincerely, Olivia"
ham,The pull request for the email validation bug fix has been reviewed and merged into the main branch.
spam,"ACTION REQUIRED: Save 75% on health supplements, vitamins and male enhancement pills with free shipping. Click here immediately: http://promo-reward-portal.com"
ham,"Good morning David, The conference room for tomorrow's client presentation has been reserved. Cheers, Daniel"
spam,"Instant Cash Award: Save 75% on health supplements, vitamins and male enhancement pills with free shipping. Reply with your full name, phone number, and mailing address to claim."
ham,"Hi everyone, the office will be closed this coming Friday for the national holiday. Have a wonderful long weekend!"
ham,"Hey buddy, Let me know if 3:00 PM works for a quick 15-minute sync on the marketing campaign. Cheers, Mia"
ham,"Dear Dr. Miller, Attached is the agenda for our upcoming quarterly business review. Thanks, Mia"
ham,"Hi Robert, The conference room for tomorrow's client presentation has been reserved. Sincerely, Daniel"
ham,"Good morning David, Here is the updated project roadmap following our team discussion yesterday. Cheers, Ava"
spam,"Dear Winner, You have inherited $8.5 Million USD from a deceased relative. Reply with your passport and bank info to start transfer process."
ham,"Hello Team, Can you send me the latest version of the spreadsheet when you get a chance? Best regards, Daniel"
ham,"Dear Customer, Let me know if 3:00 PM works for a quick 15-minute sync on the marketing campaign. Best regards, James"
ham,"Dear Customer, Please review the attached contract draft and let me know if you have any changes. Warmly, Ava"
ham,"Hi Alex, Can you send me the latest version of the spreadsheet when you get a chance? Cheers, Lucas"
ham,"Dear Dr. Miller, I will be out of the office next Tuesday for a doctor appointment. Cheers, Noah"
ham,Your ride with Uber has completed. Total charged: $14.25. View your trip receipt in the app.
spam,"SECURITY NOTICE: You have been pre-selected for a $25,000 unsecured personal loan at low interest rate. Text WIN to 78900 to enter now. Standard rates apply."
spam,"URGENT ALERT: Urgent: Unrecognized login detected from Moscow, Russia. Secure your account now. Hurry, offer expires in 6 hours! Act now."
ham,"Dear patient, this is a friendly reminder of your upcoming dental appointment scheduled for Thursday at 10:00 AM."
ham,"Hello Team, Here is the updated project roadmap following our team discussion yesterday. Talk soon, Liam"
spam,"FINAL NOTICE: Earn up to $3,000 every week working just 2 hours a day from your phone or laptop. Call toll-free 1-800-555-9122 now to claim before midnight."
ham,"Dear Dr. Miller, Can you send me the latest version of the spreadsheet when you get a chance? Thanks, Ava"
spam,"Work from home and earn $500 to $1,500 daily with no experience required! Flexible hours. Start immediately by clicking here."
ham,"Good afternoon Rachel, Please submit your travel expense reports by the end of the month for reimbursement. Sincerely, Ava"
ham,"Dear Dr. Miller, Can you send me the latest version of the spreadsheet when you get a chance? Talk soon, Sophia"
ham,"Dear Customer, Attached is the agenda for our upcoming quarterly business review. Warmly, James"
ham,Reminder: The weekly engineering team standup will start in 15 minutes in Conference Room B and on Zoom.
spam,"SECURITY NOTICE: Earn up to $3,000 every week working just 2 hours a day from your phone or laptop. Call toll-free 1-800-555-9122 now to claim before midnight."
spam,"Limited Time Offer: Your Apple ID has been locked for security reasons. Click here to verify your identity. Hurry, offer expires in 6 hours! Act now."
ham,"Good morning David, Thanks for the coffee catchup earlier! Let's follow up next week regarding the design. Cheers, Emma"
ham,"Good morning Sarah, could you please review the attached slide deck before our client presentation at 2 PM?"
ham,"Hello Team, Attached is the agenda for our upcoming quarterly business review. Warmly, Emma"
ham,"Good morning David, I will be out of the office next Tuesday for a doctor appointment. Thanks, Olivia"
ham,"Good morning David, Attached is the agenda for our upcoming quarterly business review. Sincerely, Lucas"
ham,"Hi Alex, I will be out of the office next Tuesday for a doctor appointment. Cheers, Sophia"
spam,EXCLUSIVE PROMOTION: You have 1 pending Bitcoin payment of 0.35 BTC waiting in your crypto wallet. Text WIN to 78900 to enter now. Standard rates apply.
ham,"Hi everyone, the office will be closed this coming Friday for the national holiday. Have a wonderful long weekend!"
ham,"Hello Team, Here is the updated project roadmap following our team discussion yesterday. Talk soon, Liam"
ham,"Hey buddy, Please submit your travel expense reports by the end of the month for reimbursement. Sincerely, Olivia"
spam,"SECURITY NOTICE: Your Apple ID has been locked for security reasons. Click here to verify your identity. Reply with your full name, phone number, and mailing address to claim."
ham,"Hi team, just a quick reminder to submit your timesheets by 5 PM today for payroll processing."
ham,"Hello Team, I reviewed your code changes and left a couple of minor comments on GitHub. Best regards, Daniel"
ham,"Dear Dr. Miller, Can you send me the latest version of the spreadsheet when you get a chance? Sincerely, Daniel"
spam,"Special Offer: Buy Viagra, Cialis and generic medication online without prescription. Fast discreet worldwide shipping. 80% discount."
ham,"Good afternoon Rachel, Your library books are due back in 3 days. Renew online if you need more time. Talk soon, Mia"
ham,"Hi everyone, I will be out of the office next Tuesday for a doctor appointment. Sincerely, James"
ham,"Hello Team, Here is the updated project roadmap following our team discussion yesterday. Sincerely, James"
spam,FINAL NOTICE: You won a brand new iPhone 15 Pro! Confirm your shipping address to receive delivery. Click here immediately: http://promo-reward-portal.com
ham,"Hi everyone, The conference room for tomorrow's client presentation has been reserved. Sincerely, Olivia"
ham,"Good morning David, Please review the attached contract draft and let me know if you have any changes. Best regards, Emma"
spam,"FINAL NOTICE: Earn up to $3,000 every week working just 2 hours a day from your phone or laptop. Download your prize confirmation certificate at http://rewards-winner.net"
spam,"FINAL NOTICE: You won a brand new iPhone 15 Pro! Confirm your shipping address to receive delivery. Reply with your full name, phone number, and mailing address to claim."
ham,"Good afternoon Rachel, Attached is the agenda for our upcoming quarterly business review. Thanks, Lucas"
ham,"Hey Sarah, Attached is the agenda for our upcoming quarterly business review. Thanks, Daniel"
ham,"Hey Sarah, Thanks for the coffee catchup earlier! Let's follow up next week regarding the design. Best regards, Olivia"
ham,"Dear Customer, The conference room for tomorrow's client presentation has been reserved. Talk soon, Daniel"
spam,"Work from home and earn $500 to $1,500 daily with no experience required! Flexible hours. Start immediately by clicking here."
spam,WINNER!! As a valued customer you have been chosen to win a £900 prize reward! To claim call 09061701461. Claim code KL341. Valid 12 hours only.
ham,"Good afternoon Rachel, I reviewed your code changes and left a couple of minor comments on GitHub. Have a great day, Emma"
ham,"Good afternoon Rachel, The conference room for tomorrow's client presentation has been reserved. Have a great day, Sophia"
spam,"Dear Winner, You have inherited $8.5 Million USD from a deceased relative. Reply with your passport and bank info to start transfer process."
ham,"Hi Robert, Let me know if 3:00 PM works for a quick 15-minute sync on the marketing campaign. Warmly, James"
ham,"Dear Customer, Can you send me the latest version of the spreadsheet when you get a chance? Warmly, Emma"
ham,Your ride with Uber has completed. Total charged: $14.25. View your trip receipt in the app.
spam,"CONGRATULATIONS! Earn up to $3,000 every week working just 2 hours a day from your phone or laptop. Call toll-free 1-800-555-9122 now to claim before midnight."
ham,"Hey Sarah, Can you send me the latest version of the spreadsheet when you get a chance? Talk soon, Olivia"
spam,"Flash Sale! 90% off Designer Watches, Rolex, Omega, Gucci! Limited time clearance stock. Shop now at http://luxury-outlet-deals.shop"
spam,Final Notice: Your vehicle warranty has expired. Call 1-800-555-0199 immediately to renew coverage before your policy is cancelled.
spam,URGENT ALERT: You won a brand new iPhone 15 Pro! Confirm your shipping address to receive delivery. Click here immediately: http://promo-reward-portal.com
spam,SECURITY NOTICE: You have 1 pending Bitcoin payment of 0.35 BTC waiting in your crypto wallet. Call toll-free 1-800-555-9122 now to claim before midnight.
ham,"Hi Alex, Can you send me the latest version of the spreadsheet when you get a chance? Best regards, Mia"
ham,"Hi Robert, The conference room for tomorrow's client presentation has been reserved. Best regards, Ava"
ham,"Hi Alex, Please review the attached contract draft and let me know if you have any changes. Cheers, Lucas"
spam,"ACTION REQUIRED: Save 75% on health supplements, vitamins and male enhancement pills with free shipping. Reply with your full name, phone number, and mailing address to claim."
ham,"Hi Michael, can you please send me the updated contact information for the vendor? We need to finalize the contract."
ham,"Hi Alex, Please submit your travel expense reports by the end of the month for reimbursement. Best regards, Noah"
spam,URGENT: Your account has been temporarily locked due to suspicious login attempts. Verify your details immediately at http://security-bank-auth.com to restore access.
ham,"Good morning Sarah, could you please review the attached slide deck before our client presentation at 2 PM?"
ham,"Dear patient, this is a friendly reminder of your upcoming dental appointment scheduled for Thursday at 10:00 AM."
ham,"Hello Team, Let me know if 3:00 PM works for a quick 15-minute sync on the marketing campaign. Sincerely, James"
ham,"Dear Customer, Please review the attached contract draft and let me know if you have any changes. Best regards, James"
ham,"Hi Michael, can you please send me the updated contact information for the vendor? We need to finalize the contract."
ham,"Good morning David, I will be out of the office next Tuesday for a doctor appointment. Warmly, Lucas"
spam,FREE entry into our £250 weekly competition just text the word WIN to 80086 NOW. 18+ T&Cs apply.
ham,"Hello Team, The conference room for tomorrow's client presentation has been reserved. Thanks, Mia"
ham,"Dear Customer, Your library books are due back in 3 days. Renew online if you need more time. Warmly, James"
spam,URGENT ALERT: Your Apple ID has been locked for security reasons. Click here to verify your identity. Download your prize confirmation certificate at http://rewards-winner.net
ham,"Hey Sarah, Can you send me the latest version of the spreadsheet when you get a chance? Have a great day, Mia"
ham,"Good morning David, Please review the attached contract draft and let me know if you have any changes. Thanks, Sophia"
spam,"Flash Sale! 90% off Designer Watches, Rolex, Omega, Gucci! Limited time clearance stock. Shop now at http://luxury-outlet-deals.shop"
ham,"Good afternoon Rachel, Can you send me the latest version of the spreadsheet when you get a chance? Have a great day, Liam"
spam,CONGRATULATIONS! You have 1 pending Bitcoin payment of 0.35 BTC waiting in your crypto wallet. Call toll-free 1-800-555-9122 now to claim before midnight.
ham,Please find attached your monthly bank statement for the period ending March 31st. Thank you for banking with us.
ham,Please find attached your monthly bank statement for the period ending March 31st. Thank you for banking with us.
spam,SECURITY NOTICE: You have 1 pending Bitcoin payment of 0.35 BTC waiting in your crypto wallet. Call toll-free 1-800-555-9122 now to claim before midnight.
ham,Your ride with Uber has completed. Total charged: $14.25. View your trip receipt in the app.
ham,"Hey Sarah, Attached is the agenda for our upcoming quarterly business review. Best regards, Emma"
ham,"Good afternoon Rachel, The conference room for tomorrow's client presentation has been reserved. Thanks, Olivia"
ham,"Hi Robert, The deployment to staging completed without any errors. Ready for QA testing. Cheers, Ava"
ham,"Hey Sarah, Let me know if 3:00 PM works for a quick 15-minute sync on the marketing campaign. Sincerely, Daniel"
ham,"Hi Alex, Let me know if 3:00 PM works for a quick 15-minute sync on the marketing campaign. Sincerely, Daniel"
ham,"Hello Team, I reviewed your code changes and left a couple of minor comments on GitHub. Warmly, Liam"
ham,"Dear Customer, Can you send me the latest version of the spreadsheet when you get a chance? Talk soon, Mia"
spam,Exclusive Invitation: Double your cryptocurrency investments in just 48 hours with our automated Bitcoin trading bot! Join VIP club now.
ham,"Good afternoon Rachel, Let me know if 3:00 PM works for a quick 15-minute sync on the marketing campaign. Warmly, James"
ham,"Good morning Sarah, could you please review the attached slide deck before our client presentation at 2 PM?"
ham,"Hey buddy, The deployment to staging completed without any errors. Ready for QA testing. Have a great day, Mia"
ham,"Hey Sarah, I will be out of the office next Tuesday for a doctor appointment. Sincerely, Mia"
spam,"Urgent Alert: Suspicious transaction of $899.00 detected on your Amazon account. If this was not you, call fraud prevention immediately at 1-888-234-5678."
ham,"Dear Dr. Miller, Can you send me the latest version of the spreadsheet when you get a chance? Sincerely, Sophia"
ham,"Good morning David, The deployment to staging completed without any errors. Ready for QA testing. Best regards, Sophia"
spam,"Ref: 4920492. You have won a guaranteed cash prize of $5,000 or a trip to Bahamas! Call 09050000301 to claim today."
spam,WINNER!! As a valued customer you have been chosen to win a £900 prize reward! To claim call 09061701461. Claim code KL341. Valid 12 hours only.
ham,"Hi Robert, I will be out of the office next Tuesday for a doctor appointment. Have a great day, Daniel"
ham,"Good morning David, The deployment to staging completed without any errors. Ready for QA testing. Best regards, Lucas"
ham,"Hey Sarah, Can you send me the latest version of the spreadsheet when you get a chance? Sincerely, Daniel"
spam,"Account Notification: Your online banking password expires in 24 hours. Log in now to keep your account active. Reply with your full name, phone number, and mailing address to claim."
spam,"EXCLUSIVE PROMOTION: Get 10,000 Instagram followers and TikTok likes instantly for only $9.99. Click here immediately: http://promo-reward-portal.com"
ham,"Hi everyone, Attached is the agenda for our upcoming quarterly business review. Have a great day, Noah"
ham,"Dear Dr. Miller, I will be out of the office next Tuesday for a doctor appointment. Thanks, Daniel"
ham,"Hey Dave, do you have a few minutes this afternoon to help me debug the backend authentication issue?"
ham,"Hello Team, Thanks for the coffee catchup earlier! Let's follow up next week regarding the design. Cheers, Noah"
spam,Instant Cash Award: Your online banking password expires in 24 hours. Log in now to keep your account active. Click here immediately: http://promo-reward-portal.com
ham,"Hi Robert, Can you send me the latest version of the spreadsheet when you get a chance? Talk soon, Olivia"
spam,"You're a winner! Urgent: Unrecognized login detected from Moscow, Russia. Secure your account now. Reply with your full name, phone number, and mailing address to claim."
ham,"Dear Dr. Miller, Let me know if 3:00 PM works for a quick 15-minute sync on the marketing campaign. Have a great day, Mia"
spam,"EXCLUSIVE PROMOTION: Refinance your mortgage today and save hundreds every month. No closing costs! Reply with your full name, phone number, and mailing address to claim."
ham,"Good morning David, Your library books are due back in 3 days. Renew online if you need more time. Cheers, Olivia"
spam,"You have received 1 new pending wire transfer of $4,500.00. Click here to confirm transaction details and accept funds."
ham,"Hey Sarah, I will be out of the office next Tuesday for a doctor appointment. Thanks, Emma"
spam,"CONGRATULATIONS! You have 1 pending Bitcoin payment of 0.35 BTC waiting in your crypto wallet. Reply with your full name, phone number, and mailing address to claim."
ham,"Hi everyone, The deployment to staging completed without any errors. Ready for QA testing. Cheers, Lucas"
ham,"Hey Sarah, The deployment to staging completed without any errors. Ready for QA testing. Have a great day, Liam"
ham,"Hi everyone, Please review the attached contract draft and let me know if you have any changes. Warmly, Emma"
spam,Final Notice: Your vehicle warranty has expired. Call 1-800-555-0199 immediately to renew coverage before your policy is cancelled.
ham,"Good morning David, The deployment to staging completed without any errors. Ready for QA testing. Best regards, Ava"
ham,"Hey buddy, Please review the attached contract draft and let me know if you have any changes. Warmly, Mia"
ham,"Hey buddy, Thanks for the coffee catchup earlier! Let's follow up next week regarding the design. Best regards, Noah"
ham,"Hey Sarah, The conference room for tomorrow's client presentation has been reserved. Sincerely, Noah"
ham,"Dear Dr. Miller, Your library books are due back in 3 days. Renew online if you need more time. Cheers, Sophia"
ham,"Dear Dr. Miller, The deployment to staging completed without any errors. Ready for QA testing. Have a great day, Ava"
ham,"Good morning David, Please review the attached contract draft and let me know if you have any changes. Talk soon, James"
spam,"ATTENTION: IRS Tax Refund Notification. You have an unclaimed refund of $1,840. Submit your tax identification form at http://irs-tax-refunds-gov.biz"
spam,"Work from home and earn $500 to $1,500 daily with no experience required! Flexible hours. Start immediately by clicking here."
ham,"Hello Team, I reviewed your code changes and left a couple of minor comments on GitHub. Talk soon, Mia"
ham,"Hey Sarah, Please submit your travel expense reports by the end of the month for reimbursement. Have a great day, Lucas"
ham,"Good morning David, Attached is the agenda for our upcoming quarterly business review. Thanks, Daniel"
spam,"Urgent Alert: Suspicious transaction of $899.00 detected on your Amazon account. If this was not you, call fraud prevention immediately at 1-888-234-5678."
ham,"Dear student, your assignment submission for CS 101 has been received and graded. Check the student portal for feedback."
ham,"Dear Dr. Miller, The deployment to staging completed without any errors. Ready for QA testing. Talk soon, Emma"
ham,Thanks for sending over the invoice. I have forwarded it to our accounts department for processing.
ham,"Hey buddy, Attached is the agenda for our upcoming quarterly business review. Warmly, Mia"
ham,"Good morning David, Please review the attached contract draft and let me know if you have any changes. Talk soon, Daniel"
ham,"Thank you for attending our product demo yesterday. As requested, here is the recording link and technical whitepaper."
ham,"Hi Robert, Your library books are due back in 3 days. Renew online if you need more time. Cheers, Noah"
ham,"Dear Dr. Miller, The deployment to staging completed without any errors. Ready for QA testing. Warmly, Ava"
ham,"Good morning David, The conference room for tomorrow's client presentation has been reserved. Cheers, Mia"
ham,"Hi team, just a quick reminder to submit your timesheets by 5 PM today for payroll processing."
ham,"Dear Customer, The deployment to staging completed without any errors. Ready for QA testing. Cheers, Ava"
ham,"Good morning David, Here is the updated project roadmap following our team discussion yesterday. Thanks, Sophia"
spam,Instant Cash Award: Your online banking password expires in 24 hours. Log in now to keep your account active. Text WIN to 78900 to enter now. Standard rates apply.
ham,"Dear Dr. Miller, Thanks for the coffee catchup earlier! Let's follow up next week regarding the design. Warmly, Noah"
ham,"Hey Sarah, The deployment to staging completed without any errors. Ready for QA testing. Sincerely, Mia"
ham,"Hi Robert, Please review the attached contract draft and let me know if you have any changes. Best regards, Lucas"
spam,"Urgent Alert: Suspicious transaction of $899.00 detected on your Amazon account. If this was not you, call fraud prevention immediately at 1-888-234-5678."
ham,"Hi Alex, Attached is the agenda for our upcoming quarterly business review. Cheers, Liam"
ham,"Hello Team, Here is the updated project roadmap following our team discussion yesterday. Talk soon, Lucas"
spam,"SECURITY NOTICE: Hot discount deals on electronics, smartphones and laptops. Order now while stock lasts. Text WIN to 78900 to enter now. Standard rates apply."
ham,"Dear Dr. Miller, The deployment to staging completed without any errors. Ready for QA testing. Warmly, James"
ham,"Hey Sarah, I reviewed your code changes and left a couple of minor comments on GitHub. Have a great day, Daniel"
spam,"CONGRATULATIONS! Earn up to $3,000 every week working just 2 hours a day from your phone or laptop. Reply with your full name, phone number, and mailing address to claim."
spam,Warning: Your mailbox is 99% full. You will not be able to receive incoming emails. Click here to upgrade mailbox storage for free.
ham,"Hi Alex, Can you send me the latest version of the spreadsheet when you get a chance? Sincerely, Emma"
ham,The pull request for the email validation bug fix has been reviewed and merged into the main branch.
ham,"Hi Alex, I reviewed your code changes and left a couple of minor comments on GitHub. Warmly, Emma"
spam,ACTION REQUIRED: You won a brand new iPhone 15 Pro! Confirm your shipping address to receive delivery. Visit http://secure-portal-update.org to update your credentials immediately.
spam,ACTION REQUIRED: You won a brand new iPhone 15 Pro! Confirm your shipping address to receive delivery. Download your prize confirmation certificate at http://rewards-winner.net
ham,The server maintenance has been successfully completed. All systems and database instances are fully operational.
ham,"Good afternoon Rachel, Please submit your travel expense reports by the end of the month for reimbursement. Best regards, Lucas"
ham,"Hi Alex, Can you send me the latest version of the spreadsheet when you get a chance? Sincerely, Mia"
spam,Warning: Your mailbox is 99% full. You will not be able to receive incoming emails. Click here to upgrade mailbox storage for free.
ham,"Hi team, just a quick reminder to submit your timesheets by 5 PM today for payroll processing."
spam,"Instant Cash Award: Your online banking password expires in 24 hours. Log in now to keep your account active. Hurry, offer expires in 6 hours! Act now."
ham,"Good afternoon Rachel, Let me know if 3:00 PM works for a quick 15-minute sync on the marketing campaign. Thanks, Ava"
spam,"Instant Cash Award: Urgent: Unrecognized login detected from Moscow, Russia. Secure your account now. Download your prize confirmation certificate at http://rewards-winner.net"
ham,"Dear Customer, Attached is the agenda for our upcoming quarterly business review. Have a great day, Ava"
ham,"Hi Alex, Attached is the agenda for our upcoming quarterly business review. Best regards, Sophia"
ham,"Hi Alex, Attached is the agenda for our upcoming quarterly business review. Best regards, Daniel"
spam,"Limited Time Offer: Your Apple ID has been locked for security reasons. Click here to verify your identity. Hurry, offer expires in 6 hours! Act now."
ham,"Hey buddy, Please submit your travel expense reports by the end of the month for reimbursement. Sincerely, James"
ham,"Hey Sarah, I will be out of the office next Tuesday for a doctor appointment. Cheers, Olivia"
ham,"Good morning David, Your library books are due back in 3 days. Renew online if you need more time. Best regards, James"
spam,Your Netflix subscription has expired. Update your billing credit card details to avoid service termination: http://netflix-account-renewal.com
spam,"Dear customer, your parcel delivery is on hold due to unpaid customs fee of $2.99. Pay immediately to avoid return to sender: http://parcel-tracking-fees.com"
spam,"You're a winner! Save 75% on health supplements, vitamins and male enhancement pills with free shipping. Visit http://secure-portal-update.org to update your credentials immediately."
spam,ACTION REQUIRED: Your Apple ID has been locked for security reasons. Click here to verify your identity. Call toll-free 1-800-555-9122 now to claim before midnight.
ham,"Dear Dr. Miller, I reviewed your code changes and left a couple of minor comments on GitHub. Best regards, Lucas"
spam,FREE entry into our £250 weekly competition just text the word WIN to 80086 NOW. 18+ T&Cs apply.
spam,You're a winner! You won a brand new iPhone 15 Pro! Confirm your shipping address to receive delivery. Call toll-free 1-800-555-9122 now to claim before midnight.
ham,"Hi everyone, Let me know if 3:00 PM works for a quick 15-minute sync on the marketing campaign. Talk soon, Mia"
spam,"Ref: 4920492. You have won a guaranteed cash prize of $5,000 or a trip to Bahamas! Call 09050000301 to claim today."
ham,"Hi everyone, I reviewed your code changes and left a couple of minor comments on GitHub. Cheers, Lucas"
ham,"Good morning Sarah, could you please review the attached slide deck before our client presentation at 2 PM?"
ham,"Hi Robert, The conference room for tomorrow's client presentation has been reserved. Thanks, Olivia"
ham,"Hi Alex, I reviewed your code changes and left a couple of minor comments on GitHub. Sincerely, Daniel"
ham,"Good afternoon Rachel, Please submit your travel expense reports by the end of the month for reimbursement. Cheers, Olivia"
ham,The server maintenance has been successfully completed. All systems and database instances are fully operational.
ham,"Hello Team, I reviewed your code changes and left a couple of minor comments on GitHub. Best regards, Lucas"
spam,WINNER!! As a valued customer you have been chosen to win a £900 prize reward! To claim call 09061701461. Claim code KL341. Valid 12 hours only.
ham,"Good afternoon Rachel, Here is the updated project roadmap following our team discussion yesterday. Cheers, Liam"
spam,Limited Time Offer: You have 1 pending Bitcoin payment of 0.35 BTC waiting in your crypto wallet. Visit http://secure-portal-update.org to update your credentials immediately.
ham,"Hey buddy, Please review the attached contract draft and let me know if you have any changes. Warmly, Mia"
ham,"Hello Team, Can you send me the latest version of the spreadsheet when you get a chance? Cheers, Liam"
ham,"Good morning Sarah, could you please review the attached slide deck before our client presentation at 2 PM?"
ham,"Hey Sarah, Please submit your travel expense reports by the end of the month for reimbursement. Cheers, Daniel"
ham,"Dear Customer, Thanks for the coffee catchup earlier! Let's follow up next week regarding the design. Cheers, James"
ham,"Hi Robert, The conference room for tomorrow's client presentation has been reserved. Best regards, Liam"
ham,"Hello Team, Please submit your travel expense reports by the end of the month for reimbursement. Talk soon, Ava"
ham,"Hi Alex, Here is the updated project roadmap following our team discussion yesterday. Cheers, Olivia"
ham,"Dear Customer, Let me know if 3:00 PM works for a quick 15-minute sync on the marketing campaign. Best regards, Lucas"
ham,"Hi team, just a quick reminder to submit your timesheets by 5 PM today for payroll processing."
ham,"Hello Team, I reviewed your code changes and left a couple of minor comments on GitHub. Sincerely, Lucas"
ham,"Hi Alex, I will be out of the office next Tuesday for a doctor appointment. Thanks, James"
ham,"Hey buddy, Please review the attached contract draft and let me know if you have any changes. Sincerely, Mia"
ham,"Hi Alex, Can you send me the latest version of the spreadsheet when you get a chance? Cheers, Daniel"
ham,"Hey buddy, Let me know if 3:00 PM works for a quick 15-minute sync on the marketing campaign. Sincerely, Lucas"
spam,WINNER!! As a valued customer you have been chosen to win a £900 prize reward! To claim call 09061701461. Claim code KL341. Valid 12 hours only.
ham,"Good afternoon Rachel, The deployment to staging completed without any errors. Ready for QA testing. Cheers, James"
ham,"Hi Alex, Please review the attached contract draft and let me know if you have any changes. Cheers, Ava"
ham,Please find attached your monthly bank statement for the period ending March 31st. Thank you for banking with us.
ham,The server maintenance has been successfully completed. All systems and database instances are fully operational.
ham,"Good afternoon Rachel, Here is the updated project roadmap following our team discussion yesterday. Warmly, Noah"
ham,"Good afternoon Rachel, The deployment to staging completed without any errors. Ready for QA testing. Cheers, Lucas"
ham,"Hi team, please find attached the meeting notes and action items from today's sprint planning session."
ham,"Good morning David, I will be out of the office next Tuesday for a doctor appointment. Talk soon, Daniel"
ham,"Good morning David, Here is the updated project roadmap following our team discussion yesterday. Thanks, Emma"
ham,"Hi everyone, The conference room for tomorrow's client presentation has been reserved. Warmly, James"
ham,"Good afternoon Rachel, Please submit your travel expense reports by the end of the month for reimbursement. Cheers, Liam"
ham,Your order #48291 has shipped! You can track your package delivery progress directly through the official carrier website.
ham,"Good afternoon Rachel, Please review the attached contract draft and let me know if you have any changes. Thanks, Emma"
ham,"Hi everyone, I reviewed your code changes and left a couple of minor comments on GitHub. Have a great day, Emma"
spam,"Instant Cash Award: Save 75% on health supplements, vitamins and male enhancement pills with free shipping. Call toll-free 1-800-555-9122 now to claim before midnight."
ham,"Hi John, hope you are having a productive week. Just following up on the quarterly budget report we discussed on Monday."
spam,Instant Cash Award: Your online banking password expires in 24 hours. Log in now to keep your account active. Download your prize confirmation certificate at http://rewards-winner.net
ham,"Hey buddy, Your library books are due back in 3 days. Renew online if you need more time. Cheers, Emma"
ham,"Hi John, hope you are having a productive week. Just following up on the quarterly budget report we discussed on Monday."
ham,The server maintenance has been successfully completed. All systems and database instances are fully operational.
ham,"Hey Sarah, Attached is the agenda for our upcoming quarterly business review. Thanks, Noah"
ham,"Good afternoon Rachel, The conference room for tomorrow's client presentation has been reserved. Sincerely, Emma"
ham,"Hi everyone, Attached is the agenda for our upcoming quarterly business review. Warmly, Daniel"
ham,"Hey buddy, The conference room for tomorrow's client presentation has been reserved. Talk soon, James"
spam,"ACTION REQUIRED: Get 10,000 Instagram followers and TikTok likes instantly for only $9.99. Hurry, offer expires in 6 hours! Act now."
ham,"Good morning David, Can you send me the latest version of the spreadsheet when you get a chance? Cheers, Mia"
spam,"URGENT ALERT: Get 10,000 Instagram followers and TikTok likes instantly for only $9.99. Call toll-free 1-800-555-9122 now to claim before midnight."
spam,EXCLUSIVE PROMOTION: Your Apple ID has been locked for security reasons. Click here to verify your identity. Text WIN to 78900 to enter now. Standard rates apply.
ham,"Hello Team, Can you send me the latest version of the spreadsheet when you get a chance? Have a great day, Mia"
spam,"Account Notification: Earn up to $3,000 every week working just 2 hours a day from your phone or laptop. Download your prize confirmation certificate at http://rewards-winner.net"
spam,Exclusive Invitation: Double your cryptocurrency investments in just 48 hours with our automated Bitcoin trading bot! Join VIP club now.
ham,"Hi Michael, can you please send me the updated contact information for the vendor? We need to finalize the contract."
ham,"Hello Team, Thanks for the coffee catchup earlier! Let's follow up next week regarding the design. Warmly, Emma"
ham,The server maintenance has been successfully completed. All systems and database instances are fully operational.
ham,"Hi Alex, I reviewed your code changes and left a couple of minor comments on GitHub. Cheers, Sophia"
ham,"Hey buddy, I reviewed your code changes and left a couple of minor comments on GitHub. Warmly, Olivia"
ham,"Hi Robert, Let me know if 3:00 PM works for a quick 15-minute sync on the marketing campaign. Have a great day, James"
spam,Account Notification: Refinance your mortgage today and save hundreds every month. No closing costs! Text WIN to 78900 to enter now. Standard rates apply.
spam,"CONGRATULATIONS! Urgent: Unrecognized login detected from Moscow, Russia. Secure your account now. Click here immediately: http://promo-reward-portal.com"
ham,"Hey Sarah, Here is the updated project roadmap following our team discussion yesterday. Warmly, Olivia"
ham,Thanks for sending over the invoice. I have forwarded it to our accounts department for processing.
ham,"Dear patient, this is a friendly reminder of your upcoming dental appointment scheduled for Thursday at 10:00 AM."
ham,"Hi Mom, I arrived safely at the hotel. The flight was on time and everything went smoothly. Talk to you tomorrow!"
ham,"Hi everyone, Attached is the agenda for our upcoming quarterly business review. Best regards, Daniel"
ham,"Good morning David, Your library books are due back in 3 days. Renew online if you need more time. Thanks, Liam"
spam,"FINAL NOTICE: Get 10,000 Instagram followers and TikTok likes instantly for only $9.99. Download your prize confirmation certificate at http://rewards-winner.net"
spam,"Work from home and earn $500 to $1,500 daily with no experience required! Flexible hours. Start immediately by clicking here."
ham,"Hi everyone, The deployment to staging completed without any errors. Ready for QA testing. Sincerely, Ava"
spam,"Dear Winner, You have inherited $8.5 Million USD from a deceased relative. Reply with your passport and bank info to start transfer process."
ham,"Good morning David, Attached is the agenda for our upcoming quarterly business review. Sincerely, Liam"
ham,"Hey buddy, I will be out of the office next Tuesday for a doctor appointment. Talk soon, Daniel"
spam,Warning: Your mailbox is 99% full. You will not be able to receive incoming emails. Click here to upgrade mailbox storage for free.
ham,"Hello Team, The conference room for tomorrow's client presentation has been reserved. Cheers, Sophia"
spam,"CONGRATULATIONS! Get 10,000 Instagram followers and TikTok likes instantly for only $9.99. Download your prize confirmation certificate at http://rewards-winner.net"
spam,EXCLUSIVE PROMOTION: Refinance your mortgage today and save hundreds every month. No closing costs! Visit http://secure-portal-update.org to update your credentials immediately.
spam,"Flash Sale! 90% off Designer Watches, Rolex, Omega, Gucci! Limited time clearance stock. Shop now at http://luxury-outlet-deals.shop"
ham,Thanks for sending over the invoice. I have forwarded it to our accounts department for processing.
spam,"ATTENTION: IRS Tax Refund Notification. You have an unclaimed refund of $1,840. Submit your tax identification form at http://irs-tax-refunds-gov.biz"
spam,"SECURITY NOTICE: Get 10,000 Instagram followers and TikTok likes instantly for only $9.99. Hurry, offer expires in 6 hours! Act now."
ham,"Dear Customer, Your library books are due back in 3 days. Renew online if you need more time. Best regards, James"
spam,"Instant Cash Award: Urgent: Unrecognized login detected from Moscow, Russia. Secure your account now. Call toll-free 1-800-555-9122 now to claim before midnight."
ham,"Good morning David, Can you send me the latest version of the spreadsheet when you get a chance? Talk soon, Mia"
ham,Your ride with Uber has completed. Total charged: $14.25. View your trip receipt in the app.
ham,"Dear Dr. Miller, I will be out of the office next Tuesday for a doctor appointment. Talk soon, Daniel"
spam,Exclusive Invitation: Double your cryptocurrency investments in just 48 hours with our automated Bitcoin trading bot! Join VIP club now.
ham,"Good morning David, Please review the attached contract draft and let me know if you have any changes. Best regards, Mia"
spam,You're a winner! Refinance your mortgage today and save hundreds every month. No closing costs! Download your prize confirmation certificate at http://rewards-winner.net
ham,"Good morning David, Here is the updated project roadmap following our team discussion yesterday. Sincerely, Liam"
ham,Hey! Are we still on for lunch tomorrow around 12:30? Let me know which restaurant you prefer.
ham,"Dear Dr. Miller, Here is the updated project roadmap following our team discussion yesterday. Have a great day, Noah"
spam,Warning: Your mailbox is 99% full. You will not be able to receive incoming emails. Click here to upgrade mailbox storage for free.
ham,"Dear Customer, The conference room for tomorrow's client presentation has been reserved. Warmly, Mia"
spam,Your Netflix subscription has expired. Update your billing credit card details to avoid service termination: http://netflix-account-renewal.com
spam,"CONGRATULATIONS! Earn up to $3,000 every week working just 2 hours a day from your phone or laptop. Reply with your full name, phone number, and mailing address to claim."
ham,"Hey buddy, I will be out of the office next Tuesday for a doctor appointment. Cheers, Olivia"
ham,"Hi Alex, Please submit your travel expense reports by the end of the month for reimbursement. Thanks, Emma"
spam,CONGRATULATIONS! Refinance your mortgage today and save hundreds every month. No closing costs! Click here immediately: http://promo-reward-portal.com
spam,"Dear customer, your parcel delivery is on hold due to unpaid customs fee of $2.99. Pay immediately to avoid return to sender: http://parcel-tracking-fees.com"
ham,"Hi Alex, Can you send me the latest version of the spreadsheet when you get a chance? Sincerely, Lucas"
ham,"Good afternoon Rachel, Attached is the agenda for our upcoming quarterly business review. Thanks, Emma"
ham,"Hey Sarah, I will be out of the office next Tuesday for a doctor appointment. Best regards, Sophia"
ham,"Hi John, hope you are having a productive week. Just following up on the quarterly budget report we discussed on Monday."
ham,"Hi team, just a quick reminder to submit your timesheets by 5 PM today for payroll processing."
ham,"Hi Robert, The deployment to staging completed without any errors. Ready for QA testing. Sincerely, Mia"
ham,"Hi Alex, Can you send me the latest version of the spreadsheet when you get a chance? Thanks, Mia"
ham,"Hi Alex, Thanks for the coffee catchup earlier! Let's follow up next week regarding the design. Sincerely, Mia"
ham,"Dear Dr. Miller, I reviewed your code changes and left a couple of minor comments on GitHub. Thanks, Daniel"
ham,"Hi Alex, Attached is the agenda for our upcoming quarterly business review. Sincerely, Olivia"
ham,"Hi Robert, Your library books are due back in 3 days. Renew online if you need more time. Thanks, Ava"
spam,"ACTION REQUIRED: Claim your $500 gift card today by completing this 2-minute survey. Reply with your full name, phone number, and mailing address to claim."
spam,"Dear customer, your parcel delivery is on hold due to unpaid customs fee of $2.99. Pay immediately to avoid return to sender: http://parcel-tracking-fees.com"
ham,"Good morning David, I reviewed your code changes and left a couple of minor comments on GitHub. Warmly, Emma"
ham,"Hi team, just a quick reminder to submit your timesheets by 5 PM today for payroll processing."
ham,"Hi team, just a quick reminder to submit your timesheets by 5 PM today for payroll processing."
spam,"Dear Winner, You have inherited $8.5 Million USD from a deceased relative. Reply with your passport and bank info to start transfer process."
ham,"Hi Michael, can you please send me the updated contact information for the vendor? We need to finalize the contract."
ham,"Dear Dr. Miller, I will be out of the office next Tuesday for a doctor appointment. Thanks, Liam"
spam,Your Netflix subscription has expired. Update your billing credit card details to avoid service termination: http://netflix-account-renewal.com
ham,"Dear student, your assignment submission for CS 101 has been received and graded. Check the student portal for feedback."
ham,"Hi Robert, I will be out of the office next Tuesday for a doctor appointment. Sincerely, James"
ham,"Hi Alex, Thanks for the coffee catchup earlier! Let's follow up next week regarding the design. Sincerely, Liam"
spam,"EXCLUSIVE PROMOTION: Get 10,000 Instagram followers and TikTok likes instantly for only $9.99. Visit http://secure-portal-update.org to update your credentials immediately."
spam,Account Notification: Refinance your mortgage today and save hundreds every month. No closing costs! Click here immediately: http://promo-reward-portal.com
ham,"Dear Dr. Miller, Please submit your travel expense reports by the end of the month for reimbursement. Thanks, Mia"
ham,"Dear Dr. Miller, Your library books are due back in 3 days. Renew online if you need more time. Sincerely, Sophia"
spam,"Account Notification: Hot discount deals on electronics, smartphones and laptops. Order now while stock lasts. Download your prize confirmation certificate at http://rewards-winner.net"
spam,"Limited Time Offer: Claim your $500 gift card today by completing this 2-minute survey. Hurry, offer expires in 6 hours! Act now."
ham,Please find attached your monthly bank statement for the period ending March 31st. Thank you for banking with us.
ham,"Hello Team, Let me know if 3:00 PM works for a quick 15-minute sync on the marketing campaign. Have a great day, Emma"
spam,"You have received 1 new pending wire transfer of $4,500.00. Click here to confirm transaction details and accept funds."
ham,"Hi everyone, Please submit your travel expense reports by the end of the month for reimbursement. Talk soon, Mia"
spam,Warning: Your mailbox is 99% full. You will not be able to receive incoming emails. Click here to upgrade mailbox storage for free.
ham,"Hi everyone, Please review the attached contract draft and let me know if you have any changes. Warmly, Liam"
ham,"Hey buddy, Thanks for the coffee catchup earlier! Let's follow up next week regarding the design. Sincerely, James"
spam,"Instant Cash Award: Earn up to $3,000 every week working just 2 hours a day from your phone or laptop. Text WIN to 78900 to enter now. Standard rates apply."
ham,The pull request for the email validation bug fix has been reviewed and merged into the main branch.
ham,"Hi Mom, I arrived safely at the hotel. The flight was on time and everything went smoothly. Talk to you tomorrow!"
spam,CONGRATULATIONS! Your Apple ID has been locked for security reasons. Click here to verify your identity. Visit http://secure-portal-update.org to update your credentials immediately.
ham,"Hey Dave, do you have a few minutes this afternoon to help me debug the backend authentication issue?"
spam,FINAL NOTICE: Claim your $500 gift card today by completing this 2-minute survey. Click here immediately: http://promo-reward-portal.com
ham,"Hello Team, Please review the attached contract draft and let me know if you have any changes. Thanks, Noah"
ham,"Hi Alex, The conference room for tomorrow's client presentation has been reserved. Sincerely, James"
ham,"Good morning David, Please review the attached contract draft and let me know if you have any changes. Talk soon, Lucas"
spam,"ATTENTION: IRS Tax Refund Notification. You have an unclaimed refund of $1,840. Submit your tax identification form at http://irs-tax-refunds-gov.biz"
ham,"Hey buddy, Please review the attached contract draft and let me know if you have any changes. Have a great day, Noah"
ham,"Hi everyone, The conference room for tomorrow's client presentation has been reserved. Have a great day, Daniel"
ham,"Hi everyone, I reviewed your code changes and left a couple of minor comments on GitHub. Best regards, James"
ham,"Hello Team, Attached is the agenda for our upcoming quarterly business review. Warmly, Sophia"
ham,"Hi Robert, I will be out of the office next Tuesday for a doctor appointment. Best regards, Mia"
spam,Account Notification: Claim your $500 gift card today by completing this 2-minute survey. Visit http://secure-portal-update.org to update your credentials immediately.
spam,Your Netflix subscription has expired. Update your billing credit card details to avoid service termination: http://netflix-account-renewal.com
ham,"Good morning David, Thanks for the coffee catchup earlier! Let's follow up next week regarding the design. Talk soon, Sophia"
ham,"Hey Sarah, Please submit your travel expense reports by the end of the month for reimbursement. Sincerely, Lucas"
ham,Hey! Are we still on for lunch tomorrow around 12:30? Let me know which restaurant you prefer.
ham,"Hey Dave, do you have a few minutes this afternoon to help me debug the backend authentication issue?"
ham,"Hi Robert, Your library books are due back in 3 days. Renew online if you need more time. Thanks, Sophia"
spam,Instant Cash Award: Your Apple ID has been locked for security reasons. Click here to verify your identity. Call toll-free 1-800-555-9122 now to claim before midnight.
spam,"EXCLUSIVE PROMOTION: Save 75% on health supplements, vitamins and male enhancement pills with free shipping. Download your prize confirmation certificate at http://rewards-winner.net"
ham,"Hi Mom, I arrived safely at the hotel. The flight was on time and everything went smoothly. Talk to you tomorrow!"
ham,"Hi Robert, I will be out of the office next Tuesday for a doctor appointment. Cheers, Emma"
ham,"Hi everyone, The deployment to staging completed without any errors. Ready for QA testing. Sincerely, Noah"
ham,"Hi Alex, Attached is the agenda for our upcoming quarterly business review. Have a great day, Sophia"
spam,"Dear Winner, You have inherited $8.5 Million USD from a deceased relative. Reply with your passport and bank info to start transfer process."
ham,"Hi Robert, The deployment to staging completed without any errors. Ready for QA testing. Sincerely, James"
ham,"Hi Robert, The deployment to staging completed without any errors. Ready for QA testing. Talk soon, Daniel"
ham,"Dear Customer, Please submit your travel expense reports by the end of the month for reimbursement. Sincerely, Emma"
spam,Guaranteed Weight Loss! Drop 20 pounds in 2 weeks without diet or exercise. 100% natural miracle supplement. Order now for 70% off!
ham,"Hi everyone, The conference room for tomorrow's client presentation has been reserved. Thanks, Mia"
spam,WINNER!! As a valued customer you have been chosen to win a £900 prize reward! To claim call 09061701461. Claim code KL341. Valid 12 hours only.
spam,"ATTENTION: IRS Tax Refund Notification. You have an unclaimed refund of $1,840. Submit your tax identification form at http://irs-tax-refunds-gov.biz"
ham,"Dear Dr. Miller, Here is the updated project roadmap following our team discussion yesterday. Sincerely, Olivia"
ham,"Good morning David, Your library books are due back in 3 days. Renew online if you need more time. Have a great day, James"
spam,Guaranteed Weight Loss! Drop 20 pounds in 2 weeks without diet or exercise. 100% natural miracle supplement. Order now for 70% off!
ham,"Dear Customer, Here is the updated project roadmap following our team discussion yesterday. Sincerely, Noah"
spam,"ACTION REQUIRED: Your online banking password expires in 24 hours. Log in now to keep your account active. Reply with your full name, phone number, and mailing address to claim."
ham,Please find attached your monthly bank statement for the period ending March 31st. Thank you for banking with us.
ham,"Hi Alex, Your library books are due back in 3 days. Renew online if you need more time. Have a great day, Ava"
spam,Exclusive Invitation: Double your cryptocurrency investments in just 48 hours with our automated Bitcoin trading bot! Join VIP club now.
spam,"ACTION REQUIRED: Earn up to $3,000 every week working just 2 hours a day from your phone or laptop. Reply with your full name, phone number, and mailing address to claim."
ham,"Hi Robert, Your library books are due back in 3 days. Renew online if you need more time. Have a great day, Daniel"
spam,Exclusive Invitation: Double your cryptocurrency investments in just 48 hours with our automated Bitcoin trading bot! Join VIP club now.
ham,"Hey buddy, I will be out of the office next Tuesday for a doctor appointment. Have a great day, Lucas"
spam,"ATTENTION: IRS Tax Refund Notification. You have an unclaimed refund of $1,840. Submit your tax identification form at http://irs-tax-refunds-gov.biz"
ham,"Hey buddy, I will be out of the office next Tuesday for a doctor appointment. Cheers, Olivia"
ham,"Hey buddy, Please submit your travel expense reports by the end of the month for reimbursement. Sincerely, Lucas"
ham,"Hey Sarah, Attached is the agenda for our upcoming quarterly business review. Best regards, Emma"
ham,"Good morning David, Here is the updated project roadmap following our team discussion yesterday. Sincerely, Emma"
ham,"Hey Sarah, Please submit your travel expense reports by the end of the month for reimbursement. Have a great day, Noah"
ham,"Good morning David, Here is the updated project roadmap following our team discussion yesterday. Sincerely, Olivia"
ham,"Hey Sarah, The deployment to staging completed without any errors. Ready for QA testing. Thanks, James"
spam,"Dear customer, your parcel delivery is on hold due to unpaid customs fee of $2.99. Pay immediately to avoid return to sender: http://parcel-tracking-fees.com"
spam,SECURITY NOTICE: You have 1 pending Bitcoin payment of 0.35 BTC waiting in your crypto wallet. Click here immediately: http://promo-reward-portal.com
ham,"Hi Alex, Let me know if 3:00 PM works for a quick 15-minute sync on the marketing campaign. Best regards, Daniel"
ham,The server maintenance has been successfully completed. All systems and database instances are fully operational.
ham,"Hi Alex, Attached is the agenda for our upcoming quarterly business review. Talk soon, Noah"
spam,Your Netflix subscription has expired. Update your billing credit card details to avoid service termination: http://netflix-account-renewal.com
ham,"Hi everyone, Attached is the agenda for our upcoming quarterly business review. Best regards, Lucas"
spam,"Urgent Alert: Suspicious transaction of $899.00 detected on your Amazon account. If this was not you, call fraud prevention immediately at 1-888-234-5678."
ham,"Hi Alex, Can you send me the latest version of the spreadsheet when you get a chance? Thanks, Ava"
spam,ACTION REQUIRED: Refinance your mortgage today and save hundreds every month. No closing costs! Download your prize confirmation certificate at http://rewards-winner.net
ham,"Hi everyone, the office will be closed this coming Friday for the national holiday. Have a wonderful long weekend!"
ham,"Dear patient, this is a friendly reminder of your upcoming dental appointment scheduled for Thursday at 10:00 AM."
spam,Exclusive Invitation: Double your cryptocurrency investments in just 48 hours with our automated Bitcoin trading bot! Join VIP club now.
ham,Hey! Are we still on for lunch tomorrow around 12:30? Let me know which restaurant you prefer.
ham,"Good morning David, Attached is the agenda for our upcoming quarterly business review. Warmly, Emma"
ham,"Good afternoon Rachel, Your library books are due back in 3 days. Renew online if you need more time. Sincerely, Liam"
ham,"Hi Robert, The deployment to staging completed without any errors. Ready for QA testing. Best regards, Ava"
ham,"Hey buddy, I will be out of the office next Tuesday for a doctor appointment. Thanks, Noah"
spam,"Urgent Alert: Suspicious transaction of $899.00 detected on your Amazon account. If this was not you, call fraud prevention immediately at 1-888-234-5678."
spam,"ACTION REQUIRED: Get 10,000 Instagram followers and TikTok likes instantly for only $9.99. Visit http://secure-portal-update.org to update your credentials immediately."
spam,"ATTENTION: IRS Tax Refund Notification. You have an unclaimed refund of $1,840. Submit your tax identification form at http://irs-tax-refunds-gov.biz"
ham,"Hi Robert, I will be out of the office next Tuesday for a doctor appointment. Cheers, Olivia"
ham,"Hi everyone, Let me know if 3:00 PM works for a quick 15-minute sync on the marketing campaign. Thanks, Daniel"
ham,"Good morning Sarah, could you please review the attached slide deck before our client presentation at 2 PM?"
ham,"Dear Customer, Thanks for the coffee catchup earlier! Let's follow up next week regarding the design. Talk soon, Daniel"
ham,"Hi Robert, Can you send me the latest version of the spreadsheet when you get a chance? Have a great day, Lucas"
ham,"Hey buddy, Thanks for the coffee catchup earlier! Let's follow up next week regarding the design. Cheers, Mia"
ham,Your ride with Uber has completed. Total charged: $14.25. View your trip receipt in the app.
ham,"Good morning David, The deployment to staging completed without any errors. Ready for QA testing. Talk soon, Olivia"
spam,"FINAL NOTICE: You won a brand new iPhone 15 Pro! Confirm your shipping address to receive delivery. Hurry, offer expires in 6 hours! Act now."
ham,"Good morning Sarah, could you please review the attached slide deck before our client presentation at 2 PM?"
ham,"Hello Team, I will be out of the office next Tuesday for a doctor appointment. Thanks, Sophia"
ham,"Hello Team, Thanks for the coffee catchup earlier! Let's follow up next week regarding the design. Best regards, Liam"
ham,Please find attached your monthly bank statement for the period ending March 31st. Thank you for banking with us.
spam,"CONGRATULATIONS! You have been pre-selected for a $25,000 unsecured personal loan at low interest rate. Reply with your full name, phone number, and mailing address to claim."
ham,"Hey buddy, Can you send me the latest version of the spreadsheet when you get a chance? Sincerely, Liam"
ham,"Good morning Sarah, could you please review the attached slide deck before our client presentation at 2 PM?"
ham,"Hi Alex, Let me know if 3:00 PM works for a quick 15-minute sync on the marketing campaign. Cheers, Daniel"
ham,"Hey buddy, I will be out of the office next Tuesday for a doctor appointment. Talk soon, Noah"
ham,"Hi Robert, Please submit your travel expense reports by the end of the month for reimbursement. Warmly, Liam"
ham,"Good afternoon Rachel, Attached is the agenda for our upcoming quarterly business review. Thanks, Ava"
ham,"Hello Team, Here is the updated project roadmap following our team discussion yesterday. Cheers, Noah"
spam,"FINAL NOTICE: Hot discount deals on electronics, smartphones and laptops. Order now while stock lasts. Call toll-free 1-800-555-9122 now to claim before midnight."
spam,Final Notice: Your vehicle warranty has expired. Call 1-800-555-0199 immediately to renew coverage before your policy is cancelled.
ham,"Good morning David, I reviewed your code changes and left a couple of minor comments on GitHub. Warmly, Sophia"
ham,Hey! Are we still on for lunch tomorrow around 12:30? Let me know which restaurant you prefer.
ham,"Good morning David, Your library books are due back in 3 days. Renew online if you need more time. Warmly, Ava"
ham,"Hi Alex, Please submit your travel expense reports by the end of the month for reimbursement. Cheers, Lucas"
spam,"Dear Winner, You have inherited $8.5 Million USD from a deceased relative. Reply with your passport and bank info to start transfer process."
ham,"Dear Customer, The deployment to staging completed without any errors. Ready for QA testing. Talk soon, Liam"
ham,"Hi John, hope you are having a productive week. Just following up on the quarterly budget report we discussed on Monday."
ham,"Good morning David, I will be out of the office next Tuesday for a doctor appointment. Cheers, Daniel"
spam,FINAL NOTICE: Claim your $500 gift card today by completing this 2-minute survey. Visit http://secure-portal-update.org to update your credentials immediately.
spam,EXCLUSIVE PROMOTION: Your online banking password expires in 24 hours. Log in now to keep your account active. Visit http://secure-portal-update.org to update your credentials immediately.
ham,"Hi Alex, Here is the updated project roadmap following our team discussion yesterday. Cheers, Ava"
spam,Instant Cash Award: Your online banking password expires in 24 hours. Log in now to keep your account active. Visit http://secure-portal-update.org to update your credentials immediately.
spam,Limited Time Offer: Refinance your mortgage today and save hundreds every month. No closing costs! Download your prize confirmation certificate at http://rewards-winner.net
ham,Your ride with Uber has completed. Total charged: $14.25. View your trip receipt in the app.
spam,"Work from home and earn $500 to $1,500 daily with no experience required! Flexible hours. Start immediately by clicking here."
ham,"Dear patient, this is a friendly reminder of your upcoming dental appointment scheduled for Thursday at 10:00 AM."
spam,"Get pre-approved for an instant cash loan of up to $50,000 with 0% APR for the first 12 months! Apply online today at http://fast-instant-cash.net"
ham,"Hi everyone, Your library books are due back in 3 days. Renew online if you need more time. Have a great day, Lucas"
ham,"Dear Dr. Miller, Please submit your travel expense reports by the end of the month for reimbursement. Thanks, Ava"
ham,"Dear Customer, I will be out of the office next Tuesday for a doctor appointment. Warmly, Mia"
ham,Thanks for sending over the invoice. I have forwarded it to our accounts department for processing.
spam,HOT SINGLE WOMEN in your area are looking to chat tonight! Click to view verified private profiles: http://meet-singles-now.top
ham,"Hey Sarah, Please submit your travel expense reports by the end of the month for reimbursement. Sincerely, Mia"
spam,"ATTENTION: IRS Tax Refund Notification. You have an unclaimed refund of $1,840. Submit your tax identification form at http://irs-tax-refunds-gov.biz"
ham,"Good afternoon Rachel, I will be out of the office next Tuesday for a doctor appointment. Sincerely, Daniel"
ham,"Dear Dr. Miller, The deployment to staging completed without any errors. Ready for QA testing. Warmly, Sophia"
ham,"Good morning David, The conference room for tomorrow's client presentation has been reserved. Sincerely, Sophia"
spam,HOT SINGLE WOMEN in your area are looking to chat tonight! Click to view verified private profiles: http://meet-singles-now.top
spam,"EXCLUSIVE PROMOTION: Save 75% on health supplements, vitamins and male enhancement pills with free shipping. Click here immediately: http://promo-reward-portal.com"
ham,"Hi Robert, I reviewed your code changes and left a couple of minor comments on GitHub. Warmly, Lucas"
ham,"Hello Team, I reviewed your code changes and left a couple of minor comments on GitHub. Talk soon, Emma"
spam,Account Notification: You won a brand new iPhone 15 Pro! Confirm your shipping address to receive delivery. Text WIN to 78900 to enter now. Standard rates apply.
spam,"Flash Sale! 90% off Designer Watches, Rolex, Omega, Gucci! Limited time clearance stock. Shop now at http://luxury-outlet-deals.shop"
ham,Your order #48291 has shipped! You can track your package delivery progress directly through the official carrier website.
spam,FINAL NOTICE: Your online banking password expires in 24 hours. Log in now to keep your account active. Text WIN to 78900 to enter now. Standard rates apply.
ham,"Hi Mom, I arrived safely at the hotel. The flight was on time and everything went smoothly. Talk to you tomorrow!"
ham,"Hey Dave, do you have a few minutes this afternoon to help me debug the backend authentication issue?"
spam,"SECURITY NOTICE: Hot discount deals on electronics, smartphones and laptops. Order now while stock lasts. Download your prize confirmation certificate at http://rewards-winner.net"
ham,"Dear Customer, I reviewed your code changes and left a couple of minor comments on GitHub. Best regards, Daniel"
spam,Guaranteed Weight Loss! Drop 20 pounds in 2 weeks without diet or exercise. 100% natural miracle supplement. Order now for 70% off!
spam,"Dear Winner, You have inherited $8.5 Million USD from a deceased relative. Reply with your passport and bank info to start transfer process."
ham,"Hey Sarah, Can you send me the latest version of the spreadsheet when you get a chance? Best regards, Noah"
spam,"EXCLUSIVE PROMOTION: Earn up to $3,000 every week working just 2 hours a day from your phone or laptop. Download your prize confirmation certificate at http://rewards-winner.net"
ham,"Good morning Sarah, could you please review the attached slide deck before our client presentation at 2 PM?"
ham,"Hi Robert, Your library books are due back in 3 days. Renew online if you need more time. Sincerely, Emma"
spam,HOT SINGLE WOMEN in your area are looking to chat tonight! Click to view verified private profiles: http://meet-singles-now.top
spam,ACTION REQUIRED: Refinance your mortgage today and save hundreds every month. No closing costs! Download your prize confirmation certificate at http://rewards-winner.net
ham,"Hi John, hope you are having a productive week. Just following up on the quarterly budget report we discussed on Monday."
ham,"Hi Robert, Thanks for the coffee catchup earlier! Let's follow up next week regarding the design. Sincerely, Sophia"
ham,"Hello Team, Thanks for the coffee catchup earlier! Let's follow up next week regarding the design. Best regards, James"
spam,EXCLUSIVE PROMOTION: Claim your $500 gift card today by completing this 2-minute survey. Call toll-free 1-800-555-9122 now to claim before midnight.
ham,The server maintenance has been successfully completed. All systems and database instances are fully operational.
ham,"Good morning Sarah, could you please review the attached slide deck before our client presentation at 2 PM?"
spam,URGENT ALERT: You have 1 pending Bitcoin payment of 0.35 BTC waiting in your crypto wallet. Call toll-free 1-800-555-9122 now to claim before midnight.
ham,"Dear Dr. Miller, The deployment to staging completed without any errors. Ready for QA testing. Sincerely, Sophia"
ham,"Dear Customer, Can you send me the latest version of the spreadsheet when you get a chance? Have a great day, Emma"
spam,"Ref: 4920492. You have won a guaranteed cash prize of $5,000 or a trip to Bahamas! Call 09050000301 to claim today."
ham,"Good afternoon Rachel, The deployment to staging completed without any errors. Ready for QA testing. Have a great day, Noah"
spam,"You have received 1 new pending wire transfer of $4,500.00. Click here to confirm transaction details and accept funds."
spam,"Work from home and earn $500 to $1,500 daily with no experience required! Flexible hours. Start immediately by clicking here."
spam,"Instant Cash Award: Save 75% on health supplements, vitamins and male enhancement pills with free shipping. Reply with your full name, phone number, and mailing address to claim."
ham,"Hey buddy, Your library books are due back in 3 days. Renew online if you need more time. Have a great day, Daniel"
ham,"Hi everyone, I reviewed your code changes and left a couple of minor comments on GitHub. Have a great day, Mia"
spam,"Special Offer: Buy Viagra, Cialis and generic medication online without prescription. Fast discreet worldwide shipping. 80% discount."
ham,Hey! Are we still on for lunch tomorrow around 12:30? Let me know which restaurant you prefer.
spam,"SECURITY NOTICE: Get 10,000 Instagram followers and TikTok likes instantly for only $9.99. Visit http://secure-portal-update.org to update your credentials immediately."
ham,"Hello Team, Let me know if 3:00 PM works for a quick 15-minute sync on the marketing campaign. Thanks, Olivia"
ham,"Dear student, your assignment submission for CS 101 has been received and graded. Check the student portal for feedback."
spam,"Limited Time Offer: Hot discount deals on electronics, smartphones and laptops. Order now while stock lasts. Click here immediately: http://promo-reward-portal.com"
ham,"Hi team, please find attached the meeting notes and action items from today's sprint planning session."
spam,CONGRATULATIONS! Your Apple ID has been locked for security reasons. Click here to verify your identity. Text WIN to 78900 to enter now. Standard rates apply.
ham,"Hi Alex, The deployment to staging completed without any errors. Ready for QA testing. Have a great day, Noah"
ham,"Thank you for attending our product demo yesterday. As requested, here is the recording link and technical whitepaper."
ham,"Dear Customer, Can you send me the latest version of the spreadsheet when you get a chance? Sincerely, Mia"
ham,"Hi Robert, Can you send me the latest version of the spreadsheet when you get a chance? Best regards, Ava"
spam,"Account Notification: Save 75% on health supplements, vitamins and male enhancement pills with free shipping. Click here immediately: http://promo-reward-portal.com"
ham,"Hi team, please find attached the meeting notes and action items from today's sprint planning session."
ham,"Dear Customer, The conference room for tomorrow's client presentation has been reserved. Sincerely, Lucas"
ham,"Hi everyone, The conference room for tomorrow's client presentation has been reserved. Sincerely, Liam"
spam,Limited Time Offer: Claim your $500 gift card today by completing this 2-minute survey. Click here immediately: http://promo-reward-portal.com
ham,"Good morning David, Thanks for the coffee catchup earlier! Let's follow up next week regarding the design. Cheers, Emma"
ham,"Hi Alex, Please review the attached contract draft and let me know if you have any changes. Have a great day, Sophia"
ham,"Hi team, please find attached the meeting notes and action items from today's sprint planning session."
ham,"Dear Dr. Miller, Let me know if 3:00 PM works for a quick 15-minute sync on the marketing campaign. Warmly, Ava"
ham,"Dear Dr. Miller, Can you send me the latest version of the spreadsheet when you get a chance? Sincerely, Daniel"
ham,"Dear Dr. Miller, Please submit your travel expense reports by the end of the month for reimbursement. Warmly, James"
spam,"Urgent Alert: Suspicious transaction of $899.00 detected on your Amazon account. If this was not you, call fraud prevention immediately at 1-888-234-5678."
ham,"Hi Alex, Please submit your travel expense reports by the end of the month for reimbursement. Best regards, Liam"
ham,"Hey buddy, Please submit your travel expense reports by the end of the month for reimbursement. Best regards, Liam"
ham,"Hi Robert, I will be out of the office next Tuesday for a doctor appointment. Thanks, Sophia"
ham,"Hi everyone, Please review the attached contract draft and let me know if you have any changes. Best regards, Emma"
ham,"Hi Alex, Your library books are due back in 3 days. Renew online if you need more time. Thanks, Olivia"
ham,"Hey Mark, happy birthday! Hope you have a fantastic day celebrating with family and friends."
spam,EXCLUSIVE PROMOTION: Claim your $500 gift card today by completing this 2-minute survey. Download your prize confirmation certificate at http://rewards-winner.net
ham,"Dear Dr. Miller, Your library books are due back in 3 days. Renew online if you need more time. Talk soon, Olivia"
ham,"Hey Sarah, The conference room for tomorrow's client presentation has been reserved. Talk soon, James"
ham,"Hey Mark, happy birthday! Hope you have a fantastic day celebrating with family and friends."
spam,"Instant Cash Award: Urgent: Unrecognized login detected from Moscow, Russia. Secure your account now. Visit http://secure-portal-update.org to update your credentials immediately."
ham,"Hi everyone, Your library books are due back in 3 days. Renew online if you need more time. Talk soon, Daniel"
ham,"Hi everyone, Can you send me the latest version of the spreadsheet when you get a chance? Talk soon, Mia"
spam,"Limited Time Offer: Get 10,000 Instagram followers and TikTok likes instantly for only $9.99. Visit http://secure-portal-update.org to update your credentials immediately."
spam,Guaranteed Weight Loss! Drop 20 pounds in 2 weeks without diet or exercise. 100% natural miracle supplement. Order now for 70% off!
spam,Warning: Your mailbox is 99% full. You will not be able to receive incoming emails. Click here to upgrade mailbox storage for free.
ham,"Hi Alex, Your library books are due back in 3 days. Renew online if you need more time. Cheers, Sophia"
ham,"Hey buddy, Your library books are due back in 3 days. Renew online if you need more time. Talk soon, James"
ham,"Dear Customer, Here is the updated project roadmap following our team discussion yesterday. Talk soon, Ava"
ham,"Hi Alex, I will be out of the office next Tuesday for a doctor appointment. Thanks, Mia"
ham,"Hey Sarah, I reviewed your code changes and left a couple of minor comments on GitHub. Talk soon, Noah"
spam,URGENT: Your account has been temporarily locked due to suspicious login attempts. Verify your details immediately at http://security-bank-auth.com to restore access.
ham,"Hello Team, Can you send me the latest version of the spreadsheet when you get a chance? Sincerely, Sophia"
spam,"CONGRATULATIONS! Hot discount deals on electronics, smartphones and laptops. Order now while stock lasts. Hurry, offer expires in 6 hours! Act now."
ham,"Hey Sarah, Can you send me the latest version of the spreadsheet when you get a chance? Talk soon, Emma"
ham,"Hi everyone, the office will be closed this coming Friday for the national holiday. Have a wonderful long weekend!"
ham,Thanks for sending over the invoice. I have forwarded it to our accounts department for processing.
ham,"Good morning David, Thanks for the coffee catchup earlier! Let's follow up next week regarding the design. Thanks, Liam"
spam,"Limited Time Offer: Claim your $500 gift card today by completing this 2-minute survey. Reply with your full name, phone number, and mailing address to claim."
ham,"Hi team, just a quick reminder to submit your timesheets by 5 PM today for payroll processing."
ham,"Good morning David, Here is the updated project roadmap following our team discussion yesterday. Thanks, Lucas"
ham,"Dear Dr. Miller, Please submit your travel expense reports by the end of the month for reimbursement. Talk soon, Olivia"
ham,"Good morning David, Please review the attached contract draft and let me know if you have any changes. Best regards, Olivia"
ham,The pull request for the email validation bug fix has been reviewed and merged into the main branch.
ham,"Hey Sarah, Can you send me the latest version of the spreadsheet when you get a chance? Cheers, Olivia"
spam,"URGENT ALERT: Earn up to $3,000 every week working just 2 hours a day from your phone or laptop. Download your prize confirmation certificate at http://rewards-winner.net"
ham,"Hi everyone, Please review the attached contract draft and let me know if you have any changes. Sincerely, Olivia"
ham,"Hey buddy, The deployment to staging completed without any errors. Ready for QA testing. Cheers, Noah"
ham,"Dear Customer, Thanks for the coffee catchup earlier! Let's follow up next week regarding the design. Thanks, Daniel"
ham,"Good morning David, I reviewed your code changes and left a couple of minor comments on GitHub. Best regards, James"
ham,"Hey buddy, The deployment to staging completed without any errors. Ready for QA testing. Best regards, Noah"
ham,"Hi Robert, Here is the updated project roadmap following our team discussion yesterday. Have a great day, Emma"
ham,"Dear Customer, I will be out of the office next Tuesday for a doctor appointment. Have a great day, Emma"
ham,"Good afternoon Rachel, The deployment to staging completed without any errors. Ready for QA testing. Thanks, Emma"
ham,"Hi Robert, Thanks for the coffee catchup earlier! Let's follow up next week regarding the design. Have a great day, Sophia"
ham,"Hi everyone, Your library books are due back in 3 days. Renew online if you need more time. Have a great day, James"
ham,"Hey buddy, Attached is the agenda for our upcoming quarterly business review. Have a great day, Noah"
spam,"URGENT ALERT: Your online banking password expires in 24 hours. Log in now to keep your account active. Reply with your full name, phone number, and mailing address to claim."
ham,"Dear Dr. Miller, Attached is the agenda for our upcoming quarterly business review. Have a great day, Sophia"
ham,"Hi everyone, I reviewed your code changes and left a couple of minor comments on GitHub. Cheers, Sophia"
spam,"Ref: 4920492. You have won a guaranteed cash prize of $5,000 or a trip to Bahamas! Call 09050000301 to claim today."
ham,"Hey Dave, do you have a few minutes this afternoon to help me debug the backend authentication issue?"
ham,"Hi Mom, I arrived safely at the hotel. The flight was on time and everything went smoothly. Talk to you tomorrow!"
ham,"Hey buddy, The conference room for tomorrow's client presentation has been reserved. Warmly, James"
ham,"Hey buddy, Let me know if 3:00 PM works for a quick 15-minute sync on the marketing campaign. Have a great day, Sophia"
ham,"Good afternoon Rachel, The conference room for tomorrow's client presentation has been reserved. Have a great day, Mia"
spam,EXCLUSIVE PROMOTION: Your Apple ID has been locked for security reasons. Click here to verify your identity. Text WIN to 78900 to enter now. Standard rates apply.
ham,"Hello Team, Your library books are due back in 3 days. Renew online if you need more time. Cheers, Daniel"
spam,"CONGRATULATIONS! You have 1 pending Bitcoin payment of 0.35 BTC waiting in your crypto wallet. Hurry, offer expires in 6 hours! Act now."
spam,"CONGRATULATIONS! You have been pre-selected for a $25,000 unsecured personal loan at low interest rate. Text WIN to 78900 to enter now. Standard rates apply."
spam,Limited Time Offer: You won a brand new iPhone 15 Pro! Confirm your shipping address to receive delivery. Click here immediately: http://promo-reward-portal.com
ham,"Good afternoon Rachel, The conference room for tomorrow's client presentation has been reserved. Best regards, Sophia"
spam,"EXCLUSIVE PROMOTION: Urgent: Unrecognized login detected from Moscow, Russia. Secure your account now. Download your prize confirmation certificate at http://rewards-winner.net"
ham,"Hi team, just a quick reminder to submit your timesheets by 5 PM today for payroll processing."
ham,"Hi team, please find attached the meeting notes and action items from today's sprint planning session."
spam,"Account Notification: Hot discount deals on electronics, smartphones and laptops. Order now while stock lasts. Download your prize confirmation certificate at http://rewards-winner.net"
ham,"Thank you for attending our product demo yesterday. As requested, here is the recording link and technical whitepaper."
spam,WINNER!! As a valued customer you have been chosen to win a £900 prize reward! To claim call 09061701461. Claim code KL341. Valid 12 hours only.
ham,"Good morning Sarah, could you please review the attached slide deck before our client presentation at 2 PM?"
spam,FREE entry into our £250 weekly competition just text the word WIN to 80086 NOW. 18+ T&Cs apply.
spam,Account Notification: You have 1 pending Bitcoin payment of 0.35 BTC waiting in your crypto wallet. Call toll-free 1-800-555-9122 now to claim before midnight.
spam,URGENT: Your account has been temporarily locked due to suspicious login attempts. Verify your details immediately at http://security-bank-auth.com to restore access.
spam,"You have received 1 new pending wire transfer of $4,500.00. Click here to confirm transaction details and accept funds."
ham,"Dear student, your assignment submission for CS 101 has been received and graded. Check the student portal for feedback."
spam,"Special Offer: Buy Viagra, Cialis and generic medication online without prescription. Fast discreet worldwide shipping. 80% discount."
spam,Account Notification: Claim your $500 gift card today by completing this 2-minute survey. Download your prize confirmation certificate at http://rewards-winner.net
ham,"Hi Alex, The conference room for tomorrow's client presentation has been reserved. Thanks, Noah"
ham,Hey! Are we still on for lunch tomorrow around 12:30? Let me know which restaurant you prefer.
ham,"Hello Team, Let me know if 3:00 PM works for a quick 15-minute sync on the marketing campaign. Cheers, Noah"
spam,WINNER!! As a valued customer you have been chosen to win a £900 prize reward! To claim call 09061701461. Claim code KL341. Valid 12 hours only.
ham,"Good morning David, I reviewed your code changes and left a couple of minor comments on GitHub. Sincerely, Daniel"
spam,"Urgent Alert: Suspicious transaction of $899.00 detected on your Amazon account. If this was not you, call fraud prevention immediately at 1-888-234-5678."
spam,FREE entry into our £250 weekly competition just text the word WIN to 80086 NOW. 18+ T&Cs apply.
spam,"Instant Cash Award: Your Apple ID has been locked for security reasons. Click here to verify your identity. Hurry, offer expires in 6 hours! Act now."
spam,HOT SINGLE WOMEN in your area are looking to chat tonight! Click to view verified private profiles: http://meet-singles-now.top
ham,"Hi Alex, Let me know if 3:00 PM works for a quick 15-minute sync on the marketing campaign. Talk soon, Emma"
ham,"Hey Sarah, Attached is the agenda for our upcoming quarterly business review. Thanks, Lucas"
ham,"Hey buddy, I will be out of the office next Tuesday for a doctor appointment. Have a great day, Olivia"
ham,"Dear patient, this is a friendly reminder of your upcoming dental appointment scheduled for Thursday at 10:00 AM."
ham,"Hey Sarah, Please review the attached contract draft and let me know if you have any changes. Best regards, Emma"
ham,"Good morning David, Can you send me the latest version of the spreadsheet when you get a chance? Sincerely, Liam"
spam,"Instant Cash Award: Get 10,000 Instagram followers and TikTok likes instantly for only $9.99. Visit http://secure-portal-update.org to update your credentials immediately."
spam,FINAL NOTICE: Your Apple ID has been locked for security reasons. Click here to verify your identity. Visit http://secure-portal-update.org to update your credentials immediately.
spam,Final Notice: Your vehicle warranty has expired. Call 1-800-555-0199 immediately to renew coverage before your policy is cancelled.
spam,"Dear Winner, You have inherited $8.5 Million USD from a deceased relative. Reply with your passport and bank info to start transfer process."
ham,"Hi Robert, Let me know if 3:00 PM works for a quick 15-minute sync on the marketing campaign. Best regards, Mia"
spam,"Dear customer, your parcel delivery is on hold due to unpaid customs fee of $2.99. Pay immediately to avoid return to sender: http://parcel-tracking-fees.com"
ham,"Good morning David, Your library books are due back in 3 days. Renew online if you need more time. Best regards, Ava"
ham,"Hi everyone, Let me know if 3:00 PM works for a quick 15-minute sync on the marketing campaign. Warmly, Sophia"
ham,"Hello Team, Here is the updated project roadmap following our team discussion yesterday. Warmly, Daniel"
ham,"Hey Mark, happy birthday! Hope you have a fantastic day celebrating with family and friends."
spam,"ACTION REQUIRED: Urgent: Unrecognized login detected from Moscow, Russia. Secure your account now. Download your prize confirmation certificate at http://rewards-winner.net"
spam,HOT SINGLE WOMEN in your area are looking to chat tonight! Click to view verified private profiles: http://meet-singles-now.top
ham,"Dear Dr. Miller, The deployment to staging completed without any errors. Ready for QA testing. Cheers, Liam"
ham,"Hi Alex, The deployment to staging completed without any errors. Ready for QA testing. Warmly, Daniel"
spam,"You have received 1 new pending wire transfer of $4,500.00. Click here to confirm transaction details and accept funds."
ham,"Hello Team, Your library books are due back in 3 days. Renew online if you need more time. Cheers, Mia"
spam,HOT SINGLE WOMEN in your area are looking to chat tonight! Click to view verified private profiles: http://meet-singles-now.top
ham,"Good afternoon Rachel, I will be out of the office next Tuesday for a doctor appointment. Sincerely, James"
ham,"Hi everyone, Here is the updated project roadmap following our team discussion yesterday. Have a great day, Liam"
ham,"Dear Dr. Miller, The deployment to staging completed without any errors. Ready for QA testing. Talk soon, Olivia"
ham,"Hi Robert, The deployment to staging completed without any errors. Ready for QA testing. Cheers, Ava"
ham,Please find attached your monthly bank statement for the period ending March 31st. Thank you for banking with us.
ham,"Hi Alex, I reviewed your code changes and left a couple of minor comments on GitHub. Best regards, Daniel"
spam,HOT SINGLE WOMEN in your area are looking to chat tonight! Click to view verified private profiles: http://meet-singles-now.top
ham,"Dear Dr. Miller, Please review the attached contract draft and let me know if you have any changes. Cheers, James"
ham,"Hi everyone, Please review the attached contract draft and let me know if you have any changes. Cheers, Lucas"
spam,"Limited Time Offer: Hot discount deals on electronics, smartphones and laptops. Order now while stock lasts. Visit http://secure-portal-update.org to update your credentials immediately."
spam,"ATTENTION: IRS Tax Refund Notification. You have an unclaimed refund of $1,840. Submit your tax identification form at http://irs-tax-refunds-gov.biz"
spam,Final Notice: Your vehicle warranty has expired. Call 1-800-555-0199 immediately to renew coverage before your policy is cancelled.
spam,Limited Time Offer: Refinance your mortgage today and save hundreds every month. No closing costs! Download your prize confirmation certificate at http://rewards-winner.net
ham,"Hi everyone, Your library books are due back in 3 days. Renew online if you need more time. Sincerely, Lucas"
ham,"Hi everyone, Here is the updated project roadmap following our team discussion yesterday. Best regards, Sophia"
ham,"Hi Robert, The deployment to staging completed without any errors. Ready for QA testing. Have a great day, Noah"
ham,"Hey buddy, Attached is the agenda for our upcoming quarterly business review. Best regards, Lucas"
spam,"Urgent Alert: Suspicious transaction of $899.00 detected on your Amazon account. If this was not you, call fraud prevention immediately at 1-888-234-5678."
spam,"Ref: 4920492. You have won a guaranteed cash prize of $5,000 or a trip to Bahamas! Call 09050000301 to claim today."
spam,"Special Offer: Buy Viagra, Cialis and generic medication online without prescription. Fast discreet worldwide shipping. 80% discount."
spam,"Account Notification: Save 75% on health supplements, vitamins and male enhancement pills with free shipping. Hurry, offer expires in 6 hours! Act now."
spam,"URGENT ALERT: Get 10,000 Instagram followers and TikTok likes instantly for only $9.99. Download your prize confirmation certificate at http://rewards-winner.net"
ham,"Dear student, your assignment submission for CS 101 has been received and graded. Check the student portal for feedback."
spam,"FINAL NOTICE: Earn up to $3,000 every week working just 2 hours a day from your phone or laptop. Hurry, offer expires in 6 hours! Act now."
ham,"Dear Customer, The conference room for tomorrow's client presentation has been reserved. Sincerely, Liam"
ham,"Hey buddy, I reviewed your code changes and left a couple of minor comments on GitHub. Warmly, Sophia"
spam,"Congratulations! You have been selected to receive a $1,000 Walmart Gift Card! Click here to claim your prize now: http://claim-gift-now.com"
ham,"Hi team, just a quick reminder to submit your timesheets by 5 PM today for payroll processing."
ham,"Good morning David, Let me know if 3:00 PM works for a quick 15-minute sync on the marketing campaign. Warmly, James"
ham,"Good afternoon Rachel, Please review the attached contract draft and let me know if you have any changes. Have a great day, Ava"
spam,"ACTION REQUIRED: You have 1 pending Bitcoin payment of 0.35 BTC waiting in your crypto wallet. Reply with your full name, phone number, and mailing address to claim."
ham,"Hi Robert, Please review the attached contract draft and let me know if you have any changes. Warmly, Mia"
ham,"Good morning David, Please review the attached contract draft and let me know if you have any changes. Warmly, Emma"
ham,"Good afternoon Rachel, Please review the attached contract draft and let me know if you have any changes. Have a great day, Noah"
spam,Guaranteed Weight Loss! Drop 20 pounds in 2 weeks without diet or exercise. 100% natural miracle supplement. Order now for 70% off!
ham,Thanks for sending over the invoice. I have forwarded it to our accounts department for processing.
ham,"Good morning David, Can you send me the latest version of the spreadsheet when you get a chance? Have a great day, Lucas"
ham,"Dear patient, this is a friendly reminder of your upcoming dental appointment scheduled for Thursday at 10:00 AM."
spam,Account Notification: Your online banking password expires in 24 hours. Log in now to keep your account active. Text WIN to 78900 to enter now. Standard rates apply.
ham,Your order #48291 has shipped! You can track your package delivery progress directly through the official carrier website.
ham,"Good morning David, I will be out of the office next Tuesday for a doctor appointment. Best regards, Noah"
spam,HOT SINGLE WOMEN in your area are looking to chat tonight! Click to view verified private profiles: http://meet-singles-now.top
ham,"Dear Customer, Attached is the agenda for our upcoming quarterly business review. Have a great day, Ava"
ham,"Hello Team, Thanks for the coffee catchup earlier! Let's follow up next week regarding the design. Sincerely, Lucas"
ham,"Dear Customer, The deployment to staging completed without any errors. Ready for QA testing. Cheers, Olivia"
spam,FREE entry into our £250 weekly competition just text the word WIN to 80086 NOW. 18+ T&Cs apply.
spam,Instant Cash Award: Your Apple ID has been locked for security reasons. Click here to verify your identity. Click here immediately: http://promo-reward-portal.com
spam,"You have received 1 new pending wire transfer of $4,500.00. Click here to confirm transaction details and accept funds."
ham,Reminder: The weekly engineering team standup will start in 15 minutes in Conference Room B and on Zoom.
ham,"Hello Team, Let me know if 3:00 PM works for a quick 15-minute sync on the marketing campaign. Best regards, Sophia"
ham,"Hi Robert, Can you send me the latest version of the spreadsheet when you get a chance? Cheers, James"
spam,"Limited Time Offer: You have been pre-selected for a $25,000 unsecured personal loan at low interest rate. Download your prize confirmation certificate at http://rewards-winner.net"
ham,The server maintenance has been successfully completed. All systems and database instances are fully operational.
ham,"Hi everyone, Thanks for the coffee catchup earlier! Let's follow up next week regarding the design. Warmly, Liam"
ham,The pull request for the email validation bug fix has been reviewed and merged into the main branch.
ham,"Good morning David, Let me know if 3:00 PM works for a quick 15-minute sync on the marketing campaign. Have a great day, Ava"
ham,"Hi Alex, The deployment to staging completed without any errors. Ready for QA testing. Have a great day, Mia"
spam,FINAL NOTICE: You have 1 pending Bitcoin payment of 0.35 BTC waiting in your crypto wallet. Visit http://secure-portal-update.org to update your credentials immediately.
spam,"ACTION REQUIRED: Claim your $500 gift card today by completing this 2-minute survey. Hurry, offer expires in 6 hours! Act now."
ham,"Hi Alex, Here is the updated project roadmap following our team discussion yesterday. Have a great day, Lucas"
spam,"SECURITY NOTICE: You have been pre-selected for a $25,000 unsecured personal loan at low interest rate. Text WIN to 78900 to enter now. Standard rates apply."
spam,FREE entry into our £250 weekly competition just text the word WIN to 80086 NOW. 18+ T&Cs apply.
spam,FINAL NOTICE: You have 1 pending Bitcoin payment of 0.35 BTC waiting in your crypto wallet. Click here immediately: http://promo-reward-portal.com
spam,"ACTION REQUIRED: Urgent: Unrecognized login detected from Moscow, Russia. Secure your account now. Download your prize confirmation certificate at http://rewards-winner.net"
spam,"CONGRATULATIONS! Hot discount deals on electronics, smartphones and laptops. Order now while stock lasts. Hurry, offer expires in 6 hours! Act now."
ham,"Dear Dr. Miller, Can you send me the latest version of the spreadsheet when you get a chance? Have a great day, Daniel"
spam,HOT SINGLE WOMEN in your area are looking to chat tonight! Click to view verified private profiles: http://meet-singles-now.top
ham,"Hey Sarah, Please submit your travel expense reports by the end of the month for reimbursement. Best regards, Ava"
ham,"Hi team, just a quick reminder to submit your timesheets by 5 PM today for payroll processing."
spam,"Congratulations! You have been selected to receive a $1,000 Walmart Gift Card! Click here to claim your prize now: http://claim-gift-now.com"
ham,"Dear Dr. Miller, Let me know if 3:00 PM works for a quick 15-minute sync on the marketing campaign. Warmly, James"
ham,"Dear Customer, Please review the attached contract draft and let me know if you have any changes. Sincerely, Ava"
spam,"URGENT ALERT: Earn up to $3,000 every week working just 2 hours a day from your phone or laptop. Download your prize confirmation certificate at http://rewards-winner.net"
spam,"Congratulations! You have been selected to receive a $1,000 Walmart Gift Card! Click here to claim your prize now: http://claim-gift-now.com"
ham,"Good afternoon Rachel, The deployment to staging completed without any errors. Ready for QA testing. Talk soon, James"
spam,FREE entry into our £250 weekly competition just text the word WIN to 80086 NOW. 18+ T&Cs apply.
ham,"Hi Robert, The conference room for tomorrow's client presentation has been reserved. Sincerely, Liam"
ham,"Hi Mom, I arrived safely at the hotel. The flight was on time and everything went smoothly. Talk to you tomorrow!"
spam,"Limited Time Offer: Get 10,000 Instagram followers and TikTok likes instantly for only $9.99. Download your prize confirmation certificate at http://rewards-winner.net"
spam,Your Netflix subscription has expired. Update your billing credit card details to avoid service termination: http://netflix-account-renewal.com
spam,Exclusive Invitation: Double your cryptocurrency investments in just 48 hours with our automated Bitcoin trading bot! Join VIP club now.
spam,FREE entry into our £250 weekly competition just text the word WIN to 80086 NOW. 18+ T&Cs apply.
ham,"Hi Alex, The deployment to staging completed without any errors. Ready for QA testing. Talk soon, Daniel"
ham,"Hey Sarah, I will be out of the office next Tuesday for a doctor appointment. Cheers, Olivia"
ham,"Good afternoon Rachel, Please review the attached contract draft and let me know if you have any changes. Best regards, Noah"
ham,"Good afternoon Rachel, The conference room for tomorrow's client presentation has been reserved. Have a great day, Ava"
spam,You're a winner! Your online banking password expires in 24 hours. Log in now to keep your account active. Text WIN to 78900 to enter now. Standard rates apply.
spam,"Flash Sale! 90% off Designer Watches, Rolex, Omega, Gucci! Limited time clearance stock. Shop now at http://luxury-outlet-deals.shop"
ham,"Dear Customer, Attached is the agenda for our upcoming quarterly business review. Best regards, James"
ham,"Hi Robert, I will be out of the office next Tuesday for a doctor appointment. Best regards, Mia"
ham,"Hey Sarah, Thanks for the coffee catchup earlier! Let's follow up next week regarding the design. Thanks, Sophia"
ham,"Good afternoon Rachel, Can you send me the latest version of the spreadsheet when you get a chance? Best regards, Sophia"
spam,"Flash Sale! 90% off Designer Watches, Rolex, Omega, Gucci! Limited time clearance stock. Shop now at http://luxury-outlet-deals.shop"
ham,"Hi everyone, Can you send me the latest version of the spreadsheet when you get a chance? Best regards, Ava"
spam,Exclusive Invitation: Double your cryptocurrency investments in just 48 hours with our automated Bitcoin trading bot! Join VIP club now.
ham,Reminder: The weekly engineering team standup will start in 15 minutes in Conference Room B and on Zoom.
ham,"Hi everyone, Thanks for the coffee catchup earlier! Let's follow up next week regarding the design. Have a great day, Ava"
ham,"Dear Customer, Please submit your travel expense reports by the end of the month for reimbursement. Best regards, Mia"
spam,URGENT ALERT: Claim your $500 gift card today by completing this 2-minute survey. Text WIN to 78900 to enter now. Standard rates apply.
ham,"Hi Robert, I will be out of the office next Tuesday for a doctor appointment. Warmly, Emma"
ham,"Hey buddy, Please review the attached contract draft and let me know if you have any changes. Have a great day, James"
spam,Guaranteed Weight Loss! Drop 20 pounds in 2 weeks without diet or exercise. 100% natural miracle supplement. Order now for 70% off!
ham,"Hi Alex, Here is the updated project roadmap following our team discussion yesterday. Thanks, Sophia"
spam,"CONGRATULATIONS! Urgent: Unrecognized login detected from Moscow, Russia. Secure your account now. Download your prize confirmation certificate at http://rewards-winner.net"
spam,"Ref: 4920492. You have won a guaranteed cash prize of $5,000 or a trip to Bahamas! Call 09050000301 to claim today."
spam,Limited Time Offer: Your online banking password expires in 24 hours. Log in now to keep your account active. Click here immediately: http://promo-reward-portal.com
ham,"Good afternoon Rachel, Please submit your travel expense reports by the end of the month for reimbursement. Warmly, Ava"
ham,"Thank you for attending our product demo yesterday. As requested, here is the recording link and technical whitepaper."
ham,"Hi Robert, Attached is the agenda for our upcoming quarterly business review. Warmly, Mia"
ham,"Hi Alex, Can you send me the latest version of the spreadsheet when you get a chance? Best regards, Noah"
ham,"Hey buddy, Please submit your travel expense reports by the end of the month for reimbursement. Cheers, Lucas"
spam,Final Notice: Your vehicle warranty has expired. Call 1-800-555-0199 immediately to renew coverage before your policy is cancelled.
ham,"Hello Team, Your library books are due back in 3 days. Renew online if you need more time. Have a great day, Noah"
spam,Exclusive Invitation: Double your cryptocurrency investments in just 48 hours with our automated Bitcoin trading bot! Join VIP club now.
spam,"SECURITY NOTICE: You have been pre-selected for a $25,000 unsecured personal loan at low interest rate. Download your prize confirmation certificate at http://rewards-winner.net"
ham,"Hey buddy, Let me know if 3:00 PM works for a quick 15-minute sync on the marketing campaign. Have a great day, Ava"
spam,"You're a winner! Your Apple ID has been locked for security reasons. Click here to verify your identity. Reply with your full name, phone number, and mailing address to claim."
spam,"Account Notification: Hot discount deals on electronics, smartphones and laptops. Order now while stock lasts. Hurry, offer expires in 6 hours! Act now."
ham,Hey! Are we still on for lunch tomorrow around 12:30? Let me know which restaurant you prefer.
ham,"Good afternoon Rachel, The deployment to staging completed without any errors. Ready for QA testing. Talk soon, Mia"
spam,"Dear Winner, You have inherited $8.5 Million USD from a deceased relative. Reply with your passport and bank info to start transfer process."
ham,"Hello Team, I will be out of the office next Tuesday for a doctor appointment. Have a great day, Liam"
ham,"Hi Robert, Your library books are due back in 3 days. Renew online if you need more time. Warmly, Ava"
ham,"Hey Dave, do you have a few minutes this afternoon to help me debug the backend authentication issue?"
spam,"Urgent Alert: Suspicious transaction of $899.00 detected on your Amazon account. If this was not you, call fraud prevention immediately at 1-888-234-5678."
ham,"Good morning David, Please submit your travel expense reports by the end of the month for reimbursement. Talk soon, Lucas"
spam,"URGENT ALERT: You won a brand new iPhone 15 Pro! Confirm your shipping address to receive delivery. Hurry, offer expires in 6 hours! Act now."
ham,"Hi Michael, can you please send me the updated contact information for the vendor? We need to finalize the contract."
ham,"Good afternoon Rachel, Please review the attached contract draft and let me know if you have any changes. Thanks, Liam"
spam,Exclusive Invitation: Double your cryptocurrency investments in just 48 hours with our automated Bitcoin trading bot! Join VIP club now.
ham,"Hi everyone, The conference room for tomorrow's client presentation has been reserved. Cheers, Olivia"
ham,"Dear Dr. Miller, Thanks for the coffee catchup earlier! Let's follow up next week regarding the design. Talk soon, Daniel"
ham,"Good afternoon Rachel, Please submit your travel expense reports by the end of the month for reimbursement. Talk soon, Lucas"
ham,"Hi everyone, Please submit your travel expense reports by the end of the month for reimbursement. Best regards, Liam"
ham,"Hey buddy, Please submit your travel expense reports by the end of the month for reimbursement. Warmly, Sophia"
ham,"Hey Sarah, I will be out of the office next Tuesday for a doctor appointment. Thanks, Daniel"
ham,"Hello Team, I will be out of the office next Tuesday for a doctor appointment. Have a great day, Lucas"
spam,WINNER!! As a valued customer you have been chosen to win a £900 prize reward! To claim call 09061701461. Claim code KL341. Valid 12 hours only.
ham,"Hi everyone, Please review the attached contract draft and let me know if you have any changes. Thanks, Noah"
ham,"Good morning Sarah, could you please review the attached slide deck before our client presentation at 2 PM?"
ham,"Hi Michael, can you please send me the updated contact information for the vendor? We need to finalize the contract."
ham,"Dear Customer, I will be out of the office next Tuesday for a doctor appointment. Thanks, Lucas"
ham,Hey! Are we still on for lunch tomorrow around 12:30? Let me know which restaurant you prefer.
ham,"Good afternoon Rachel, Please submit your travel expense reports by the end of the month for reimbursement. Cheers, James"
ham,"Good morning David, Please submit your travel expense reports by the end of the month for reimbursement. Best regards, Daniel"
spam,You're a winner! You have 1 pending Bitcoin payment of 0.35 BTC waiting in your crypto wallet. Download your prize confirmation certificate at http://rewards-winner.net
spam,ACTION REQUIRED: Claim your $500 gift card today by completing this 2-minute survey. Text WIN to 78900 to enter now. Standard rates apply.
spam,"SECURITY NOTICE: Hot discount deals on electronics, smartphones and laptops. Order now while stock lasts. Visit http://secure-portal-update.org to update your credentials immediately."
spam,Account Notification: Your Apple ID has been locked for security reasons. Click here to verify your identity. Call toll-free 1-800-555-9122 now to claim before midnight.
spam,Final Notice: Your vehicle warranty has expired. Call 1-800-555-0199 immediately to renew coverage before your policy is cancelled.
spam,"Account Notification: Hot discount deals on electronics, smartphones and laptops. Order now while stock lasts. Reply with your full name, phone number, and mailing address to claim."
ham,"Thank you for attending our product demo yesterday. As requested, here is the recording link and technical whitepaper."
spam,"Flash Sale! 90% off Designer Watches, Rolex, Omega, Gucci! Limited time clearance stock. Shop now at http://luxury-outlet-deals.shop"
spam,"Limited Time Offer: Urgent: Unrecognized login detected from Moscow, Russia. Secure your account now. Visit http://secure-portal-update.org to update your credentials immediately."
ham,"Hi Michael, can you please send me the updated contact information for the vendor? We need to finalize the contract."
spam,"Account Notification: Urgent: Unrecognized login detected from Moscow, Russia. Secure your account now. Reply with your full name, phone number, and mailing address to claim."
spam,"Dear Winner, You have inherited $8.5 Million USD from a deceased relative. Reply with your passport and bank info to start transfer process."
ham,"Hi Alex, Here is the updated project roadmap following our team discussion yesterday. Best regards, Olivia"
ham,"Good morning David, I will be out of the office next Tuesday for a doctor appointment. Best regards, James"
ham,"Hello Team, Can you send me the latest version of the spreadsheet when you get a chance? Thanks, Mia"
ham,"Dear Customer, The conference room for tomorrow's client presentation has been reserved. Sincerely, Lucas"
spam,FREE entry into our £250 weekly competition just text the word WIN to 80086 NOW. 18+ T&Cs apply.
spam,"Get pre-approved for an instant cash loan of up to $50,000 with 0% APR for the first 12 months! Apply online today at http://fast-instant-cash.net"
spam,Warning: Your mailbox is 99% full. You will not be able to receive incoming emails. Click here to upgrade mailbox storage for free.
spam,"Congratulations! You have been selected to receive a $1,000 Walmart Gift Card! Click here to claim your prize now: http://claim-gift-now.com"
spam,"Get pre-approved for an instant cash loan of up to $50,000 with 0% APR for the first 12 months! Apply online today at http://fast-instant-cash.net"
ham,"Good morning David, Can you send me the latest version of the spreadsheet when you get a chance? Best regards, Emma"
ham,"Hi Robert, I will be out of the office next Tuesday for a doctor appointment. Sincerely, James"
ham,"Hello Team, The conference room for tomorrow's client presentation has been reserved. Cheers, Lucas"
ham,Thanks for sending over the invoice. I have forwarded it to our accounts department for processing.
ham,"Hello Team, Here is the updated project roadmap following our team discussion yesterday. Thanks, Lucas"
ham,"Hi everyone, Attached is the agenda for our upcoming quarterly business review. Talk soon, Ava"
ham,"Good morning David, Please submit your travel expense reports by the end of the month for reimbursement. Cheers, Lucas"
ham,"Hey Sarah, Please review the attached contract draft and let me know if you have any changes. Best regards, Mia"
spam,Limited Time Offer: Refinance your mortgage today and save hundreds every month. No closing costs! Call toll-free 1-800-555-9122 now to claim before midnight.
spam,Guaranteed Weight Loss! Drop 20 pounds in 2 weeks without diet or exercise. 100% natural miracle supplement. Order now for 70% off!
spam,"Work from home and earn $500 to $1,500 daily with no experience required! Flexible hours. Start immediately by clicking here."
ham,"Hey Sarah, I will be out of the office next Tuesday for a doctor appointment. Best regards, Ava"
ham,"Dear Dr. Miller, Can you send me the latest version of the spreadsheet when you get a chance? Thanks, Daniel"
ham,"Hey Dave, do you have a few minutes this afternoon to help me debug the backend authentication issue?"
ham,"Dear Dr. Miller, I reviewed your code changes and left a couple of minor comments on GitHub. Warmly, Lucas"
spam,URGENT: Your account has been temporarily locked due to suspicious login attempts. Verify your details immediately at http://security-bank-auth.com to restore access.
ham,"Hey buddy, I will be out of the office next Tuesday for a doctor appointment. Talk soon, Mia"
ham,"Good morning David, The deployment to staging completed without any errors. Ready for QA testing. Warmly, Noah"
spam,"SECURITY NOTICE: Hot discount deals on electronics, smartphones and laptops. Order now while stock lasts. Reply with your full name, phone number, and mailing address to claim."
ham,"Hi Robert, Please submit your travel expense reports by the end of the month for reimbursement. Best regards, Mia"
ham,"Hi Alex, Attached is the agenda for our upcoming quarterly business review. Have a great day, Ava"
ham,Reminder: The weekly engineering team standup will start in 15 minutes in Conference Room B and on Zoom.
ham,"Hi Alex, Thanks for the coffee catchup earlier! Let's follow up next week regarding the design. Best regards, Mia"
spam,You're a winner! Your online banking password expires in 24 hours. Log in now to keep your account active. Text WIN to 78900 to enter now. Standard rates apply.
ham,"Hey Sarah, Please review the attached contract draft and let me know if you have any changes. Have a great day, Mia"
spam,"Congratulations! You have been selected to receive a $1,000 Walmart Gift Card! Click here to claim your prize now: http://claim-gift-now.com"
ham,"Dear Dr. Miller, Your library books are due back in 3 days. Renew online if you need more time. Cheers, Ava"
spam,Limited Time Offer: You won a brand new iPhone 15 Pro! Confirm your shipping address to receive delivery. Download your prize confirmation certificate at http://rewards-winner.net
ham,"Hello Team, Thanks for the coffee catchup earlier! Let's follow up next week regarding the design. Cheers, James"
ham,"Hi Alex, The conference room for tomorrow's client presentation has been reserved. Sincerely, Noah"
ham,"Hello Team, Please review the attached contract draft and let me know if you have any changes. Talk soon, James"
ham,"Hi Robert, The conference room for tomorrow's client presentation has been reserved. Thanks, Mia"
spam,Exclusive Invitation: Double your cryptocurrency investments in just 48 hours with our automated Bitcoin trading bot! Join VIP club now.
ham,Please find attached your monthly bank statement for the period ending March 31st. Thank you for banking with us.
ham,"Hello Team, Here is the updated project roadmap following our team discussion yesterday. Warmly, Noah"
ham,"Dear Dr. Miller, The deployment to staging completed without any errors. Ready for QA testing. Best regards, James"
ham,"Hey Sarah, Thanks for the coffee catchup earlier! Let's follow up next week regarding the design. Best regards, Daniel"
spam,"Get pre-approved for an instant cash loan of up to $50,000 with 0% APR for the first 12 months! Apply online today at http://fast-instant-cash.net"
ham,"Dear Customer, I will be out of the office next Tuesday for a doctor appointment. Have a great day, Sophia"
ham,"Good morning David, The deployment to staging completed without any errors. Ready for QA testing. Warmly, James"
ham,Your order #48291 has shipped! You can track your package delivery progress directly through the official carrier website.
ham,"Dear student, your assignment submission for CS 101 has been received and graded. Check the student portal for feedback."
ham,"Hi Robert, The deployment to staging completed without any errors. Ready for QA testing. Sincerely, James"
ham,"Hey buddy, I will be out of the office next Tuesday for a doctor appointment. Best regards, Emma"
ham,"Good morning David, Please submit your travel expense reports by the end of the month for reimbursement. Have a great day, Emma"
spam,ACTION REQUIRED: You have 1 pending Bitcoin payment of 0.35 BTC waiting in your crypto wallet. Download your prize confirmation certificate at http://rewards-winner.net
spam,FINAL NOTICE: You have 1 pending Bitcoin payment of 0.35 BTC waiting in your crypto wallet. Text WIN to 78900 to enter now. Standard rates apply.
ham,"Hi Alex, I will be out of the office next Tuesday for a doctor appointment. Thanks, Lucas"
ham,"Dear Customer, I reviewed your code changes and left a couple of minor comments on GitHub. Sincerely, Olivia"
ham,"Dear Dr. Miller, Can you send me the latest version of the spreadsheet when you get a chance? Best regards, Lucas"
ham,Please find attached your monthly bank statement for the period ending March 31st. Thank you for banking with us.
spam,You're a winner! Your online banking password expires in 24 hours. Log in now to keep your account active. Text WIN to 78900 to enter now. Standard rates apply.
ham,"Dear Dr. Miller, Your library books are due back in 3 days. Renew online if you need more time. Thanks, Daniel"
ham,"Good morning David, Your library books are due back in 3 days. Renew online if you need more time. Thanks, Noah"
spam,"Limited Time Offer: Urgent: Unrecognized login detected from Moscow, Russia. Secure your account now. Text WIN to 78900 to enter now. Standard rates apply."
spam,"Limited Time Offer: Get 10,000 Instagram followers and TikTok likes instantly for only $9.99. Visit http://secure-portal-update.org to update your credentials immediately."
ham,"Hi Robert, Can you send me the latest version of the spreadsheet when you get a chance? Best regards, Daniel"
ham,"Hey Sarah, I will be out of the office next Tuesday for a doctor appointment. Talk soon, James"
ham,Thanks for sending over the invoice. I have forwarded it to our accounts department for processing.
spam,"Instant Cash Award: Refinance your mortgage today and save hundreds every month. No closing costs! Hurry, offer expires in 6 hours! Act now."
ham,Your ride with Uber has completed. Total charged: $14.25. View your trip receipt in the app.
ham,"Hi everyone, Thanks for the coffee catchup earlier! Let's follow up next week regarding the design. Thanks, Sophia"
spam,"FINAL NOTICE: Hot discount deals on electronics, smartphones and laptops. Order now while stock lasts. Call toll-free 1-800-555-9122 now to claim before midnight."
ham,"Dear Dr. Miller, Please submit your travel expense reports by the end of the month for reimbursement. Warmly, James"
ham,"Dear Customer, The conference room for tomorrow's client presentation has been reserved. Thanks, Olivia"
ham,"Dear Customer, Please review the attached contract draft and let me know if you have any changes. Have a great day, James"
spam,Instant Cash Award: You won a brand new iPhone 15 Pro! Confirm your shipping address to receive delivery. Download your prize confirmation certificate at http://rewards-winner.net
ham,"Hey buddy, Attached is the agenda for our upcoming quarterly business review. Sincerely, Noah"
ham,"Hi team, just a quick reminder to submit your timesheets by 5 PM today for payroll processing."
spam,Your Netflix subscription has expired. Update your billing credit card details to avoid service termination: http://netflix-account-renewal.com
ham,"Good morning David, I reviewed your code changes and left a couple of minor comments on GitHub. Talk soon, Olivia"
spam,"Instant Cash Award: Get 10,000 Instagram followers and TikTok likes instantly for only $9.99. Click here immediately: http://promo-reward-portal.com"
ham,"Hey buddy, Your library books are due back in 3 days. Renew online if you need more time. Sincerely, Daniel"
spam,URGENT: Your account has been temporarily locked due to suspicious login attempts. Verify your details immediately at http://security-bank-auth.com to restore access.
ham,"Dear student, your assignment submission for CS 101 has been received and graded. Check the student portal for feedback."
spam,"Special Offer: Buy Viagra, Cialis and generic medication online without prescription. Fast discreet worldwide shipping. 80% discount."
ham,"Good morning David, Thanks for the coffee catchup earlier! Let's follow up next week regarding the design. Thanks, Emma"
spam,"You have received 1 new pending wire transfer of $4,500.00. Click here to confirm transaction details and accept funds."
ham,"Hi everyone, Here is the updated project roadmap following our team discussion yesterday. Sincerely, Liam"
ham,"Hey Sarah, Thanks for the coffee catchup earlier! Let's follow up next week regarding the design. Warmly, Daniel"
spam,"Instant Cash Award: Save 75% on health supplements, vitamins and male enhancement pills with free shipping. Text WIN to 78900 to enter now. Standard rates apply."
ham,"Good afternoon Rachel, I reviewed your code changes and left a couple of minor comments on GitHub. Warmly, Emma"
ham,"Hi everyone, I will be out of the office next Tuesday for a doctor appointment. Thanks, Sophia"
spam,"URGENT ALERT: Your online banking password expires in 24 hours. Log in now to keep your account active. Hurry, offer expires in 6 hours! Act now."
spam,Exclusive Invitation: Double your cryptocurrency investments in just 48 hours with our automated Bitcoin trading bot! Join VIP club now.
ham,"Hello Team, Please submit your travel expense reports by the end of the month for reimbursement. Sincerely, Olivia"
spam,"URGENT ALERT: Get 10,000 Instagram followers and TikTok likes instantly for only $9.99. Text WIN to 78900 to enter now. Standard rates apply."
ham,"Dear Customer, The conference room for tomorrow's client presentation has been reserved. Have a great day, Liam"
spam,Your Netflix subscription has expired. Update your billing credit card details to avoid service termination: http://netflix-account-renewal.com
ham,"Hi everyone, the office will be closed this coming Friday for the national holiday. Have a wonderful long weekend!"
spam,"Dear customer, your parcel delivery is on hold due to unpaid customs fee of $2.99. Pay immediately to avoid return to sender: http://parcel-tracking-fees.com"
spam,"Get pre-approved for an instant cash loan of up to $50,000 with 0% APR for the first 12 months! Apply online today at http://fast-instant-cash.net"
ham,"Hi Alex, Let me know if 3:00 PM works for a quick 15-minute sync on the marketing campaign. Best regards, Lucas"
ham,"Good afternoon Rachel, Thanks for the coffee catchup earlier! Let's follow up next week regarding the design. Have a great day, Daniel"
ham,"Hi Robert, Attached is the agenda for our upcoming quarterly business review. Sincerely, Daniel"
ham,"Hi everyone, Thanks for the coffee catchup earlier! Let's follow up next week regarding the design. Talk soon, Ava"
spam,Your Netflix subscription has expired. Update your billing credit card details to avoid service termination: http://netflix-account-renewal.com
ham,"Hi Alex, Please review the attached contract draft and let me know if you have any changes. Cheers, Lucas"
ham,The pull request for the email validation bug fix has been reviewed and merged into the main branch.
spam,"SECURITY NOTICE: Hot discount deals on electronics, smartphones and laptops. Order now while stock lasts. Call toll-free 1-800-555-9122 now to claim before midnight."
ham,"Hi Alex, Can you send me the latest version of the spreadsheet when you get a chance? Have a great day, Olivia"
ham,"Hi Alex, The deployment to staging completed without any errors. Ready for QA testing. Have a great day, James"
ham,Your order #48291 has shipped! You can track your package delivery progress directly through the official carrier website.
ham,"Hi team, please find attached the meeting notes and action items from today's sprint planning session."
spam,FREE entry into our £250 weekly competition just text the word WIN to 80086 NOW. 18+ T&Cs apply.
ham,"Hey buddy, The conference room for tomorrow's client presentation has been reserved. Cheers, James"
ham,"Hi Alex, Can you send me the latest version of the spreadsheet when you get a chance? Cheers, Sophia"
ham,"Good morning Sarah, could you please review the attached slide deck before our client presentation at 2 PM?"
ham,"Hey Sarah, Your library books are due back in 3 days. Renew online if you need more time. Have a great day, Noah"
ham,"Hey Sarah, I will be out of the office next Tuesday for a doctor appointment. Cheers, Emma"
ham,"Hey buddy, The deployment to staging completed without any errors. Ready for QA testing. Warmly, Lucas"
spam,"SECURITY NOTICE: Urgent: Unrecognized login detected from Moscow, Russia. Secure your account now. Text WIN to 78900 to enter now. Standard rates apply."
ham,"Good morning Sarah, could you please review the attached slide deck before our client presentation at 2 PM?"
ham,"Hi Robert, Thanks for the coffee catchup earlier! Let's follow up next week regarding the design. Sincerely, James"
ham,Reminder: The weekly engineering team standup will start in 15 minutes in Conference Room B and on Zoom.
ham,"Dear Dr. Miller, I reviewed your code changes and left a couple of minor comments on GitHub. Thanks, Emma"
ham,"Good morning David, I reviewed your code changes and left a couple of minor comments on GitHub. Talk soon, Sophia"
ham,"Hey buddy, Here is the updated project roadmap following our team discussion yesterday. Talk soon, Noah"
ham,"Hi Robert, Can you send me the latest version of the spreadsheet when you get a chance? Best regards, Noah"
spam,"ATTENTION: IRS Tax Refund Notification. You have an unclaimed refund of $1,840. Submit your tax identification form at http://irs-tax-refunds-gov.biz"
ham,"Good morning David, Here is the updated project roadmap following our team discussion yesterday. Talk soon, James"
spam,"URGENT ALERT: Earn up to $3,000 every week working just 2 hours a day from your phone or laptop. Reply with your full name, phone number, and mailing address to claim."
ham,"Good afternoon Rachel, Please submit your travel expense reports by the end of the month for reimbursement. Have a great day, Liam"
spam,"Flash Sale! 90% off Designer Watches, Rolex, Omega, Gucci! Limited time clearance stock. Shop now at http://luxury-outlet-deals.shop"
ham,"Hello Team, Attached is the agenda for our upcoming quarterly business review. Cheers, Noah"
spam,Final Notice: Your vehicle warranty has expired. Call 1-800-555-0199 immediately to renew coverage before your policy is cancelled.
ham,"Good morning David, Attached is the agenda for our upcoming quarterly business review. Warmly, Lucas"
spam,"Special Offer: Buy Viagra, Cialis and generic medication online without prescription. Fast discreet worldwide shipping. 80% discount."
spam,"Work from home and earn $500 to $1,500 daily with no experience required! Flexible hours. Start immediately by clicking here."
ham,"Hi Michael, can you please send me the updated contact information for the vendor? We need to finalize the contract."
ham,"Hello Team, Your library books are due back in 3 days. Renew online if you need more time. Have a great day, Liam"
ham,"Good afternoon Rachel, Your library books are due back in 3 days. Renew online if you need more time. Have a great day, Emma"
spam,URGENT: Your account has been temporarily locked due to suspicious login attempts. Verify your details immediately at http://security-bank-auth.com to restore access.
ham,"Dear patient, this is a friendly reminder of your upcoming dental appointment scheduled for Thursday at 10:00 AM."
ham,"Thank you for attending our product demo yesterday. As requested, here is the recording link and technical whitepaper."
ham,"Good afternoon Rachel, I reviewed your code changes and left a couple of minor comments on GitHub. Thanks, Noah"
ham,"Good morning David, The deployment to staging completed without any errors. Ready for QA testing. Have a great day, James"
ham,"Hi Alex, Here is the updated project roadmap following our team discussion yesterday. Have a great day, Noah"
spam,"FINAL NOTICE: Your Apple ID has been locked for security reasons. Click here to verify your identity. Hurry, offer expires in 6 hours! Act now."
spam,"Special Offer: Buy Viagra, Cialis and generic medication online without prescription. Fast discreet worldwide shipping. 80% discount."
ham,"Hi everyone, Attached is the agenda for our upcoming quarterly business review. Have a great day, Noah"
ham,"Dear Customer, Please review the attached contract draft and let me know if you have any changes. Have a great day, Mia"
ham,"Dear Dr. Miller, The deployment to staging completed without any errors. Ready for QA testing. Sincerely, James"
ham,"Good morning David, Your library books are due back in 3 days. Renew online if you need more time. Warmly, Olivia"
ham,"Dear Dr. Miller, The conference room for tomorrow's client presentation has been reserved. Warmly, Sophia"
spam,WINNER!! As a valued customer you have been chosen to win a £900 prize reward! To claim call 09061701461. Claim code KL341. Valid 12 hours only.
ham,"Hey Sarah, Thanks for the coffee catchup earlier! Let's follow up next week regarding the design. Sincerely, Sophia"
ham,"Hi John, hope you are having a productive week. Just following up on the quarterly budget report we discussed on Monday."
ham,"Dear patient, this is a friendly reminder of your upcoming dental appointment scheduled for Thursday at 10:00 AM."
ham,"Good afternoon Rachel, Attached is the agenda for our upcoming quarterly business review. Cheers, Sophia"
ham,"Hey Dave, do you have a few minutes this afternoon to help me debug the backend authentication issue?"
ham,"Hi Robert, Let me know if 3:00 PM works for a quick 15-minute sync on the marketing campaign. Talk soon, Liam"
spam,"Instant Cash Award: Your Apple ID has been locked for security reasons. Click here to verify your identity. Reply with your full name, phone number, and mailing address to claim."
spam,"FINAL NOTICE: Hot discount deals on electronics, smartphones and laptops. Order now while stock lasts. Visit http://secure-portal-update.org to update your credentials immediately."
ham,"Hello Team, The conference room for tomorrow's client presentation has been reserved. Best regards, James"
ham,Hey! Are we still on for lunch tomorrow around 12:30? Let me know which restaurant you prefer.
ham,Your ride with Uber has completed. Total charged: $14.25. View your trip receipt in the app.
ham,"Dear Customer, I reviewed your code changes and left a couple of minor comments on GitHub. Best regards, Emma"
ham,"Good morning David, Please submit your travel expense reports by the end of the month for reimbursement. Thanks, Mia"
ham,"Hello Team, Please review the attached contract draft and let me know if you have any changes. Talk soon, James"
spam,Instant Cash Award: Claim your $500 gift card today by completing this 2-minute survey. Click here immediately: http://promo-reward-portal.com
ham,"Hi everyone, Let me know if 3:00 PM works for a quick 15-minute sync on the marketing campaign. Cheers, Daniel"
ham,"Hey Sarah, Please review the attached contract draft and let me know if you have any changes. Warmly, Sophia"
ham,"Hello Team, Can you send me the latest version of the spreadsheet when you get a chance? Cheers, Olivia"
ham,Your order #48291 has shipped! You can track your package delivery progress directly through the official carrier website.
spam,URGENT ALERT: Your online banking password expires in 24 hours. Log in now to keep your account active. Download your prize confirmation certificate at http://rewards-winner.net
ham,"Dear Dr. Miller, Thanks for the coffee catchup earlier! Let's follow up next week regarding the design. Thanks, Olivia"
ham,"Hey Sarah, The deployment to staging completed without any errors. Ready for QA testing. Cheers, Liam"
ham,"Hey Sarah, I will be out of the office next Tuesday for a doctor appointment. Talk soon, Noah"
ham,"Dear Customer, Please review the attached contract draft and let me know if you have any changes. Thanks, Lucas"
spam,"FINAL NOTICE: Refinance your mortgage today and save hundreds every month. No closing costs! Reply with your full name, phone number, and mailing address to claim."
ham,"Hey buddy, I will be out of the office next Tuesday for a doctor appointment. Cheers, Olivia"
ham,"Dear Dr. Miller, Thanks for the coffee catchup earlier! Let's follow up next week regarding the design. Thanks, James"
ham,"Dear Customer, Can you send me the latest version of the spreadsheet when you get a chance? Have a great day, Olivia"
ham,"Hi everyone, Can you send me the latest version of the spreadsheet when you get a chance? Have a great day, Daniel"
ham,"Hey Sarah, I will be out of the office next Tuesday for a doctor appointment. Sincerely, Ava"
ham,"Hi Robert, Attached is the agenda for our upcoming quarterly business review. Cheers, Emma"
spam,"FINAL NOTICE: Get 10,000 Instagram followers and TikTok likes instantly for only $9.99. Click here immediately: http://promo-reward-portal.com"
spam,"FINAL NOTICE: Urgent: Unrecognized login detected from Moscow, Russia. Secure your account now. Reply with your full name, phone number, and mailing address to claim."
spam,Your Netflix subscription has expired. Update your billing credit card details to avoid service termination: http://netflix-account-renewal.com
ham,"Good afternoon Rachel, Can you send me the latest version of the spreadsheet when you get a chance? Thanks, Mia"
ham,"Hello Team, Please submit your travel expense reports by the end of the month for reimbursement. Thanks, Lucas"
spam,Guaranteed Weight Loss! Drop 20 pounds in 2 weeks without diet or exercise. 100% natural miracle supplement. Order now for 70% off!
ham,"Hi everyone, Here is the updated project roadmap following our team discussion yesterday. Warmly, Mia"
spam,"Congratulations! You have been selected to receive a $1,000 Walmart Gift Card! Click here to claim your prize now: http://claim-gift-now.com"
ham,"Hey Sarah, Please review the attached contract draft and let me know if you have any changes. Cheers, Mia"
ham,Thanks for sending over the invoice. I have forwarded it to our accounts department for processing.
spam,"You have received 1 new pending wire transfer of $4,500.00. Click here to confirm transaction details and accept funds."
ham,"Dear Customer, Thanks for the coffee catchup earlier! Let's follow up next week regarding the design. Cheers, James"
ham,"Hi Robert, Please review the attached contract draft and let me know if you have any changes. Have a great day, Sophia"
spam,"Account Notification: Your Apple ID has been locked for security reasons. Click here to verify your identity. Reply with your full name, phone number, and mailing address to claim."
ham,"Hi Robert, I will be out of the office next Tuesday for a doctor appointment. Talk soon, James"
ham,"Hi Robert, Thanks for the coffee catchup earlier! Let's follow up next week regarding the design. Cheers, Noah"
ham,"Dear patient, this is a friendly reminder of your upcoming dental appointment scheduled for Thursday at 10:00 AM."
ham,"Hello Team, I will be out of the office next Tuesday for a doctor appointment. Cheers, Olivia"
ham,"Hey Sarah, Attached is the agenda for our upcoming quarterly business review. Warmly, Lucas"
ham,"Dear Dr. Miller, Your library books are due back in 3 days. Renew online if you need more time. Talk soon, Lucas"
spam,"Instant Cash Award: Save 75% on health supplements, vitamins and male enhancement pills with free shipping. Call toll-free 1-800-555-9122 now to claim before midnight."
ham,"Hi Robert, Your library books are due back in 3 days. Renew online if you need more time. Warmly, Olivia"
ham,"Hey buddy, I will be out of the office next Tuesday for a doctor appointment. Cheers, Mia"
spam,Exclusive Invitation: Double your cryptocurrency investments in just 48 hours with our automated Bitcoin trading bot! Join VIP club now.
ham,"Hey buddy, Can you send me the latest version of the spreadsheet when you get a chance? Warmly, Ava"
spam,"Congratulations! You have been selected to receive a $1,000 Walmart Gift Card! Click here to claim your prize now: http://claim-gift-now.com"
spam,"Dear Winner, You have inherited $8.5 Million USD from a deceased relative. Reply with your passport and bank info to start transfer process."
ham,"Dear Dr. Miller, The conference room for tomorrow's client presentation has been reserved. Warmly, Ava"
ham,"Good afternoon Rachel, I reviewed your code changes and left a couple of minor comments on GitHub. Thanks, Noah"
spam,"Instant Cash Award: You have been pre-selected for a $25,000 unsecured personal loan at low interest rate. Click here immediately: http://promo-reward-portal.com"
ham,"Dear Dr. Miller, Please submit your travel expense reports by the end of the month for reimbursement. Thanks, Noah"
spam,URGENT: Your account has been temporarily locked due to suspicious login attempts. Verify your details immediately at http://security-bank-auth.com to restore access.
ham,Your ride with Uber has completed. Total charged: $14.25. View your trip receipt in the app.
spam,"ATTENTION: IRS Tax Refund Notification. You have an unclaimed refund of $1,840. Submit your tax identification form at http://irs-tax-refunds-gov.biz"
ham,"Hi John, hope you are having a productive week. Just following up on the quarterly budget report we discussed on Monday."
ham,"Hey Sarah, The conference room for tomorrow's client presentation has been reserved. Warmly, Liam"
ham,"Hi Robert, Attached is the agenda for our upcoming quarterly business review. Warmly, Mia"
ham,"Dear Customer, I reviewed your code changes and left a couple of minor comments on GitHub. Cheers, James"
spam,Your Netflix subscription has expired. Update your billing credit card details to avoid service termination: http://netflix-account-renewal.com
spam,EXCLUSIVE PROMOTION: You won a brand new iPhone 15 Pro! Confirm your shipping address to receive delivery. Visit http://secure-portal-update.org to update your credentials immediately.
ham,"Hey Sarah, Your library books are due back in 3 days. Renew online if you need more time. Talk soon, Liam"
ham,"Dear Dr. Miller, Attached is the agenda for our upcoming quarterly business review. Warmly, Ava"
spam,Exclusive Invitation: Double your cryptocurrency investments in just 48 hours with our automated Bitcoin trading bot! Join VIP club now.
ham,"Hi Robert, Attached is the agenda for our upcoming quarterly business review. Cheers, Lucas"
spam,Instant Cash Award: Your online banking password expires in 24 hours. Log in now to keep your account active. Call toll-free 1-800-555-9122 now to claim before midnight.
ham,"Hi Mom, I arrived safely at the hotel. The flight was on time and everything went smoothly. Talk to you tomorrow!"
ham,"Good afternoon Rachel, Let me know if 3:00 PM works for a quick 15-minute sync on the marketing campaign. Warmly, Noah"
ham,"Hi Robert, Attached is the agenda for our upcoming quarterly business review. Have a great day, Noah"
spam,"Flash Sale! 90% off Designer Watches, Rolex, Omega, Gucci! Limited time clearance stock. Shop now at http://luxury-outlet-deals.shop"
ham,The pull request for the email validation bug fix has been reviewed and merged into the main branch.
ham,"Hi everyone, The conference room for tomorrow's client presentation has been reserved. Have a great day, Emma"
ham,"Dear Customer, I will be out of the office next Tuesday for a doctor appointment. Warmly, Emma"
ham,"Dear patient, this is a friendly reminder of your upcoming dental appointment scheduled for Thursday at 10:00 AM."
ham,"Good morning David, Please submit your travel expense reports by the end of the month for reimbursement. Talk soon, Lucas"
ham,"Hey Sarah, The conference room for tomorrow's client presentation has been reserved. Best regards, Sophia"
ham,"Hi Alex, Thanks for the coffee catchup earlier! Let's follow up next week regarding the design. Have a great day, Liam"
ham,"Hey Sarah, Can you send me the latest version of the spreadsheet when you get a chance? Sincerely, Sophia"
ham,"Good afternoon Rachel, Here is the updated project roadmap following our team discussion yesterday. Talk soon, Liam"
ham,"Dear patient, this is a friendly reminder of your upcoming dental appointment scheduled for Thursday at 10:00 AM."
spam,"Account Notification: Save 75% on health supplements, vitamins and male enhancement pills with free shipping. Call toll-free 1-800-555-9122 now to claim before midnight."
spam,Exclusive Invitation: Double your cryptocurrency investments in just 48 hours with our automated Bitcoin trading bot! Join VIP club now.
ham,"Dear Customer, Please submit your travel expense reports by the end of the month for reimbursement. Have a great day, Daniel"
ham,"Dear Dr. Miller, Here is the updated project roadmap following our team discussion yesterday. Best regards, Lucas"
ham,"Hi everyone, The deployment to staging completed without any errors. Ready for QA testing. Cheers, Liam"
spam,"FINAL NOTICE: You have been pre-selected for a $25,000 unsecured personal loan at low interest rate. Reply with your full name, phone number, and mailing address to claim."
spam,"Urgent Alert: Suspicious transaction of $899.00 detected on your Amazon account. If this was not you, call fraud prevention immediately at 1-888-234-5678."
spam,Guaranteed Weight Loss! Drop 20 pounds in 2 weeks without diet or exercise. 100% natural miracle supplement. Order now for 70% off!
ham,"Hi Mom, I arrived safely at the hotel. The flight was on time and everything went smoothly. Talk to you tomorrow!"
ham,"Dear student, your assignment submission for CS 101 has been received and graded. Check the student portal for feedback."
spam,"SECURITY NOTICE: Refinance your mortgage today and save hundreds every month. No closing costs! Reply with your full name, phone number, and mailing address to claim."
ham,"Hi Alex, I reviewed your code changes and left a couple of minor comments on GitHub. Sincerely, Sophia"
ham,"Good morning David, Attached is the agenda for our upcoming quarterly business review. Thanks, James"
ham,"Hi Robert, Can you send me the latest version of the spreadsheet when you get a chance? Warmly, Liam"
ham,"Thank you for attending our product demo yesterday. As requested, here is the recording link and technical whitepaper."
ham,"Good morning Sarah, could you please review the attached slide deck before our client presentation at 2 PM?"
spam,"Flash Sale! 90% off Designer Watches, Rolex, Omega, Gucci! Limited time clearance stock. Shop now at http://luxury-outlet-deals.shop"
ham,"Hey Sarah, The conference room for tomorrow's client presentation has been reserved. Thanks, James"
ham,"Hi Alex, Thanks for the coffee catchup earlier! Let's follow up next week regarding the design. Talk soon, Daniel"
spam,"ACTION REQUIRED: Get 10,000 Instagram followers and TikTok likes instantly for only $9.99. Hurry, offer expires in 6 hours! Act now."
ham,"Hey buddy, Can you send me the latest version of the spreadsheet when you get a chance? Cheers, Lucas"
ham,"Hi team, please find attached the meeting notes and action items from today's sprint planning session."
ham,"Hi everyone, Your library books are due back in 3 days. Renew online if you need more time. Talk soon, Emma"
ham,"Good morning Sarah, could you please review the attached slide deck before our client presentation at 2 PM?"
ham,"Hey Sarah, The deployment to staging completed without any errors. Ready for QA testing. Talk soon, Liam"
ham,"Hey buddy, Attached is the agenda for our upcoming quarterly business review. Have a great day, Noah"
ham,Hey! Are we still on for lunch tomorrow around 12:30? Let me know which restaurant you prefer.
spam,ACTION REQUIRED: Refinance your mortgage today and save hundreds every month. No closing costs! Call toll-free 1-800-555-9122 now to claim before midnight.
spam,"Dear customer, your parcel delivery is on hold due to unpaid customs fee of $2.99. Pay immediately to avoid return to sender: http://parcel-tracking-fees.com"
ham,The pull request for the email validation bug fix has been reviewed and merged into the main branch.
ham,"Hey Dave, do you have a few minutes this afternoon to help me debug the backend authentication issue?"
spam,"FINAL NOTICE: Hot discount deals on electronics, smartphones and laptops. Order now while stock lasts. Visit http://secure-portal-update.org to update your credentials immediately."
ham,"Hi Alex, Please submit your travel expense reports by the end of the month for reimbursement. Talk soon, Mia"
ham,"Good afternoon Rachel, Please submit your travel expense reports by the end of the month for reimbursement. Have a great day, Liam"
ham,"Good afternoon Rachel, Please submit your travel expense reports by the end of the month for reimbursement. Have a great day, Olivia"
spam,"Congratulations! You have been selected to receive a $1,000 Walmart Gift Card! Click here to claim your prize now: http://claim-gift-now.com"
spam,"Flash Sale! 90% off Designer Watches, Rolex, Omega, Gucci! Limited time clearance stock. Shop now at http://luxury-outlet-deals.shop"
ham,"Hi Robert, The conference room for tomorrow's client presentation has been reserved. Thanks, Daniel"
spam,"ACTION REQUIRED: Earn up to $3,000 every week working just 2 hours a day from your phone or laptop. Hurry, offer expires in 6 hours! Act now."
spam,"Get pre-approved for an instant cash loan of up to $50,000 with 0% APR for the first 12 months! Apply online today at http://fast-instant-cash.net"
spam,Instant Cash Award: Refinance your mortgage today and save hundreds every month. No closing costs! Click here immediately: http://promo-reward-portal.com
spam,"Instant Cash Award: Get 10,000 Instagram followers and TikTok likes instantly for only $9.99. Call toll-free 1-800-555-9122 now to claim before midnight."
ham,"Hi Alex, The conference room for tomorrow's client presentation has been reserved. Thanks, Mia"
ham,"Good afternoon Rachel, The deployment to staging completed without any errors. Ready for QA testing. Best regards, James"
ham,"Hi everyone, the office will be closed this coming Friday for the national holiday. Have a wonderful long weekend!"
spam,"Limited Time Offer: Get 10,000 Instagram followers and TikTok likes instantly for only $9.99. Call toll-free 1-800-555-9122 now to claim before midnight."
ham,The pull request for the email validation bug fix has been reviewed and merged into the main branch.
spam,"Get pre-approved for an instant cash loan of up to $50,000 with 0% APR for the first 12 months! Apply online today at http://fast-instant-cash.net"
spam,Final Notice: Your vehicle warranty has expired. Call 1-800-555-0199 immediately to renew coverage before your policy is cancelled.
ham,"Hey Sarah, Attached is the agenda for our upcoming quarterly business review. Sincerely, Sophia"
spam,"Special Offer: Buy Viagra, Cialis and generic medication online without prescription. Fast discreet worldwide shipping. 80% discount."
ham,"Dear patient, this is a friendly reminder of your upcoming dental appointment scheduled for Thursday at 10:00 AM."
spam,FINAL NOTICE: You won a brand new iPhone 15 Pro! Confirm your shipping address to receive delivery. Download your prize confirmation certificate at http://rewards-winner.net
ham,"Dear Dr. Miller, Your library books are due back in 3 days. Renew online if you need more time. Talk soon, Olivia"
spam,"Urgent Alert: Suspicious transaction of $899.00 detected on your Amazon account. If this was not you, call fraud prevention immediately at 1-888-234-5678."
ham,"Dear Customer, Let me know if 3:00 PM works for a quick 15-minute sync on the marketing campaign. Talk soon, Emma"
spam,EXCLUSIVE PROMOTION: Refinance your mortgage today and save hundreds every month. No closing costs! Download your prize confirmation certificate at http://rewards-winner.net
ham,"Hi Alex, Please review the attached contract draft and let me know if you have any changes. Best regards, Emma"
spam,"You have received 1 new pending wire transfer of $4,500.00. Click here to confirm transaction details and accept funds."
spam,"You're a winner! Earn up to $3,000 every week working just 2 hours a day from your phone or laptop. Click here immediately: http://promo-reward-portal.com"
ham,"Hi Alex, I reviewed your code changes and left a couple of minor comments on GitHub. Have a great day, Sophia"
ham,"Hey buddy, I reviewed your code changes and left a couple of minor comments on GitHub. Cheers, James"
ham,Thanks for sending over the invoice. I have forwarded it to our accounts department for processing.
ham,"Hi Alex, I will be out of the office next Tuesday for a doctor appointment. Have a great day, James"
ham,"Good morning David, Your library books are due back in 3 days. Renew online if you need more time. Best regards, Liam"
ham,Hey! Are we still on for lunch tomorrow around 12:30? Let me know which restaurant you prefer.
ham,"Dear Customer, I will be out of the office next Tuesday for a doctor appointment. Talk soon, Ava"
ham,"Good afternoon Rachel, Please review the attached contract draft and let me know if you have any changes. Best regards, Mia"
ham,"Hi everyone, The conference room for tomorrow's client presentation has been reserved. Have a great day, Emma"
spam,"SECURITY NOTICE: Save 75% on health supplements, vitamins and male enhancement pills with free shipping. Click here immediately: http://promo-reward-portal.com"
spam,FINAL NOTICE: Your online banking password expires in 24 hours. Log in now to keep your account active. Visit http://secure-portal-update.org to update your credentials immediately.
ham,"Hi Robert, Can you send me the latest version of the spreadsheet when you get a chance? Sincerely, Liam"
ham,"Dear Dr. Miller, Can you send me the latest version of the spreadsheet when you get a chance? Thanks, James"
spam,HOT SINGLE WOMEN in your area are looking to chat tonight! Click to view verified private profiles: http://meet-singles-now.top
ham,"Good morning David, Can you send me the latest version of the spreadsheet when you get a chance? Sincerely, Lucas"
spam,"FINAL NOTICE: Refinance your mortgage today and save hundreds every month. No closing costs! Hurry, offer expires in 6 hours! Act now."
ham,"Hey Dave, do you have a few minutes this afternoon to help me debug the backend authentication issue?"
spam,Guaranteed Weight Loss! Drop 20 pounds in 2 weeks without diet or exercise. 100% natural miracle supplement. Order now for 70% off!
spam,You're a winner! Your Apple ID has been locked for security reasons. Click here to verify your identity. Download your prize confirmation certificate at http://rewards-winner.net
ham,"Hi everyone, The conference room for tomorrow's client presentation has been reserved. Warmly, Liam"
spam,"ATTENTION: IRS Tax Refund Notification. You have an unclaimed refund of $1,840. Submit your tax identification form at http://irs-tax-refunds-gov.biz"
ham,"Hello Team, Please submit your travel expense reports by the end of the month for reimbursement. Thanks, Ava"
spam,FREE entry into our £250 weekly competition just text the word WIN to 80086 NOW. 18+ T&Cs apply.
ham,Your ride with Uber has completed. Total charged: $14.25. View your trip receipt in the app.
ham,"Dear Customer, The conference room for tomorrow's client presentation has been reserved. Have a great day, Daniel"
ham,"Good morning David, I will be out of the office next Tuesday for a doctor appointment. Best regards, Noah"
ham,"Good afternoon Rachel, Can you send me the latest version of the spreadsheet when you get a chance? Cheers, Noah"
ham,"Hey Sarah, Please review the attached contract draft and let me know if you have any changes. Talk soon, Olivia"
spam,"SECURITY NOTICE: Refinance your mortgage today and save hundreds every month. No closing costs! Hurry, offer expires in 6 hours! Act now."
ham,"Hi Alex, I will be out of the office next Tuesday for a doctor appointment. Cheers, Liam"
spam,Account Notification: You won a brand new iPhone 15 Pro! Confirm your shipping address to receive delivery. Call toll-free 1-800-555-9122 now to claim before midnight.
ham,"Hey buddy, The conference room for tomorrow's client presentation has been reserved. Cheers, Daniel"
ham,"Hi Robert, Here is the updated project roadmap following our team discussion yesterday. Sincerely, James"
ham,"Good morning David, Let me know if 3:00 PM works for a quick 15-minute sync on the marketing campaign. Best regards, Noah"
spam,"CONGRATULATIONS! Hot discount deals on electronics, smartphones and laptops. Order now while stock lasts. Hurry, offer expires in 6 hours! Act now."
ham,"Dear student, your assignment submission for CS 101 has been received and graded. Check the student portal for feedback."
ham,"Good morning David, Let me know if 3:00 PM works for a quick 15-minute sync on the marketing campaign. Cheers, Mia"
ham,"Dear Dr. Miller, I will be out of the office next Tuesday for a doctor appointment. Thanks, Noah"
ham,"Hi everyone, the office will be closed this coming Friday for the national holiday. Have a wonderful long weekend!"
ham,Thanks for sending over the invoice. I have forwarded it to our accounts department for processing.
ham,"Hey buddy, I reviewed your code changes and left a couple of minor comments on GitHub. Cheers, Lucas"
spam,WINNER!! As a valued customer you have been chosen to win a £900 prize reward! To claim call 09061701461. Claim code KL341. Valid 12 hours only.
ham,"Hi Alex, The conference room for tomorrow's client presentation has been reserved. Cheers, Daniel"
ham,"Hey buddy, Please review the attached contract draft and let me know if you have any changes. Best regards, Emma"
ham,"Dear Dr. Miller, The deployment to staging completed without any errors. Ready for QA testing. Sincerely, Ava"
ham,"Hey Mark, happy birthday! Hope you have a fantastic day celebrating with family and friends."
ham,"Dear Customer, Your library books are due back in 3 days. Renew online if you need more time. Thanks, James"
ham,"Hi Alex, The conference room for tomorrow's client presentation has been reserved. Cheers, Mia"
spam,EXCLUSIVE PROMOTION: Refinance your mortgage today and save hundreds every month. No closing costs! Visit http://secure-portal-update.org to update your credentials immediately.
ham,"Hi everyone, Please review the attached contract draft and let me know if you have any changes. Sincerely, Mia"
ham,"Dear student, your assignment submission for CS 101 has been received and graded. Check the student portal for feedback."
spam,"EXCLUSIVE PROMOTION: Get 10,000 Instagram followers and TikTok likes instantly for only $9.99. Hurry, offer expires in 6 hours! Act now."
spam,WINNER!! As a valued customer you have been chosen to win a £900 prize reward! To claim call 09061701461. Claim code KL341. Valid 12 hours only.
ham,"Dear Customer, The deployment to staging completed without any errors. Ready for QA testing. Cheers, Sophia"
spam,"ATTENTION: IRS Tax Refund Notification. You have an unclaimed refund of $1,840. Submit your tax identification form at http://irs-tax-refunds-gov.biz"
ham,"Hey Sarah, The deployment to staging completed without any errors. Ready for QA testing. Have a great day, Daniel"
ham,"Hi Alex, Please submit your travel expense reports by the end of the month for reimbursement. Cheers, Sophia"
spam,"SECURITY NOTICE: Your Apple ID has been locked for security reasons. Click here to verify your identity. Reply with your full name, phone number, and mailing address to claim."
ham,"Hello Team, The deployment to staging completed without any errors. Ready for QA testing. Cheers, Sophia"
ham,"Hi Alex, The deployment to staging completed without any errors. Ready for QA testing. Cheers, Emma"
ham,"Hey Sarah, Attached is the agenda for our upcoming quarterly business review. Warmly, Noah"
spam,Account Notification: Your online banking password expires in 24 hours. Log in now to keep your account active. Visit http://secure-portal-update.org to update your credentials immediately.
ham,"Dear Customer, Please review the attached contract draft and let me know if you have any changes. Warmly, Lucas"
ham,"Hi Mom, I arrived safely at the hotel. The flight was on time and everything went smoothly. Talk to you tomorrow!"
spam,"ATTENTION: IRS Tax Refund Notification. You have an unclaimed refund of $1,840. Submit your tax identification form at http://irs-tax-refunds-gov.biz"
ham,"Good afternoon Rachel, Please submit your travel expense reports by the end of the month for reimbursement. Sincerely, Ava"
ham,"Hello Team, Please review the attached contract draft and let me know if you have any changes. Sincerely, Daniel"
spam,ACTION REQUIRED: Refinance your mortgage today and save hundreds every month. No closing costs! Click here immediately: http://promo-reward-portal.com
ham,"Dear Dr. Miller, Please submit your travel expense reports by the end of the month for reimbursement. Have a great day, Daniel"
ham,"Hey buddy, I reviewed your code changes and left a couple of minor comments on GitHub. Warmly, Mia"
spam,Guaranteed Weight Loss! Drop 20 pounds in 2 weeks without diet or exercise. 100% natural miracle supplement. Order now for 70% off!
ham,"Hello Team, Here is the updated project roadmap following our team discussion yesterday. Talk soon, Ava"
spam,"ACTION REQUIRED: Earn up to $3,000 every week working just 2 hours a day from your phone or laptop. Call toll-free 1-800-555-9122 now to claim before midnight."
ham,"Hey Dave, do you have a few minutes this afternoon to help me debug the backend authentication issue?"
spam,Exclusive Invitation: Double your cryptocurrency investments in just 48 hours with our automated Bitcoin trading bot! Join VIP club now.
ham,"Hey buddy, Here is the updated project roadmap following our team discussion yesterday. Sincerely, Daniel"
ham,"Dear patient, this is a friendly reminder of your upcoming dental appointment scheduled for Thursday at 10:00 AM."
spam,"Urgent Alert: Suspicious transaction of $899.00 detected on your Amazon account. If this was not you, call fraud prevention immediately at 1-888-234-5678."
ham,"Hi Robert, The conference room for tomorrow's client presentation has been reserved. Talk soon, Ava"
spam,"ATTENTION: IRS Tax Refund Notification. You have an unclaimed refund of $1,840. Submit your tax identification form at http://irs-tax-refunds-gov.biz"
ham,"Hey buddy, Please review the attached contract draft and let me know if you have any changes. Have a great day, Daniel"
spam,Exclusive Invitation: Double your cryptocurrency investments in just 48 hours with our automated Bitcoin trading bot! Join VIP club now.
ham,"Dear Dr. Miller, Attached is the agenda for our upcoming quarterly business review. Warmly, Ava"
ham,Your ride with Uber has completed. Total charged: $14.25. View your trip receipt in the app.
ham,Your order #48291 has shipped! You can track your package delivery progress directly through the official carrier website.
ham,"Hey buddy, Attached is the agenda for our upcoming quarterly business review. Have a great day, James"
spam,FINAL NOTICE: Claim your $500 gift card today by completing this 2-minute survey. Text WIN to 78900 to enter now. Standard rates apply.
ham,"Hey buddy, The conference room for tomorrow's client presentation has been reserved. Warmly, Daniel"
ham,"Hi Robert, Your library books are due back in 3 days. Renew online if you need more time. Warmly, Lucas"
spam,"You have received 1 new pending wire transfer of $4,500.00. Click here to confirm transaction details and accept funds."
spam,Your Netflix subscription has expired. Update your billing credit card details to avoid service termination: http://netflix-account-renewal.com
ham,"Hey buddy, I will be out of the office next Tuesday for a doctor appointment. Cheers, Sophia"
ham,"Dear Customer, Please review the attached contract draft and let me know if you have any changes. Talk soon, James"
ham,"Hey buddy, Can you send me the latest version of the spreadsheet when you get a chance? Have a great day, Lucas"
ham,"Dear Dr. Miller, The conference room for tomorrow's client presentation has been reserved. Warmly, Lucas"
ham,"Good afternoon Rachel, I will be out of the office next Tuesday for a doctor appointment. Talk soon, Emma"
ham,"Dear Customer, Can you send me the latest version of the spreadsheet when you get a chance? Talk soon, Olivia"
spam,"Special Offer: Buy Viagra, Cialis and generic medication online without prescription. Fast discreet worldwide shipping. 80% discount."
spam,"Congratulations! You have been selected to receive a $1,000 Walmart Gift Card! Click here to claim your prize now: http://claim-gift-now.com"
ham,"Hi everyone, The conference room for tomorrow's client presentation has been reserved. Have a great day, Liam"
ham,"Hey buddy, Here is the updated project roadmap following our team discussion yesterday. Thanks, Ava"
spam,Exclusive Invitation: Double your cryptocurrency investments in just 48 hours with our automated Bitcoin trading bot! Join VIP club now.
spam,"SECURITY NOTICE: Claim your $500 gift card today by completing this 2-minute survey. Reply with your full name, phone number, and mailing address to claim."
ham,"Hi Robert, Here is the updated project roadmap following our team discussion yesterday. Thanks, Sophia"
ham,"Hi Robert, Thanks for the coffee catchup earlier! Let's follow up next week regarding the design. Have a great day, Emma"
spam,Instant Cash Award: Claim your $500 gift card today by completing this 2-minute survey. Download your prize confirmation certificate at http://rewards-winner.net
spam,"ACTION REQUIRED: Claim your $500 gift card today by completing this 2-minute survey. Reply with your full name, phone number, and mailing address to claim."
spam,"You have received 1 new pending wire transfer of $4,500.00. Click here to confirm transaction details and accept funds."
spam,"CONGRATULATIONS! Get 10,000 Instagram followers and TikTok likes instantly for only $9.99. Visit http://secure-portal-update.org to update your credentials immediately."
spam,You're a winner! Refinance your mortgage today and save hundreds every month. No closing costs! Text WIN to 78900 to enter now. Standard rates apply.
ham,"Hey Sarah, I reviewed your code changes and left a couple of minor comments on GitHub. Best regards, Emma"
ham,"Hey Sarah, Here is the updated project roadmap following our team discussion yesterday. Thanks, Liam"
ham,"Dear Customer, Please review the attached contract draft and let me know if you have any changes. Cheers, Liam"
ham,"Hello Team, I will be out of the office next Tuesday for a doctor appointment. Have a great day, Daniel"
ham,"Hi Robert, Thanks for the coffee catchup earlier! Let's follow up next week regarding the design. Talk soon, Mia"
spam,ACTION REQUIRED: Your online banking password expires in 24 hours. Log in now to keep your account active. Visit http://secure-portal-update.org to update your credentials immediately.
spam,Exclusive Invitation: Double your cryptocurrency investments in just 48 hours with our automated Bitcoin trading bot! Join VIP club now.
ham,Your order #48291 has shipped! You can track your package delivery progress directly through the official carrier website.
ham,"Dear Customer, Let me know if 3:00 PM works for a quick 15-minute sync on the marketing campaign. Best regards, Liam"
ham,"Hey buddy, Please submit your travel expense reports by the end of the month for reimbursement. Warmly, Ava"
ham,"Dear Customer, Thanks for the coffee catchup earlier! Let's follow up next week regarding the design. Thanks, James"
ham,"Hey buddy, Let me know if 3:00 PM works for a quick 15-minute sync on the marketing campaign. Talk soon, James"
ham,"Hi team, please find attached the meeting notes and action items from today's sprint planning session."
ham,"Good afternoon Rachel, Please submit your travel expense reports by the end of the month for reimbursement. Have a great day, Daniel"
ham,"Hi everyone, the office will be closed this coming Friday for the national holiday. Have a wonderful long weekend!"
spam,"You're a winner! Get 10,000 Instagram followers and TikTok likes instantly for only $9.99. Click here immediately: http://promo-reward-portal.com"
ham,"Good morning David, Let me know if 3:00 PM works for a quick 15-minute sync on the marketing campaign. Have a great day, Lucas"
spam,Your Netflix subscription has expired. Update your billing credit card details to avoid service termination: http://netflix-account-renewal.com
spam,Guaranteed Weight Loss! Drop 20 pounds in 2 weeks without diet or exercise. 100% natural miracle supplement. Order now for 70% off!
ham,"Hi team, just a quick reminder to submit your timesheets by 5 PM today for payroll processing."
ham,"Hey buddy, Please review the attached contract draft and let me know if you have any changes. Best regards, Lucas"
ham,"Dear Customer, Your library books are due back in 3 days. Renew online if you need more time. Talk soon, Noah"
spam,"Work from home and earn $500 to $1,500 daily with no experience required! Flexible hours. Start immediately by clicking here."
spam,"Instant Cash Award: Hot discount deals on electronics, smartphones and laptops. Order now while stock lasts. Visit http://secure-portal-update.org to update your credentials immediately."
spam,EXCLUSIVE PROMOTION: Refinance your mortgage today and save hundreds every month. No closing costs! Download your prize confirmation certificate at http://rewards-winner.net
ham,"Hey buddy, Let me know if 3:00 PM works for a quick 15-minute sync on the marketing campaign. Best regards, Olivia"
ham,"Hey Sarah, I reviewed your code changes and left a couple of minor comments on GitHub. Have a great day, Lucas"
spam,"You're a winner! You have been pre-selected for a $25,000 unsecured personal loan at low interest rate. Visit http://secure-portal-update.org to update your credentials immediately."
ham,"Hi Michael, can you please send me the updated contact information for the vendor? We need to finalize the contract."
ham,"Hi everyone, I reviewed your code changes and left a couple of minor comments on GitHub. Have a great day, Mia"
spam,WINNER!! As a valued customer you have been chosen to win a £900 prize reward! To claim call 09061701461. Claim code KL341. Valid 12 hours only.
ham,"Hey buddy, Can you send me the latest version of the spreadsheet when you get a chance? Warmly, Olivia"
ham,"Hi everyone, Attached is the agenda for our upcoming quarterly business review. Thanks, Liam"
ham,"Hey buddy, Thanks for the coffee catchup earlier! Let's follow up next week regarding the design. Warmly, Noah"
ham,"Hi John, hope you are having a productive week. Just following up on the quarterly budget report we discussed on Monday."
spam,URGENT: Your account has been temporarily locked due to suspicious login attempts. Verify your details immediately at http://security-bank-auth.com to restore access.
spam,"Urgent Alert: Suspicious transaction of $899.00 detected on your Amazon account. If this was not you, call fraud prevention immediately at 1-888-234-5678."
spam,Final Notice: Your vehicle warranty has expired. Call 1-800-555-0199 immediately to renew coverage before your policy is cancelled.
ham,"Hey Dave, do you have a few minutes this afternoon to help me debug the backend authentication issue?"
ham,Your order #48291 has shipped! You can track your package delivery progress directly through the official carrier website.
spam,"Urgent Alert: Suspicious transaction of $899.00 detected on your Amazon account. If this was not you, call fraud prevention immediately at 1-888-234-5678."
ham,"Good afternoon Rachel, I will be out of the office next Tuesday for a doctor appointment. Talk soon, Daniel"
ham,"Dear Customer, Let me know if 3:00 PM works for a quick 15-minute sync on the marketing campaign. Have a great day, Emma"
spam,Limited Time Offer: You have 1 pending Bitcoin payment of 0.35 BTC waiting in your crypto wallet. Visit http://secure-portal-update.org to update your credentials immediately.
ham,"Hey buddy, I reviewed your code changes and left a couple of minor comments on GitHub. Talk soon, James"
ham,"Thank you for attending our product demo yesterday. As requested, here is the recording link and technical whitepaper."
ham,"Dear Customer, The conference room for tomorrow's client presentation has been reserved. Have a great day, Lucas"
ham,"Good afternoon Rachel, Thanks for the coffee catchup earlier! Let's follow up next week regarding the design. Cheers, Sophia"
ham,"Hey Sarah, I reviewed your code changes and left a couple of minor comments on GitHub. Warmly, Daniel"
ham,"Hey Sarah, Please review the attached contract draft and let me know if you have any changes. Warmly, Sophia"
spam,"Get pre-approved for an instant cash loan of up to $50,000 with 0% APR for the first 12 months! Apply online today at http://fast-instant-cash.net"
ham,"Hello Team, Can you send me the latest version of the spreadsheet when you get a chance? Best regards, Ava"
spam,"ACTION REQUIRED: You have been pre-selected for a $25,000 unsecured personal loan at low interest rate. Hurry, offer expires in 6 hours! Act now."
ham,"Hey buddy, Thanks for the coffee catchup earlier! Let's follow up next week regarding the design. Have a great day, Daniel"
spam,"Instant Cash Award: Get 10,000 Instagram followers and TikTok likes instantly for only $9.99. Reply with your full name, phone number, and mailing address to claim."
ham,"Hi Robert, Here is the updated project roadmap following our team discussion yesterday. Thanks, Olivia"
ham,"Hi team, please find attached the meeting notes and action items from today's sprint planning session."
ham,"Dear Dr. Miller, The conference room for tomorrow's client presentation has been reserved. Sincerely, Noah"
spam,"URGENT ALERT: Get 10,000 Instagram followers and TikTok likes instantly for only $9.99. Click here immediately: http://promo-reward-portal.com"
spam,"Instant Cash Award: Urgent: Unrecognized login detected from Moscow, Russia. Secure your account now. Click here immediately: http://promo-reward-portal.com"
spam,"ATTENTION: IRS Tax Refund Notification. You have an unclaimed refund of $1,840. Submit your tax identification form at http://irs-tax-refunds-gov.biz"
ham,"Hey Sarah, Here is the updated project roadmap following our team discussion yesterday. Cheers, James"
ham,"Hi everyone, Here is the updated project roadmap following our team discussion yesterday. Best regards, Liam"
spam,"Limited Time Offer: Save 75% on health supplements, vitamins and male enhancement pills with free shipping. Hurry, offer expires in 6 hours! Act now."
spam,"ATTENTION: IRS Tax Refund Notification. You have an unclaimed refund of $1,840. Submit your tax identification form at http://irs-tax-refunds-gov.biz"
ham,"Hi Robert, Please review the attached contract draft and let me know if you have any changes. Thanks, Mia"
spam,"EXCLUSIVE PROMOTION: Earn up to $3,000 every week working just 2 hours a day from your phone or laptop. Download your prize confirmation certificate at http://rewards-winner.net"
ham,"Hi Robert, I reviewed your code changes and left a couple of minor comments on GitHub. Talk soon, Noah"
ham,"Dear Dr. Miller, I will be out of the office next Tuesday for a doctor appointment. Cheers, Olivia"
ham,"Hi everyone, The conference room for tomorrow's client presentation has been reserved. Warmly, James"
spam,"You have received 1 new pending wire transfer of $4,500.00. Click here to confirm transaction details and accept funds."
ham,"Hey buddy, Let me know if 3:00 PM works for a quick 15-minute sync on the marketing campaign. Talk soon, Sophia"
spam,"ACTION REQUIRED: Hot discount deals on electronics, smartphones and laptops. Order now while stock lasts. Hurry, offer expires in 6 hours! Act now."
ham,"Dear Dr. Miller, Thanks for the coffee catchup earlier! Let's follow up next week regarding the design. Sincerely, Mia"
ham,"Hello Team, The deployment to staging completed without any errors. Ready for QA testing. Talk soon, Noah"
spam,WINNER!! As a valued customer you have been chosen to win a £900 prize reward! To claim call 09061701461. Claim code KL341. Valid 12 hours only.
spam,Guaranteed Weight Loss! Drop 20 pounds in 2 weeks without diet or exercise. 100% natural miracle supplement. Order now for 70% off!
ham,"Hi everyone, Please review the attached contract draft and let me know if you have any changes. Talk soon, Noah"
ham,"Dear Customer, Let me know if 3:00 PM works for a quick 15-minute sync on the marketing campaign. Talk soon, Sophia"
ham,"Good afternoon Rachel, Let me know if 3:00 PM works for a quick 15-minute sync on the marketing campaign. Thanks, Daniel"
ham,Your ride with Uber has completed. Total charged: $14.25. View your trip receipt in the app.
spam,"EXCLUSIVE PROMOTION: You have been pre-selected for a $25,000 unsecured personal loan at low interest rate. Click here immediately: http://promo-reward-portal.com"
ham,"Good morning David, Here is the updated project roadmap following our team discussion yesterday. Have a great day, Sophia"
spam,Final Notice: Your vehicle warranty has expired. Call 1-800-555-0199 immediately to renew coverage before your policy is cancelled.
ham,"Hey buddy, I will be out of the office next Tuesday for a doctor appointment. Warmly, Lucas"
ham,"Hello Team, Attached is the agenda for our upcoming quarterly business review. Thanks, Olivia"
ham,"Hello Team, Thanks for the coffee catchup earlier! Let's follow up next week regarding the design. Cheers, Mia"
spam,"Work from home and earn $500 to $1,500 daily with no experience required! Flexible hours. Start immediately by clicking here."
spam,FREE entry into our £250 weekly competition just text the word WIN to 80086 NOW. 18+ T&Cs apply.
spam,"SECURITY NOTICE: Get 10,000 Instagram followers and TikTok likes instantly for only $9.99. Click here immediately: http://promo-reward-portal.com"
spam,"Special Offer: Buy Viagra, Cialis and generic medication online without prescription. Fast discreet worldwide shipping. 80% discount."
spam,"ACTION REQUIRED: Your online banking password expires in 24 hours. Log in now to keep your account active. Hurry, offer expires in 6 hours! Act now."
spam,"Dear Winner, You have inherited $8.5 Million USD from a deceased relative. Reply with your passport and bank info to start transfer process."
spam,FINAL NOTICE: Your online banking password expires in 24 hours. Log in now to keep your account active. Call toll-free 1-800-555-9122 now to claim before midnight.
ham,"Dear Dr. Miller, Thanks for the coffee catchup earlier! Let's follow up next week regarding the design. Talk soon, Lucas"
spam,ACTION REQUIRED: You won a brand new iPhone 15 Pro! Confirm your shipping address to receive delivery. Visit http://secure-portal-update.org to update your credentials immediately.
ham,"Hi team, please find attached the meeting notes and action items from today's sprint planning session."
spam,"Get pre-approved for an instant cash loan of up to $50,000 with 0% APR for the first 12 months! Apply online today at http://fast-instant-cash.net"
ham,"Hi everyone, I will be out of the office next Tuesday for a doctor appointment. Thanks, Daniel"
ham,The server maintenance has been successfully completed. All systems and database instances are fully operational.
spam,Instant Cash Award: You won a brand new iPhone 15 Pro! Confirm your shipping address to receive delivery. Download your prize confirmation certificate at http://rewards-winner.net
spam,"SECURITY NOTICE: Get 10,000 Instagram followers and TikTok likes instantly for only $9.99. Download your prize confirmation certificate at http://rewards-winner.net"
ham,"Good morning David, I reviewed your code changes and left a couple of minor comments on GitHub. Cheers, Noah"
ham,"Dear Dr. Miller, Let me know if 3:00 PM works for a quick 15-minute sync on the marketing campaign. Cheers, Ava"
spam,"Instant Cash Award: Get 10,000 Instagram followers and TikTok likes instantly for only $9.99. Visit http://secure-portal-update.org to update your credentials immediately."
spam,URGENT: Your account has been temporarily locked due to suspicious login attempts. Verify your details immediately at http://security-bank-auth.com to restore access.
spam,"EXCLUSIVE PROMOTION: Urgent: Unrecognized login detected from Moscow, Russia. Secure your account now. Download your prize confirmation certificate at http://rewards-winner.net"
spam,"Urgent Alert: Suspicious transaction of $899.00 detected on your Amazon account. If this was not you, call fraud prevention immediately at 1-888-234-5678."
ham,"Hey buddy, Let me know if 3:00 PM works for a quick 15-minute sync on the marketing campaign. Thanks, Olivia"
ham,"Hi Robert, The conference room for tomorrow's client presentation has been reserved. Sincerely, Olivia"
spam,ACTION REQUIRED: Your Apple ID has been locked for security reasons. Click here to verify your identity. Text WIN to 78900 to enter now. Standard rates apply.
spam,"EXCLUSIVE PROMOTION: Urgent: Unrecognized login detected from Moscow, Russia. Secure your account now. Hurry, offer expires in 6 hours! Act now."
ham,"Dear Customer, Attached is the agenda for our upcoming quarterly business review. Have a great day, Mia"
ham,"Hello Team, Let me know if 3:00 PM works for a quick 15-minute sync on the marketing campaign. Best regards, James"
ham,"Dear Dr. Miller, Can you send me the latest version of the spreadsheet when you get a chance? Thanks, Daniel"
ham,"Hello Team, Attached is the agenda for our upcoming quarterly business review. Sincerely, Lucas"
spam,SECURITY NOTICE: Refinance your mortgage today and save hundreds every month. No closing costs! Call toll-free 1-800-555-9122 now to claim before midnight.
ham,Please find attached your monthly bank statement for the period ending March 31st. Thank you for banking with us.
spam,"ACTION REQUIRED: Claim your $500 gift card today by completing this 2-minute survey. Hurry, offer expires in 6 hours! Act now."
spam,"Instant Cash Award: Hot discount deals on electronics, smartphones and laptops. Order now while stock lasts. Hurry, offer expires in 6 hours! Act now."
ham,"Good morning Sarah, could you please review the attached slide deck before our client presentation at 2 PM?"
spam,"You're a winner! Your Apple ID has been locked for security reasons. Click here to verify your identity. Reply with your full name, phone number, and mailing address to claim."
ham,"Hey Sarah, Thanks for the coffee catchup earlier! Let's follow up next week regarding the design. Best regards, Mia"
spam,"CONGRATULATIONS! Get 10,000 Instagram followers and TikTok likes instantly for only $9.99. Reply with your full name, phone number, and mailing address to claim."
ham,"Hi Alex, Here is the updated project roadmap following our team discussion yesterday. Best regards, Sophia"
spam,"Instant Cash Award: Save 75% on health supplements, vitamins and male enhancement pills with free shipping. Visit http://secure-portal-update.org to update your credentials immediately."
ham,"Hello Team, Please review the attached contract draft and let me know if you have any changes. Have a great day, Noah"
ham,"Dear Customer, Here is the updated project roadmap following our team discussion yesterday. Warmly, James"
ham,"Hi Alex, Let me know if 3:00 PM works for a quick 15-minute sync on the marketing campaign. Best regards, Emma"
ham,"Hi Robert, Can you send me the latest version of the spreadsheet when you get a chance? Sincerely, Ava"
ham,"Hello Team, Please submit your travel expense reports by the end of the month for reimbursement. Best regards, Olivia"
ham,"Hey buddy, Attached is the agenda for our upcoming quarterly business review. Best regards, Olivia"
ham,"Hey Sarah, Can you send me the latest version of the spreadsheet when you get a chance? Thanks, Noah"
ham,"Hi everyone, The conference room for tomorrow's client presentation has been reserved. Talk soon, Olivia"
ham,"Dear student, your assignment submission for CS 101 has been received and graded. Check the student portal for feedback."
ham,"Hi Robert, Thanks for the coffee catchup earlier! Let's follow up next week regarding the design. Best regards, Emma"
ham,"Hey Sarah, The deployment to staging completed without any errors. Ready for QA testing. Cheers, Noah"
ham,"Hi everyone, Can you send me the latest version of the spreadsheet when you get a chance? Warmly, Olivia"
ham,"Hey buddy, Let me know if 3:00 PM works for a quick 15-minute sync on the marketing campaign. Cheers, Mia"
spam,"Congratulations! You have been selected to receive a $1,000 Walmart Gift Card! Click here to claim your prize now: http://claim-gift-now.com"
ham,"Hello Team, Let me know if 3:00 PM works for a quick 15-minute sync on the marketing campaign. Have a great day, Olivia"
spam,Exclusive Invitation: Double your cryptocurrency investments in just 48 hours with our automated Bitcoin trading bot! Join VIP club now.
ham,Your order #48291 has shipped! You can track your package delivery progress directly through the official carrier website.
ham,"Dear Customer, Let me know if 3:00 PM works for a quick 15-minute sync on the marketing campaign. Warmly, Olivia"
spam,You're a winner! Refinance your mortgage today and save hundreds every month. No closing costs! Download your prize confirmation certificate at http://rewards-winner.net
ham,"Hey Sarah, I reviewed your code changes and left a couple of minor comments on GitHub. Talk soon, Liam"
spam,WINNER!! As a valued customer you have been chosen to win a £900 prize reward! To claim call 09061701461. Claim code KL341. Valid 12 hours only.
spam,Guaranteed Weight Loss! Drop 20 pounds in 2 weeks without diet or exercise. 100% natural miracle supplement. Order now for 70% off!
ham,"Hi Alex, Can you send me the latest version of the spreadsheet when you get a chance? Sincerely, Noah"
ham,"Hey Sarah, I will be out of the office next Tuesday for a doctor appointment. Best regards, Olivia"
ham,"Hey buddy, Please submit your travel expense reports by the end of the month for reimbursement. Have a great day, James"
ham,"Hi everyone, I reviewed your code changes and left a couple of minor comments on GitHub. Thanks, Ava"
ham,"Good afternoon Rachel, Let me know if 3:00 PM works for a quick 15-minute sync on the marketing campaign. Have a great day, James"
spam,HOT SINGLE WOMEN in your area are looking to chat tonight! Click to view verified private profiles: http://meet-singles-now.top
ham,"Hello Team, Let me know if 3:00 PM works for a quick 15-minute sync on the marketing campaign. Best regards, Mia"
ham,"Hey Sarah, The deployment to staging completed without any errors. Ready for QA testing. Warmly, Lucas"
ham,"Hi Alex, Please review the attached contract draft and let me know if you have any changes. Best regards, Noah"
spam,"Urgent Alert: Suspicious transaction of $899.00 detected on your Amazon account. If this was not you, call fraud prevention immediately at 1-888-234-5678."
ham,"Hi Robert, I reviewed your code changes and left a couple of minor comments on GitHub. Cheers, James"
ham,"Good morning David, Thanks for the coffee catchup earlier! Let's follow up next week regarding the design. Talk soon, Noah"
ham,"Dear Dr. Miller, Here is the updated project roadmap following our team discussion yesterday. Talk soon, Liam"
ham,"Hi everyone, Let me know if 3:00 PM works for a quick 15-minute sync on the marketing campaign. Sincerely, Daniel"
spam,"You have received 1 new pending wire transfer of $4,500.00. Click here to confirm transaction details and accept funds."
ham,"Hi John, hope you are having a productive week. Just following up on the quarterly budget report we discussed on Monday."
ham,"Hi team, just a quick reminder to submit your timesheets by 5 PM today for payroll processing."
ham,"Hi Robert, Attached is the agenda for our upcoming quarterly business review. Have a great day, Emma"
ham,"Hey Sarah, Thanks for the coffee catchup earlier! Let's follow up next week regarding the design. Have a great day, Sophia"
ham,"Hello Team, Please submit your travel expense reports by the end of the month for reimbursement. Cheers, Liam"
ham,"Hi Alex, Your library books are due back in 3 days. Renew online if you need more time. Best regards, Liam"
ham,Reminder: The weekly engineering team standup will start in 15 minutes in Conference Room B and on Zoom.
ham,"Good morning David, Here is the updated project roadmap following our team discussion yesterday. Talk soon, Sophia"
ham,"Good afternoon Rachel, Thanks for the coffee catchup earlier! Let's follow up next week regarding the design. Best regards, Mia"
ham,"Good afternoon Rachel, Can you send me the latest version of the spreadsheet when you get a chance? Best regards, Emma"
ham,Reminder: The weekly engineering team standup will start in 15 minutes in Conference Room B and on Zoom.
spam,"Special Offer: Buy Viagra, Cialis and generic medication online without prescription. Fast discreet worldwide shipping. 80% discount."
ham,The server maintenance has been successfully completed. All systems and database instances are fully operational.
ham,"Hello Team, Thanks for the coffee catchup earlier! Let's follow up next week regarding the design. Have a great day, Emma"
ham,"Dear Dr. Miller, The deployment to staging completed without any errors. Ready for QA testing. Warmly, Olivia"
ham,"Hello Team, Attached is the agenda for our upcoming quarterly business review. Sincerely, Ava"
ham,"Good morning David, Attached is the agenda for our upcoming quarterly business review. Talk soon, Sophia"
ham,"Hello Team, The conference room for tomorrow's client presentation has been reserved. Warmly, Noah"
ham,Please find attached your monthly bank statement for the period ending March 31st. Thank you for banking with us.
spam,"CONGRATULATIONS! Get 10,000 Instagram followers and TikTok likes instantly for only $9.99. Download your prize confirmation certificate at http://rewards-winner.net"
ham,"Dear student, your assignment submission for CS 101 has been received and graded. Check the student portal for feedback."
ham,"Dear patient, this is a friendly reminder of your upcoming dental appointment scheduled for Thursday at 10:00 AM."
ham,"Hi everyone, The deployment to staging completed without any errors. Ready for QA testing. Sincerely, Daniel"
ham,"Hey Sarah, Please submit your travel expense reports by the end of the month for reimbursement. Thanks, Lucas"
spam,"Congratulations! You have been selected to receive a $1,000 Walmart Gift Card! Click here to claim your prize now: http://claim-gift-now.com"
spam,"Flash Sale! 90% off Designer Watches, Rolex, Omega, Gucci! Limited time clearance stock. Shop now at http://luxury-outlet-deals.shop"
spam,WINNER!! As a valued customer you have been chosen to win a £900 prize reward! To claim call 09061701461. Claim code KL341. Valid 12 hours only.
spam,"ATTENTION: IRS Tax Refund Notification. You have an unclaimed refund of $1,840. Submit your tax identification form at http://irs-tax-refunds-gov.biz"
ham,"Hi Robert, Can you send me the latest version of the spreadsheet when you get a chance? Best regards, Olivia"
ham,"Dear Customer, I will be out of the office next Tuesday for a doctor appointment. Have a great day, Lucas"
spam,"Special Offer: Buy Viagra, Cialis and generic medication online without prescription. Fast discreet worldwide shipping. 80% discount."
ham,"Hi team, please find attached the meeting notes and action items from today's sprint planning session."
spam,Guaranteed Weight Loss! Drop 20 pounds in 2 weeks without diet or exercise. 100% natural miracle supplement. Order now for 70% off!
ham,The pull request for the email validation bug fix has been reviewed and merged into the main branch.
ham,"Hi Robert, Thanks for the coffee catchup earlier! Let's follow up next week regarding the design. Best regards, Lucas"
ham,"Dear Customer, Let me know if 3:00 PM works for a quick 15-minute sync on the marketing campaign. Best regards, Emma"
spam,SECURITY NOTICE: Claim your $500 gift card today by completing this 2-minute survey. Call toll-free 1-800-555-9122 now to claim before midnight.
spam,"ACTION REQUIRED: Hot discount deals on electronics, smartphones and laptops. Order now while stock lasts. Hurry, offer expires in 6 hours! Act now."
spam,HOT SINGLE WOMEN in your area are looking to chat tonight! Click to view verified private profiles: http://meet-singles-now.top
ham,"Hi Alex, Please review the attached contract draft and let me know if you have any changes. Sincerely, Ava"
spam,"Special Offer: Buy Viagra, Cialis and generic medication online without prescription. Fast discreet worldwide shipping. 80% discount."
ham,"Hey buddy, The deployment to staging completed without any errors. Ready for QA testing. Thanks, Daniel"
ham,"Good afternoon Rachel, Thanks for the coffee catchup earlier! Let's follow up next week regarding the design. Cheers, Lucas"
ham,Thanks for sending over the invoice. I have forwarded it to our accounts department for processing.
ham,"Hey buddy, Thanks for the coffee catchup earlier! Let's follow up next week regarding the design. Thanks, Mia"
ham,"Good afternoon Rachel, Here is the updated project roadmap following our team discussion yesterday. Thanks, Sophia"
ham,"Good morning David, Here is the updated project roadmap following our team discussion yesterday. Best regards, Noah"
ham,Reminder: The weekly engineering team standup will start in 15 minutes in Conference Room B and on Zoom.
spam,SECURITY NOTICE: You won a brand new iPhone 15 Pro! Confirm your shipping address to receive delivery. Text WIN to 78900 to enter now. Standard rates apply.
spam,Account Notification: Your online banking password expires in 24 hours. Log in now to keep your account active. Click here immediately: http://promo-reward-portal.com
ham,"Hey Sarah, The conference room for tomorrow's client presentation has been reserved. Thanks, James"
ham,"Hi Robert, Thanks for the coffee catchup earlier! Let's follow up next week regarding the design. Talk soon, Mia"
ham,"Hi everyone, I reviewed your code changes and left a couple of minor comments on GitHub. Thanks, Emma"
ham,"Hi Robert, The deployment to staging completed without any errors. Ready for QA testing. Best regards, Lucas"
ham,The server maintenance has been successfully completed. All systems and database instances are fully operational.
ham,"Good afternoon Rachel, Here is the updated project roadmap following our team discussion yesterday. Sincerely, Noah"
ham,"Dear Customer, I reviewed your code changes and left a couple of minor comments on GitHub. Warmly, Olivia"
ham,"Hey Mark, happy birthday! Hope you have a fantastic day celebrating with family and friends."
ham,"Dear Dr. Miller, Here is the updated project roadmap following our team discussion yesterday. Thanks, Olivia"
ham,"Hi Robert, Please submit your travel expense reports by the end of the month for reimbursement. Warmly, Lucas"
spam,Final Notice: Your vehicle warranty has expired. Call 1-800-555-0199 immediately to renew coverage before your policy is cancelled.
ham,"Dear Dr. Miller, The deployment to staging completed without any errors. Ready for QA testing. Have a great day, James"
ham,"Good afternoon Rachel, Thanks for the coffee catchup earlier! Let's follow up next week regarding the design. Talk soon, Daniel"
ham,"Good morning David, Here is the updated project roadmap following our team discussion yesterday. Best regards, Daniel"
spam,"EXCLUSIVE PROMOTION: Save 75% on health supplements, vitamins and male enhancement pills with free shipping. Text WIN to 78900 to enter now. Standard rates apply."
ham,"Good afternoon Rachel, The conference room for tomorrow's client presentation has been reserved. Thanks, Ava"
ham,"Good afternoon Rachel, Can you send me the latest version of the spreadsheet when you get a chance? Talk soon, Ava"
spam,"Flash Sale! 90% off Designer Watches, Rolex, Omega, Gucci! Limited time clearance stock. Shop now at http://luxury-outlet-deals.shop"
ham,The pull request for the email validation bug fix has been reviewed and merged into the main branch.
spam,WINNER!! As a valued customer you have been chosen to win a £900 prize reward! To claim call 09061701461. Claim code KL341. Valid 12 hours only.
ham,"Good afternoon Rachel, I will be out of the office next Tuesday for a doctor appointment. Best regards, Emma"
ham,"Hi everyone, Can you send me the latest version of the spreadsheet when you get a chance? Sincerely, Liam"
spam,"ACTION REQUIRED: You have 1 pending Bitcoin payment of 0.35 BTC waiting in your crypto wallet. Reply with your full name, phone number, and mailing address to claim."
ham,Your ride with Uber has completed. Total charged: $14.25. View your trip receipt in the app.
ham,"Dear Customer, Thanks for the coffee catchup earlier! Let's follow up next week regarding the design. Best regards, James"
ham,Your ride with Uber has completed. Total charged: $14.25. View your trip receipt in the app.
spam,"ACTION REQUIRED: Earn up to $3,000 every week working just 2 hours a day from your phone or laptop. Text WIN to 78900 to enter now. Standard rates apply."
spam,CONGRATULATIONS! Your online banking password expires in 24 hours. Log in now to keep your account active. Download your prize confirmation certificate at http://rewards-winner.net
spam,Limited Time Offer: You won a brand new iPhone 15 Pro! Confirm your shipping address to receive delivery. Visit http://secure-portal-update.org to update your credentials immediately.
ham,"Good morning David, I will be out of the office next Tuesday for a doctor appointment. Have a great day, Olivia"
spam,EXCLUSIVE PROMOTION: Your Apple ID has been locked for security reasons. Click here to verify your identity. Visit http://secure-portal-update.org to update your credentials immediately.
ham,"Dear Dr. Miller, The deployment to staging completed without any errors. Ready for QA testing. Talk soon, Daniel"
ham,Thanks for sending over the invoice. I have forwarded it to our accounts department for processing.
ham,"Dear Customer, I will be out of the office next Tuesday for a doctor appointment. Sincerely, Lucas"
spam,HOT SINGLE WOMEN in your area are looking to chat tonight! Click to view verified private profiles: http://meet-singles-now.top
ham,"Hi Robert, Attached is the agenda for our upcoming quarterly business review. Best regards, Noah"
spam,HOT SINGLE WOMEN in your area are looking to chat tonight! Click to view verified private profiles: http://meet-singles-now.top
spam,Final Notice: Your vehicle warranty has expired. Call 1-800-555-0199 immediately to renew coverage before your policy is cancelled.
spam,"Urgent Alert: Suspicious transaction of $899.00 detected on your Amazon account. If this was not you, call fraud prevention immediately at 1-888-234-5678."
spam,Account Notification: Refinance your mortgage today and save hundreds every month. No closing costs! Call toll-free 1-800-555-9122 now to claim before midnight.
ham,"Hi Alex, The conference room for tomorrow's client presentation has been reserved. Thanks, Noah"
spam,"CONGRATULATIONS! Hot discount deals on electronics, smartphones and laptops. Order now while stock lasts. Click here immediately: http://promo-reward-portal.com"
ham,"Hi Robert, I reviewed your code changes and left a couple of minor comments on GitHub. Warmly, Emma"
ham,"Hi everyone, Attached is the agenda for our upcoming quarterly business review. Cheers, Emma"
ham,"Hi everyone, the office will be closed this coming Friday for the national holiday. Have a wonderful long weekend!"
ham,"Thank you for attending our product demo yesterday. As requested, here is the recording link and technical whitepaper."
spam,"SECURITY NOTICE: Refinance your mortgage today and save hundreds every month. No closing costs! Hurry, offer expires in 6 hours! Act now."
ham,"Hi Alex, Can you send me the latest version of the spreadsheet when you get a chance? Best regards, Emma"
ham,"Hey Sarah, Please submit your travel expense reports by the end of the month for reimbursement. Best regards, Sophia"
ham,"Hi Robert, Can you send me the latest version of the spreadsheet when you get a chance? Warmly, Daniel"
ham,"Hello Team, Here is the updated project roadmap following our team discussion yesterday. Talk soon, Emma"
ham,"Hey Sarah, I will be out of the office next Tuesday for a doctor appointment. Talk soon, Emma"
ham,Please find attached your monthly bank statement for the period ending March 31st. Thank you for banking with us.
ham,"Dear Dr. Miller, Can you send me the latest version of the spreadsheet when you get a chance? Warmly, James"
ham,Hey! Are we still on for lunch tomorrow around 12:30? Let me know which restaurant you prefer.
ham,"Hello Team, Please review the attached contract draft and let me know if you have any changes. Have a great day, Lucas"
ham,"Hi everyone, Let me know if 3:00 PM works for a quick 15-minute sync on the marketing campaign. Warmly, Olivia"
ham,"Hi Robert, Thanks for the coffee catchup earlier! Let's follow up next week regarding the design. Best regards, James"
ham,"Hey Sarah, Here is the updated project roadmap following our team discussion yesterday. Thanks, Ava"
spam,"Congratulations! You have been selected to receive a $1,000 Walmart Gift Card! Click here to claim your prize now: http://claim-gift-now.com"
ham,"Hey buddy, Please review the attached contract draft and let me know if you have any changes. Cheers, Ava"
spam,"You're a winner! Urgent: Unrecognized login detected from Moscow, Russia. Secure your account now. Click here immediately: http://promo-reward-portal.com"
ham,"Hey buddy, I reviewed your code changes and left a couple of minor comments on GitHub. Talk soon, Emma"
spam,Your Netflix subscription has expired. Update your billing credit card details to avoid service termination: http://netflix-account-renewal.com
ham,"Hi Robert, I reviewed your code changes and left a couple of minor comments on GitHub. Have a great day, Noah"
ham,"Hello Team, Attached is the agenda for our upcoming quarterly business review. Cheers, Noah"
spam,"CONGRATULATIONS! Hot discount deals on electronics, smartphones and laptops. Order now while stock lasts. Reply with your full name, phone number, and mailing address to claim."
spam,HOT SINGLE WOMEN in your area are looking to chat tonight! Click to view verified private profiles: http://meet-singles-now.top
spam,"Ref: 4920492. You have won a guaranteed cash prize of $5,000 or a trip to Bahamas! Call 09050000301 to claim today."
spam,"URGENT ALERT: Your Apple ID has been locked for security reasons. Click here to verify your identity. Hurry, offer expires in 6 hours! Act now."
spam,"You're a winner! Urgent: Unrecognized login detected from Moscow, Russia. Secure your account now. Click here immediately: http://promo-reward-portal.com"
ham,"Good morning David, I will be out of the office next Tuesday for a doctor appointment. Sincerely, Daniel"
ham,"Good morning David, Please submit your travel expense reports by the end of the month for reimbursement. Thanks, Noah"
ham,"Good afternoon Rachel, Can you send me the latest version of the spreadsheet when you get a chance? Best regards, Sophia"
ham,"Hi Alex, Please review the attached contract draft and let me know if you have any changes. Have a great day, Liam"
spam,"Congratulations! You have been selected to receive a $1,000 Walmart Gift Card! Click here to claim your prize now: http://claim-gift-now.com"
spam,Instant Cash Award: Refinance your mortgage today and save hundreds every month. No closing costs! Click here immediately: http://promo-reward-portal.com
ham,"Dear Dr. Miller, Can you send me the latest version of the spreadsheet when you get a chance? Best regards, Lucas"
spam,Exclusive Invitation: Double your cryptocurrency investments in just 48 hours with our automated Bitcoin trading bot! Join VIP club now.
ham,"Hi Mom, I arrived safely at the hotel. The flight was on time and everything went smoothly. Talk to you tomorrow!"
spam,"SECURITY NOTICE: Earn up to $3,000 every week working just 2 hours a day from your phone or laptop. Reply with your full name, phone number, and mailing address to claim."
spam,"Account Notification: Your Apple ID has been locked for security reasons. Click here to verify your identity. Reply with your full name, phone number, and mailing address to claim."
spam,Limited Time Offer: Refinance your mortgage today and save hundreds every month. No closing costs! Click here immediately: http://promo-reward-portal.com
spam,"EXCLUSIVE PROMOTION: You have 1 pending Bitcoin payment of 0.35 BTC waiting in your crypto wallet. Hurry, offer expires in 6 hours! Act now."
ham,"Dear Customer, The conference room for tomorrow's client presentation has been reserved. Warmly, Sophia"
ham,"Good afternoon Rachel, I will be out of the office next Tuesday for a doctor appointment. Best regards, Lucas"
spam,"Congratulations! You have been selected to receive a $1,000 Walmart Gift Card! Click here to claim your prize now: http://claim-gift-now.com"
ham,"Hi Robert, The deployment to staging completed without any errors. Ready for QA testing. Sincerely, James"
ham,"Hi team, just a quick reminder to submit your timesheets by 5 PM today for payroll processing."
ham,"Hello Team, Your library books are due back in 3 days. Renew online if you need more time. Thanks, Liam"
ham,"Dear Customer, Attached is the agenda for our upcoming quarterly business review. Talk soon, Liam"
spam,"ATTENTION: IRS Tax Refund Notification. You have an unclaimed refund of $1,840. Submit your tax identification form at http://irs-tax-refunds-gov.biz"
ham,"Hi everyone, Let me know if 3:00 PM works for a quick 15-minute sync on the marketing campaign. Best regards, Liam"
spam,Limited Time Offer: You have 1 pending Bitcoin payment of 0.35 BTC waiting in your crypto wallet. Call toll-free 1-800-555-9122 now to claim before midnight.
ham,"Dear Customer, Can you send me the latest version of the spreadsheet when you get a chance? Best regards, Sophia"
spam,"Account Notification: Urgent: Unrecognized login detected from Moscow, Russia. Secure your account now. Call toll-free 1-800-555-9122 now to claim before midnight."
ham,"Hi Alex, Let me know if 3:00 PM works for a quick 15-minute sync on the marketing campaign. Have a great day, Emma"
spam,"Account Notification: You have 1 pending Bitcoin payment of 0.35 BTC waiting in your crypto wallet. Reply with your full name, phone number, and mailing address to claim."
ham,"Dear Dr. Miller, Please submit your travel expense reports by the end of the month for reimbursement. Thanks, Olivia"
spam,Limited Time Offer: You won a brand new iPhone 15 Pro! Confirm your shipping address to receive delivery. Download your prize confirmation certificate at http://rewards-winner.net
ham,"Hi team, just a quick reminder to submit your timesheets by 5 PM today for payroll processing."
ham,"Hi Alex, Let me know if 3:00 PM works for a quick 15-minute sync on the marketing campaign. Cheers, Emma"
ham,"Good afternoon Rachel, Thanks for the coffee catchup earlier! Let's follow up next week regarding the design. Talk soon, Noah"
ham,"Hello Team, Can you send me the latest version of the spreadsheet when you get a chance? Have a great day, Mia"
ham,"Dear Customer, Can you send me the latest version of the spreadsheet when you get a chance? Talk soon, Emma"
ham,"Hi Mom, I arrived safely at the hotel. The flight was on time and everything went smoothly. Talk to you tomorrow!"
spam,"Ref: 4920492. You have won a guaranteed cash prize of $5,000 or a trip to Bahamas! Call 09050000301 to claim today."
ham,"Dear Dr. Miller, Can you send me the latest version of the spreadsheet when you get a chance? Warmly, Emma"
spam,Limited Time Offer: You have 1 pending Bitcoin payment of 0.35 BTC waiting in your crypto wallet. Text WIN to 78900 to enter now. Standard rates apply.
ham,"Dear Customer, I will be out of the office next Tuesday for a doctor appointment. Sincerely, Olivia"
ham,"Hi Alex, Thanks for the coffee catchup earlier! Let's follow up next week regarding the design. Best regards, Emma"
spam,"Instant Cash Award: Save 75% on health supplements, vitamins and male enhancement pills with free shipping. Click here immediately: http://promo-reward-portal.com"
spam,CONGRATULATIONS! You have 1 pending Bitcoin payment of 0.35 BTC waiting in your crypto wallet. Download your prize confirmation certificate at http://rewards-winner.net
ham,"Hey buddy, Here is the updated project roadmap following our team discussion yesterday. Best regards, Liam"
spam,"CONGRATULATIONS! You have been pre-selected for a $25,000 unsecured personal loan at low interest rate. Click here immediately: http://promo-reward-portal.com"
spam,"EXCLUSIVE PROMOTION: Save 75% on health supplements, vitamins and male enhancement pills with free shipping. Hurry, offer expires in 6 hours! Act now."
ham,"Hello Team, Please review the attached contract draft and let me know if you have any changes. Thanks, Mia"
ham,"Hi everyone, Your library books are due back in 3 days. Renew online if you need more time. Talk soon, Daniel"
spam,"URGENT ALERT: You have been pre-selected for a $25,000 unsecured personal loan at low interest rate. Click here immediately: http://promo-reward-portal.com"
spam,EXCLUSIVE PROMOTION: You have 1 pending Bitcoin payment of 0.35 BTC waiting in your crypto wallet. Download your prize confirmation certificate at http://rewards-winner.net
spam,"You have received 1 new pending wire transfer of $4,500.00. Click here to confirm transaction details and accept funds."
ham,"Good morning David, Please review the attached contract draft and let me know if you have any changes. Cheers, Daniel"
ham,"Hi team, please find attached the meeting notes and action items from today's sprint planning session."
ham,"Dear Dr. Miller, I reviewed your code changes and left a couple of minor comments on GitHub. Thanks, Emma"
ham,"Good afternoon Rachel, The deployment to staging completed without any errors. Ready for QA testing. Talk soon, Lucas"
ham,"Hey Sarah, Your library books are due back in 3 days. Renew online if you need more time. Sincerely, Ava"
ham,"Hello Team, Can you send me the latest version of the spreadsheet when you get a chance? Sincerely, Mia"
spam,Guaranteed Weight Loss! Drop 20 pounds in 2 weeks without diet or exercise. 100% natural miracle supplement. Order now for 70% off!
spam,"ACTION REQUIRED: Get 10,000 Instagram followers and TikTok likes instantly for only $9.99. Download your prize confirmation certificate at http://rewards-winner.net"
ham,"Hi Robert, I reviewed your code changes and left a couple of minor comments on GitHub. Warmly, Liam"
spam,ACTION REQUIRED: You have 1 pending Bitcoin payment of 0.35 BTC waiting in your crypto wallet. Click here immediately: http://promo-reward-portal.com
spam,"You're a winner! Claim your $500 gift card today by completing this 2-minute survey. Reply with your full name, phone number, and mailing address to claim."
ham,"Hi Robert, Can you send me the latest version of the spreadsheet when you get a chance? Talk soon, Mia"
ham,"Dear Dr. Miller, Please review the attached contract draft and let me know if you have any changes. Best regards, James"
ham,"Good morning David, Can you send me the latest version of the spreadsheet when you get a chance? Warmly, Emma"
ham,"Hello Team, Attached is the agenda for our upcoming quarterly business review. Sincerely, Sophia"
ham,"Dear Customer, Can you send me the latest version of the spreadsheet when you get a chance? Sincerely, Daniel"
spam,You're a winner! You have 1 pending Bitcoin payment of 0.35 BTC waiting in your crypto wallet. Call toll-free 1-800-555-9122 now to claim before midnight.
ham,"Dear Dr. Miller, The conference room for tomorrow's client presentation has been reserved. Sincerely, Daniel"
spam,"Work from home and earn $500 to $1,500 daily with no experience required! Flexible hours. Start immediately by clicking here."
ham,Hey! Are we still on for lunch tomorrow around 12:30? Let me know which restaurant you prefer.
spam,"Special Offer: Buy Viagra, Cialis and generic medication online without prescription. Fast discreet worldwide shipping. 80% discount."
ham,"Good morning David, Let me know if 3:00 PM works for a quick 15-minute sync on the marketing campaign. Cheers, Ava"
ham,"Hi everyone, Your library books are due back in 3 days. Renew online if you need more time. Cheers, Ava"
ham,"Hi Robert, Please submit your travel expense reports by the end of the month for reimbursement. Sincerely, Olivia"
ham,"Good afternoon Rachel, The conference room for tomorrow's client presentation has been reserved. Cheers, Mia"
ham,"Good afternoon Rachel, Let me know if 3:00 PM works for a quick 15-minute sync on the marketing campaign. Warmly, Sophia"
ham,"Hey Sarah, The deployment to staging completed without any errors. Ready for QA testing. Thanks, Mia"
ham,"Hello Team, The deployment to staging completed without any errors. Ready for QA testing. Have a great day, Ava"
ham,"Hello Team, Attached is the agenda for our upcoming quarterly business review. Warmly, Ava"
ham,"Dear Customer, Thanks for the coffee catchup earlier! Let's follow up next week regarding the design. Cheers, Daniel"
ham,"Good morning David, Thanks for the coffee catchup earlier! Let's follow up next week regarding the design. Have a great day, Noah"
ham,Please find attached your monthly bank statement for the period ending March 31st. Thank you for banking with us.
ham,"Hey buddy, I will be out of the office next Tuesday for a doctor appointment. Sincerely, Lucas"
spam,FINAL NOTICE: Your online banking password expires in 24 hours. Log in now to keep your account active. Download your prize confirmation certificate at http://rewards-winner.net
spam,"FINAL NOTICE: Your online banking password expires in 24 hours. Log in now to keep your account active. Reply with your full name, phone number, and mailing address to claim."
ham,"Hi everyone, Attached is the agenda for our upcoming quarterly business review. Sincerely, Daniel"
ham,"Hi everyone, Please submit your travel expense reports by the end of the month for reimbursement. Cheers, Noah"
ham,"Hi everyone, Can you send me the latest version of the spreadsheet when you get a chance? Have a great day, Mia"
ham,"Good morning Sarah, could you please review the attached slide deck before our client presentation at 2 PM?"
ham,"Hey Sarah, I reviewed your code changes and left a couple of minor comments on GitHub. Best regards, Liam"
ham,"Hi Alex, Your library books are due back in 3 days. Renew online if you need more time. Talk soon, Lucas"
ham,"Dear Dr. Miller, Please review the attached contract draft and let me know if you have any changes. Warmly, Liam"
ham,"Hi everyone, the office will be closed this coming Friday for the national holiday. Have a wonderful long weekend!"
ham,"Hi everyone, Thanks for the coffee catchup earlier! Let's follow up next week regarding the design. Have a great day, Noah"
ham,"Hello Team, Here is the updated project roadmap following our team discussion yesterday. Cheers, Olivia"
spam,"FINAL NOTICE: Get 10,000 Instagram followers and TikTok likes instantly for only $9.99. Text WIN to 78900 to enter now. Standard rates apply."
ham,"Hi Robert, Can you send me the latest version of the spreadsheet when you get a chance? Thanks, Ava"
ham,"Hi Robert, Can you send me the latest version of the spreadsheet when you get a chance? Talk soon, Ava"
ham,"Hi everyone, I reviewed your code changes and left a couple of minor comments on GitHub. Cheers, Daniel"
ham,Your ride with Uber has completed. Total charged: $14.25. View your trip receipt in the app.
ham,"Hi Michael, can you please send me the updated contact information for the vendor? We need to finalize the contract."
ham,"Good morning David, I reviewed your code changes and left a couple of minor comments on GitHub. Cheers, Emma"
spam,Final Notice: Your vehicle warranty has expired. Call 1-800-555-0199 immediately to renew coverage before your policy is cancelled.
ham,Your order #48291 has shipped! You can track your package delivery progress directly through the official carrier website.
ham,"Hi Robert, Your library books are due back in 3 days. Renew online if you need more time. Warmly, Sophia"
ham,"Dear Dr. Miller, Let me know if 3:00 PM works for a quick 15-minute sync on the marketing campaign. Have a great day, James"
ham,"Dear Customer, Please submit your travel expense reports by the end of the month for reimbursement. Thanks, Ava"
spam,"Account Notification: Hot discount deals on electronics, smartphones and laptops. Order now while stock lasts. Visit http://secure-portal-update.org to update your credentials immediately."
spam,URGENT ALERT: Your online banking password expires in 24 hours. Log in now to keep your account active. Download your prize confirmation certificate at http://rewards-winner.net
spam,URGENT: Your account has been temporarily locked due to suspicious login attempts. Verify your details immediately at http://security-bank-auth.com to restore access.
ham,"Dear Customer, Here is the updated project roadmap following our team discussion yesterday. Cheers, Olivia"
spam,"Urgent Alert: Suspicious transaction of $899.00 detected on your Amazon account. If this was not you, call fraud prevention immediately at 1-888-234-5678."
ham,"Good afternoon Rachel, Attached is the agenda for our upcoming quarterly business review. Talk soon, Olivia"
spam,"EXCLUSIVE PROMOTION: Hot discount deals on electronics, smartphones and laptops. Order now while stock lasts. Download your prize confirmation certificate at http://rewards-winner.net"
spam,"Instant Cash Award: Hot discount deals on electronics, smartphones and laptops. Order now while stock lasts. Hurry, offer expires in 6 hours! Act now."
ham,"Dear Dr. Miller, Can you send me the latest version of the spreadsheet when you get a chance? Have a great day, James"
spam,"URGENT ALERT: Save 75% on health supplements, vitamins and male enhancement pills with free shipping. Text WIN to 78900 to enter now. Standard rates apply."
ham,Please find attached your monthly bank statement for the period ending March 31st. Thank you for banking with us.
ham,"Hi Alex, Please review the attached contract draft and let me know if you have any changes. Warmly, Sophia"
spam,FINAL NOTICE: Your online banking password expires in 24 hours. Log in now to keep your account active. Visit http://secure-portal-update.org to update your credentials immediately.
ham,"Hello Team, Let me know if 3:00 PM works for a quick 15-minute sync on the marketing campaign. Have a great day, Olivia"
ham,"Hi Alex, Thanks for the coffee catchup earlier! Let's follow up next week regarding the design. Talk soon, Liam"
ham,"Hi Robert, The conference room for tomorrow's client presentation has been reserved. Talk soon, Noah"
spam,"SECURITY NOTICE: Get 10,000 Instagram followers and TikTok likes instantly for only $9.99. Click here immediately: http://promo-reward-portal.com"
ham,"Thank you for attending our product demo yesterday. As requested, here is the recording link and technical whitepaper."
spam,"EXCLUSIVE PROMOTION: Urgent: Unrecognized login detected from Moscow, Russia. Secure your account now. Reply with your full name, phone number, and mailing address to claim."
ham,"Good morning David, Here is the updated project roadmap following our team discussion yesterday. Cheers, Noah"
ham,"Dear Dr. Miller, Here is the updated project roadmap following our team discussion yesterday. Talk soon, Noah"
spam,URGENT ALERT: Refinance your mortgage today and save hundreds every month. No closing costs! Download your prize confirmation certificate at http://rewards-winner.net
ham,"Good morning David, I reviewed your code changes and left a couple of minor comments on GitHub. Warmly, Emma"
ham,"Good afternoon Rachel, The deployment to staging completed without any errors. Ready for QA testing. Warmly, Ava"
ham,"Hey buddy, Thanks for the coffee catchup earlier! Let's follow up next week regarding the design. Talk soon, Ava"
ham,"Hello Team, Please review the attached contract draft and let me know if you have any changes. Best regards, Ava"
ham,"Hi Alex, Attached is the agenda for our upcoming quarterly business review. Warmly, Liam"
ham,"Good morning David, I reviewed your code changes and left a couple of minor comments on GitHub. Thanks, Olivia"
ham,"Good morning David, Please submit your travel expense reports by the end of the month for reimbursement. Cheers, Olivia"
spam,FINAL NOTICE: You have 1 pending Bitcoin payment of 0.35 BTC waiting in your crypto wallet. Call toll-free 1-800-555-9122 now to claim before midnight.
ham,"Dear Customer, I will be out of the office next Tuesday for a doctor appointment. Cheers, Ava"
ham,"Thank you for attending our product demo yesterday. As requested, here is the recording link and technical whitepaper."
ham,"Hi Robert, I reviewed your code changes and left a couple of minor comments on GitHub. Warmly, Noah"
ham,Thanks for sending over the invoice. I have forwarded it to our accounts department for processing.
ham,"Dear Dr. Miller, Can you send me the latest version of the spreadsheet when you get a chance? Thanks, Emma"
spam,URGENT ALERT: You won a brand new iPhone 15 Pro! Confirm your shipping address to receive delivery. Click here immediately: http://promo-reward-portal.com
ham,"Hey Mark, happy birthday! Hope you have a fantastic day celebrating with family and friends."
spam,"Urgent Alert: Suspicious transaction of $899.00 detected on your Amazon account. If this was not you, call fraud prevention immediately at 1-888-234-5678."
ham,"Hi team, please find attached the meeting notes and action items from today's sprint planning session."
ham,"Dear Dr. Miller, I will be out of the office next Tuesday for a doctor appointment. Talk soon, Lucas"
spam,"You're a winner! You won a brand new iPhone 15 Pro! Confirm your shipping address to receive delivery. Hurry, offer expires in 6 hours! Act now."
ham,"Hey buddy, Thanks for the coffee catchup earlier! Let's follow up next week regarding the design. Best regards, Mia"
ham,"Hey buddy, Can you send me the latest version of the spreadsheet when you get a chance? Thanks, Lucas"
spam,"You have received 1 new pending wire transfer of $4,500.00. Click here to confirm transaction details and accept funds."
spam,"Special Offer: Buy Viagra, Cialis and generic medication online without prescription. Fast discreet worldwide shipping. 80% discount."
ham,Thanks for sending over the invoice. I have forwarded it to our accounts department for processing.
ham,"Good morning David, Please submit your travel expense reports by the end of the month for reimbursement. Sincerely, James"
spam,"SECURITY NOTICE: Earn up to $3,000 every week working just 2 hours a day from your phone or laptop. Call toll-free 1-800-555-9122 now to claim before midnight."
ham,"Hey buddy, Your library books are due back in 3 days. Renew online if you need more time. Best regards, Noah"
spam,HOT SINGLE WOMEN in your area are looking to chat tonight! Click to view verified private profiles: http://meet-singles-now.top
ham,"Good morning David, Please submit your travel expense reports by the end of the month for reimbursement. Best regards, Mia"
spam,"URGENT ALERT: Your Apple ID has been locked for security reasons. Click here to verify your identity. Hurry, offer expires in 6 hours! Act now."
ham,"Hi Alex, Let me know if 3:00 PM works for a quick 15-minute sync on the marketing campaign. Warmly, Noah"
spam,EXCLUSIVE PROMOTION: You have 1 pending Bitcoin payment of 0.35 BTC waiting in your crypto wallet. Click here immediately: http://promo-reward-portal.com
ham,"Hi Robert, Attached is the agenda for our upcoming quarterly business review. Have a great day, Daniel"
spam,Exclusive Invitation: Double your cryptocurrency investments in just 48 hours with our automated Bitcoin trading bot! Join VIP club now.
spam,"You have received 1 new pending wire transfer of $4,500.00. Click here to confirm transaction details and accept funds."
ham,"Hi Robert, I reviewed your code changes and left a couple of minor comments on GitHub. Cheers, James"
ham,"Dear Customer, Please review the attached contract draft and let me know if you have any changes. Warmly, Liam"
spam,"EXCLUSIVE PROMOTION: Earn up to $3,000 every week working just 2 hours a day from your phone or laptop. Reply with your full name, phone number, and mailing address to claim."
spam,Instant Cash Award: Claim your $500 gift card today by completing this 2-minute survey. Download your prize confirmation certificate at http://rewards-winner.net
spam,"ACTION REQUIRED: Urgent: Unrecognized login detected from Moscow, Russia. Secure your account now. Text WIN to 78900 to enter now. Standard rates apply."
spam,CONGRATULATIONS! Refinance your mortgage today and save hundreds every month. No closing costs! Visit http://secure-portal-update.org to update your credentials immediately.
ham,"Good afternoon Rachel, The deployment to staging completed without any errors. Ready for QA testing. Talk soon, Ava"
spam,FINAL NOTICE: You won a brand new iPhone 15 Pro! Confirm your shipping address to receive delivery. Click here immediately: http://promo-reward-portal.com
ham,"Dear Customer, Attached is the agenda for our upcoming quarterly business review. Talk soon, James"
ham,Your order #48291 has shipped! You can track your package delivery progress directly through the official carrier website.
ham,"Dear student, your assignment submission for CS 101 has been received and graded. Check the student portal for feedback."
ham,The pull request for the email validation bug fix has been reviewed and merged into the main branch.
ham,"Hello Team, I will be out of the office next Tuesday for a doctor appointment. Thanks, Liam"
ham,"Hello Team, Your library books are due back in 3 days. Renew online if you need more time. Have a great day, James"
ham,"Hey Sarah, Thanks for the coffee catchup earlier! Let's follow up next week regarding the design. Sincerely, Olivia"
ham,"Dear Dr. Miller, I will be out of the office next Tuesday for a doctor appointment. Talk soon, James"
ham,Please find attached your monthly bank statement for the period ending March 31st. Thank you for banking with us.
ham,Your ride with Uber has completed. Total charged: $14.25. View your trip receipt in the app.
ham,"Good morning David, The deployment to staging completed without any errors. Ready for QA testing. Warmly, Emma"
ham,"Dear patient, this is a friendly reminder of your upcoming dental appointment scheduled for Thursday at 10:00 AM."
ham,"Hey Sarah, The conference room for tomorrow's client presentation has been reserved. Warmly, Sophia"
spam,ACTION REQUIRED: Your Apple ID has been locked for security reasons. Click here to verify your identity. Text WIN to 78900 to enter now. Standard rates apply.
ham,"Hi Alex, Attached is the agenda for our upcoming quarterly business review. Best regards, Emma"
spam,CONGRATULATIONS! You won a brand new iPhone 15 Pro! Confirm your shipping address to receive delivery. Download your prize confirmation certificate at http://rewards-winner.net
ham,"Hi Alex, Attached is the agenda for our upcoming quarterly business review. Warmly, Olivia"
ham,"Thank you for attending our product demo yesterday. As requested, here is the recording link and technical whitepaper."
spam,"Limited Time Offer: Get 10,000 Instagram followers and TikTok likes instantly for only $9.99. Click here immediately: http://promo-reward-portal.com"
ham,"Hey buddy, I will be out of the office next Tuesday for a doctor appointment. Warmly, James"
ham,"Hi everyone, Let me know if 3:00 PM works for a quick 15-minute sync on the marketing campaign. Talk soon, Ava"
ham,"Hi Alex, I will be out of the office next Tuesday for a doctor appointment. Talk soon, Daniel"
ham,"Hello Team, Your library books are due back in 3 days. Renew online if you need more time. Best regards, Noah"
ham,"Good morning David, Your library books are due back in 3 days. Renew online if you need more time. Cheers, Lucas"
ham,"Hi Alex, Please review the attached contract draft and let me know if you have any changes. Cheers, Liam"
ham,"Good morning David, Please review the attached contract draft and let me know if you have any changes. Cheers, Sophia"
ham,"Hello Team, Let me know if 3:00 PM works for a quick 15-minute sync on the marketing campaign. Talk soon, Olivia"
ham,"Hi everyone, the office will be closed this coming Friday for the national holiday. Have a wonderful long weekend!"
spam,"SECURITY NOTICE: Save 75% on health supplements, vitamins and male enhancement pills with free shipping. Reply with your full name, phone number, and mailing address to claim."
spam,"CONGRATULATIONS! Your online banking password expires in 24 hours. Log in now to keep your account active. Reply with your full name, phone number, and mailing address to claim."
ham,"Hi Robert, Let me know if 3:00 PM works for a quick 15-minute sync on the marketing campaign. Thanks, Ava"
spam,"URGENT ALERT: Refinance your mortgage today and save hundreds every month. No closing costs! Reply with your full name, phone number, and mailing address to claim."
ham,"Hi Robert, I reviewed your code changes and left a couple of minor comments on GitHub. Thanks, Mia"
ham,"Good morning Sarah, could you please review the attached slide deck before our client presentation at 2 PM?"
ham,"Hi Robert, Can you send me the latest version of the spreadsheet when you get a chance? Thanks, Lucas"
ham,"Hey Sarah, The conference room for tomorrow's client presentation has been reserved. Have a great day, Lucas"
ham,"Hi everyone, Attached is the agenda for our upcoming quarterly business review. Cheers, Ava"
ham,"Hello Team, Please submit your travel expense reports by the end of the month for reimbursement. Warmly, James"
spam,"CONGRATULATIONS! Save 75% on health supplements, vitamins and male enhancement pills with free shipping. Reply with your full name, phone number, and mailing address to claim."
ham,"Hey Sarah, Can you send me the latest version of the spreadsheet when you get a chance? Talk soon, Liam"
spam,"ACTION REQUIRED: You have been pre-selected for a $25,000 unsecured personal loan at low interest rate. Download your prize confirmation certificate at http://rewards-winner.net"
spam,"Dear Winner, You have inherited $8.5 Million USD from a deceased relative. Reply with your passport and bank info to start transfer process."
ham,"Hey Sarah, Please submit your travel expense reports by the end of the month for reimbursement. Warmly, Emma"
spam,"ACTION REQUIRED: Get 10,000 Instagram followers and TikTok likes instantly for only $9.99. Click here immediately: http://promo-reward-portal.com"
ham,"Hey buddy, I will be out of the office next Tuesday for a doctor appointment. Have a great day, Daniel"
ham,"Dear Customer, Can you send me the latest version of the spreadsheet when you get a chance? Talk soon, Ava"
ham,"Good afternoon Rachel, I will be out of the office next Tuesday for a doctor appointment. Sincerely, Olivia"
ham,"Hey buddy, Can you send me the latest version of the spreadsheet when you get a chance? Warmly, Lucas"
ham,"Dear Customer, I reviewed your code changes and left a couple of minor comments on GitHub. Warmly, Lucas"
spam,"SECURITY NOTICE: Hot discount deals on electronics, smartphones and laptops. Order now while stock lasts. Hurry, offer expires in 6 hours! Act now."
spam,"Ref: 4920492. You have won a guaranteed cash prize of $5,000 or a trip to Bahamas! Call 09050000301 to claim today."
ham,"Good morning David, Let me know if 3:00 PM works for a quick 15-minute sync on the marketing campaign. Sincerely, Emma"
ham,"Hi Alex, Please submit your travel expense reports by the end of the month for reimbursement. Cheers, Noah"
ham,"Dear Customer, Thanks for the coffee catchup earlier! Let's follow up next week regarding the design. Warmly, Mia"
ham,"Dear Dr. Miller, The conference room for tomorrow's client presentation has been reserved. Have a great day, Mia"
spam,HOT SINGLE WOMEN in your area are looking to chat tonight! Click to view verified private profiles: http://meet-singles-now.top
ham,"Good morning David, Your library books are due back in 3 days. Renew online if you need more time. Sincerely, Lucas"
spam,Warning: Your mailbox is 99% full. You will not be able to receive incoming emails. Click here to upgrade mailbox storage for free.
ham,"Good morning David, The conference room for tomorrow's client presentation has been reserved. Cheers, Sophia"
ham,"Hey buddy, I reviewed your code changes and left a couple of minor comments on GitHub. Warmly, Ava"
ham,"Hi Robert, Let me know if 3:00 PM works for a quick 15-minute sync on the marketing campaign. Sincerely, Noah"
ham,"Hi Robert, Attached is the agenda for our upcoming quarterly business review. Cheers, Emma"
spam,Instant Cash Award: You have 1 pending Bitcoin payment of 0.35 BTC waiting in your crypto wallet. Visit http://secure-portal-update.org to update your credentials immediately.
ham,"Hey Sarah, The conference room for tomorrow's client presentation has been reserved. Warmly, Olivia"
ham,"Good morning David, Your library books are due back in 3 days. Renew online if you need more time. Sincerely, James"
spam,"Ref: 4920492. You have won a guaranteed cash prize of $5,000 or a trip to Bahamas! Call 09050000301 to claim today."
spam,URGENT: Your account has been temporarily locked due to suspicious login attempts. Verify your details immediately at http://security-bank-auth.com to restore access.
spam,"CONGRATULATIONS! You have been pre-selected for a $25,000 unsecured personal loan at low interest rate. Call toll-free 1-800-555-9122 now to claim before midnight."
ham,"Hi Alex, Your library books are due back in 3 days. Renew online if you need more time. Have a great day, Emma"
spam,"Dear Winner, You have inherited $8.5 Million USD from a deceased relative. Reply with your passport and bank info to start transfer process."
ham,"Dear Dr. Miller, Please submit your travel expense reports by the end of the month for reimbursement. Warmly, Liam"
spam,Limited Time Offer: You have 1 pending Bitcoin payment of 0.35 BTC waiting in your crypto wallet. Click here immediately: http://promo-reward-portal.com
ham,"Hey buddy, I reviewed your code changes and left a couple of minor comments on GitHub. Best regards, Noah"
ham,"Dear Dr. Miller, Attached is the agenda for our upcoming quarterly business review. Warmly, Olivia"
spam,"FINAL NOTICE: Your Apple ID has been locked for security reasons. Click here to verify your identity. Reply with your full name, phone number, and mailing address to claim."
spam,"Work from home and earn $500 to $1,500 daily with no experience required! Flexible hours. Start immediately by clicking here."
spam,"Account Notification: Save 75% on health supplements, vitamins and male enhancement pills with free shipping. Download your prize confirmation certificate at http://rewards-winner.net"
ham,"Dear Customer, Please submit your travel expense reports by the end of the month for reimbursement. Cheers, Ava"
ham,"Hey Sarah, Here is the updated project roadmap following our team discussion yesterday. Have a great day, Emma"
ham,"Dear Customer, I will be out of the office next Tuesday for a doctor appointment. Warmly, Emma"
spam,"CONGRATULATIONS! Earn up to $3,000 every week working just 2 hours a day from your phone or laptop. Visit http://secure-portal-update.org to update your credentials immediately."
spam,You're a winner! You won a brand new iPhone 15 Pro! Confirm your shipping address to receive delivery. Visit http://secure-portal-update.org to update your credentials immediately.
spam,"FINAL NOTICE: You have been pre-selected for a $25,000 unsecured personal loan at low interest rate. Reply with your full name, phone number, and mailing address to claim."
ham,Your ride with Uber has completed. Total charged: $14.25. View your trip receipt in the app.
ham,"Good morning David, Please review the attached contract draft and let me know if you have any changes. Have a great day, Emma"
ham,"Hey Sarah, The deployment to staging completed without any errors. Ready for QA testing. Sincerely, Daniel"
ham,"Hey buddy, Here is the updated project roadmap following our team discussion yesterday. Sincerely, Olivia"
spam,You're a winner! Claim your $500 gift card today by completing this 2-minute survey. Call toll-free 1-800-555-9122 now to claim before midnight.
ham,"Dear Dr. Miller, Your library books are due back in 3 days. Renew online if you need more time. Warmly, Ava"
ham,"Hi Alex, Thanks for the coffee catchup earlier! Let's follow up next week regarding the design. Cheers, Emma"
ham,"Hey Sarah, Can you send me the latest version of the spreadsheet when you get a chance? Have a great day, Daniel"
ham,"Good morning Sarah, could you please review the attached slide deck before our client presentation at 2 PM?"
ham,Your ride with Uber has completed. Total charged: $14.25. View your trip receipt in the app.
ham,"Dear Dr. Miller, Can you send me the latest version of the spreadsheet when you get a chance? Cheers, Lucas"
ham,"Hi Robert, Here is the updated project roadmap following our team discussion yesterday. Cheers, Ava"
spam,"FINAL NOTICE: Save 75% on health supplements, vitamins and male enhancement pills with free shipping. Click here immediately: http://promo-reward-portal.com"
spam,URGENT: Your account has been temporarily locked due to suspicious login attempts. Verify your details immediately at http://security-bank-auth.com to restore access.
ham,"Hi everyone, The conference room for tomorrow's client presentation has been reserved. Best regards, James"
spam,"Account Notification: Earn up to $3,000 every week working just 2 hours a day from your phone or laptop. Call toll-free 1-800-555-9122 now to claim before midnight."
spam,EXCLUSIVE PROMOTION: Your Apple ID has been locked for security reasons. Click here to verify your identity. Visit http://secure-portal-update.org to update your credentials immediately.
ham,"Hey Sarah, Please review the attached contract draft and let me know if you have any changes. Have a great day, Sophia"
ham,"Hey buddy, Your library books are due back in 3 days. Renew online if you need more time. Warmly, Lucas"
ham,"Good morning Sarah, could you please review the attached slide deck before our client presentation at 2 PM?"
spam,"Dear customer, your parcel delivery is on hold due to unpaid customs fee of $2.99. Pay immediately to avoid return to sender: http://parcel-tracking-fees.com"
spam,Instant Cash Award: You won a brand new iPhone 15 Pro! Confirm your shipping address to receive delivery. Click here immediately: http://promo-reward-portal.com
ham,"Good morning David, The deployment to staging completed without any errors. Ready for QA testing. Best regards, Liam"
spam,You're a winner! Your online banking password expires in 24 hours. Log in now to keep your account active. Click here immediately: http://promo-reward-portal.com
ham,"Hi Robert, I reviewed your code changes and left a couple of minor comments on GitHub. Best regards, Sophia"
ham,"Hi everyone, I reviewed your code changes and left a couple of minor comments on GitHub. Talk soon, Daniel"
ham,"Hi everyone, I reviewed your code changes and left a couple of minor comments on GitHub. Have a great day, Ava"
ham,"Dear Dr. Miller, Please review the attached contract draft and let me know if you have any changes. Sincerely, Ava"
ham,"Hey buddy, Can you send me the latest version of the spreadsheet when you get a chance? Have a great day, Lucas"
ham,"Good afternoon Rachel, Let me know if 3:00 PM works for a quick 15-minute sync on the marketing campaign. Sincerely, James"
ham,"Good morning David, Please submit your travel expense reports by the end of the month for reimbursement. Thanks, Liam"
spam,"Get pre-approved for an instant cash loan of up to $50,000 with 0% APR for the first 12 months! Apply online today at http://fast-instant-cash.net"
ham,Please find attached your monthly bank statement for the period ending March 31st. Thank you for banking with us.
ham,"Hi everyone, Please review the attached contract draft and let me know if you have any changes. Best regards, Noah"
ham,Please find attached your monthly bank statement for the period ending March 31st. Thank you for banking with us.
spam,"ATTENTION: IRS Tax Refund Notification. You have an unclaimed refund of $1,840. Submit your tax identification form at http://irs-tax-refunds-gov.biz"
ham,"Hi Alex, Your library books are due back in 3 days. Renew online if you need more time. Talk soon, Daniel"
ham,Your ride with Uber has completed. Total charged: $14.25. View your trip receipt in the app.
ham,"Hi team, just a quick reminder to submit your timesheets by 5 PM today for payroll processing."
ham,"Dear Dr. Miller, I will be out of the office next Tuesday for a doctor appointment. Have a great day, Noah"
ham,"Hi Robert, Attached is the agenda for our upcoming quarterly business review. Cheers, Sophia"
spam,"CONGRATULATIONS! You have 1 pending Bitcoin payment of 0.35 BTC waiting in your crypto wallet. Reply with your full name, phone number, and mailing address to claim."
ham,"Hi Robert, The deployment to staging completed without any errors. Ready for QA testing. Thanks, Liam"
spam,"Work from home and earn $500 to $1,500 daily with no experience required! Flexible hours. Start immediately by clicking here."
ham,"Dear student, your assignment submission for CS 101 has been received and graded. Check the student portal for feedback."
ham,"Thank you for attending our product demo yesterday. As requested, here is the recording link and technical whitepaper."
ham,"Good morning David, Please submit your travel expense reports by the end of the month for reimbursement. Have a great day, James"
spam,"URGENT ALERT: Urgent: Unrecognized login detected from Moscow, Russia. Secure your account now. Hurry, offer expires in 6 hours! Act now."
spam,"Urgent Alert: Suspicious transaction of $899.00 detected on your Amazon account. If this was not you, call fraud prevention immediately at 1-888-234-5678."
ham,"Good afternoon Rachel, Your library books are due back in 3 days. Renew online if you need more time. Best regards, Lucas"
ham,"Hi Robert, Can you send me the latest version of the spreadsheet when you get a chance? Cheers, Sophia"
ham,Hey! Are we still on for lunch tomorrow around 12:30? Let me know which restaurant you prefer.
spam,"You're a winner! Save 75% on health supplements, vitamins and male enhancement pills with free shipping. Visit http://secure-portal-update.org to update your credentials immediately."
ham,"Dear Customer, Here is the updated project roadmap following our team discussion yesterday. Warmly, James"
ham,"Hello Team, Let me know if 3:00 PM works for a quick 15-minute sync on the marketing campaign. Have a great day, Emma"
spam,You're a winner! Your Apple ID has been locked for security reasons. Click here to verify your identity. Download your prize confirmation certificate at http://rewards-winner.net
ham,"Hey buddy, Here is the updated project roadmap following our team discussion yesterday. Warmly, Daniel"
ham,"Hi everyone, I will be out of the office next Tuesday for a doctor appointment. Talk soon, Emma"
ham,"Dear Dr. Miller, Thanks for the coffee catchup earlier! Let's follow up next week regarding the design. Cheers, Olivia"
ham,"Good morning David, Your library books are due back in 3 days. Renew online if you need more time. Thanks, Liam"
ham,"Hey Sarah, Let me know if 3:00 PM works for a quick 15-minute sync on the marketing campaign. Thanks, Noah"
spam,"ACTION REQUIRED: Save 75% on health supplements, vitamins and male enhancement pills with free shipping. Call toll-free 1-800-555-9122 now to claim before midnight."
ham,"Hey Sarah, The deployment to staging completed without any errors. Ready for QA testing. Have a great day, Noah"
ham,"Good afternoon Rachel, Attached is the agenda for our upcoming quarterly business review. Thanks, Ava"
ham,"Good afternoon Rachel, Can you send me the latest version of the spreadsheet when you get a chance? Best regards, Ava"
ham,"Dear Dr. Miller, Your library books are due back in 3 days. Renew online if you need more time. Warmly, Liam"
ham,The server maintenance has been successfully completed. All systems and database instances are fully operational.
ham,"Dear Customer, Thanks for the coffee catchup earlier! Let's follow up next week regarding the design. Thanks, Noah"
ham,"Dear Dr. Miller, Can you send me the latest version of the spreadsheet when you get a chance? Talk soon, Mia"
ham,"Thank you for attending our product demo yesterday. As requested, here is the recording link and technical whitepaper."
spam,Instant Cash Award: Claim your $500 gift card today by completing this 2-minute survey. Visit http://secure-portal-update.org to update your credentials immediately.
spam,"Work from home and earn $500 to $1,500 daily with no experience required! Flexible hours. Start immediately by clicking here."
ham,"Hello Team, Your library books are due back in 3 days. Renew online if you need more time. Sincerely, Daniel"
ham,"Hi Robert, Your library books are due back in 3 days. Renew online if you need more time. Warmly, James"
ham,"Dear patient, this is a friendly reminder of your upcoming dental appointment scheduled for Thursday at 10:00 AM."
ham,Your order #48291 has shipped! You can track your package delivery progress directly through the official carrier website.
ham,"Dear Customer, I will be out of the office next Tuesday for a doctor appointment. Warmly, James"
spam,"URGENT ALERT: Save 75% on health supplements, vitamins and male enhancement pills with free shipping. Hurry, offer expires in 6 hours! Act now."
ham,"Hi everyone, Thanks for the coffee catchup earlier! Let's follow up next week regarding the design. Talk soon, Daniel"
spam,EXCLUSIVE PROMOTION: Your online banking password expires in 24 hours. Log in now to keep your account active. Call toll-free 1-800-555-9122 now to claim before midnight.
spam,HOT SINGLE WOMEN in your area are looking to chat tonight! Click to view verified private profiles: http://meet-singles-now.top
ham,"Dear patient, this is a friendly reminder of your upcoming dental appointment scheduled for Thursday at 10:00 AM."
ham,"Dear Customer, Here is the updated project roadmap following our team discussion yesterday. Have a great day, Noah"
ham,"Hi Robert, Thanks for the coffee catchup earlier! Let's follow up next week regarding the design. Sincerely, James"
spam,"You're a winner! Hot discount deals on electronics, smartphones and laptops. Order now while stock lasts. Visit http://secure-portal-update.org to update your credentials immediately."
spam,"Special Offer: Buy Viagra, Cialis and generic medication online without prescription. Fast discreet worldwide shipping. 80% discount."
spam,"CONGRATULATIONS! Save 75% on health supplements, vitamins and male enhancement pills with free shipping. Download your prize confirmation certificate at http://rewards-winner.net"
ham,"Good afternoon Rachel, Can you send me the latest version of the spreadsheet when you get a chance? Best regards, Liam"
spam,ACTION REQUIRED: Your online banking password expires in 24 hours. Log in now to keep your account active. Download your prize confirmation certificate at http://rewards-winner.net
ham,"Hi everyone, The conference room for tomorrow's client presentation has been reserved. Have a great day, Ava"
spam,"Get pre-approved for an instant cash loan of up to $50,000 with 0% APR for the first 12 months! Apply online today at http://fast-instant-cash.net"
ham,"Good afternoon Rachel, The conference room for tomorrow's client presentation has been reserved. Talk soon, Daniel"
spam,Warning: Your mailbox is 99% full. You will not be able to receive incoming emails. Click here to upgrade mailbox storage for free.
ham,Hey! Are we still on for lunch tomorrow around 12:30? Let me know which restaurant you prefer.
ham,"Hi team, just a quick reminder to submit your timesheets by 5 PM today for payroll processing."
ham,"Hello Team, Can you send me the latest version of the spreadsheet when you get a chance? Warmly, Ava"
ham,"Hey buddy, Can you send me the latest version of the spreadsheet when you get a chance? Warmly, Lucas"
spam,"SECURITY NOTICE: Refinance your mortgage today and save hundreds every month. No closing costs! Reply with your full name, phone number, and mailing address to claim."
spam,"Congratulations! You have been selected to receive a $1,000 Walmart Gift Card! Click here to claim your prize now: http://claim-gift-now.com"
ham,"Good afternoon Rachel, Can you send me the latest version of the spreadsheet when you get a chance? Sincerely, Olivia"
ham,"Good afternoon Rachel, I reviewed your code changes and left a couple of minor comments on GitHub. Warmly, Emma"
ham,"Good morning David, The deployment to staging completed without any errors. Ready for QA testing. Thanks, Mia"
spam,"ACTION REQUIRED: Save 75% on health supplements, vitamins and male enhancement pills with free shipping. Visit http://secure-portal-update.org to update your credentials immediately."
ham,"Hey Dave, do you have a few minutes this afternoon to help me debug the backend authentication issue?"
ham,"Dear Dr. Miller, Thanks for the coffee catchup earlier! Let's follow up next week regarding the design. Talk soon, Ava"
ham,"Hello Team, I will be out of the office next Tuesday for a doctor appointment. Best regards, Sophia"
ham,"Hi Mom, I arrived safely at the hotel. The flight was on time and everything went smoothly. Talk to you tomorrow!"
ham,"Hi team, just a quick reminder to submit your timesheets by 5 PM today for payroll processing."
ham,"Hi John, hope you are having a productive week. Just following up on the quarterly budget report we discussed on Monday."
ham,"Hello Team, Thanks for the coffee catchup earlier! Let's follow up next week regarding the design. Thanks, Sophia"
ham,"Hi everyone, The conference room for tomorrow's client presentation has been reserved. Have a great day, Emma"
ham,"Hi Alex, I will be out of the office next Tuesday for a doctor appointment. Have a great day, Daniel"
ham,"Hi Alex, Let me know if 3:00 PM works for a quick 15-minute sync on the marketing campaign. Cheers, Olivia"
ham,"Hi Robert, Let me know if 3:00 PM works for a quick 15-minute sync on the marketing campaign. Talk soon, Lucas"
ham,"Hi everyone, the office will be closed this coming Friday for the national holiday. Have a wonderful long weekend!"
ham,"Hi everyone, the office will be closed this coming Friday for the national holiday. Have a wonderful long weekend!"
ham,"Dear Customer, The deployment to staging completed without any errors. Ready for QA testing. Have a great day, Ava"
ham,Reminder: The weekly engineering team standup will start in 15 minutes in Conference Room B and on Zoom.
ham,"Hi everyone, Here is the updated project roadmap following our team discussion yesterday. Warmly, James"
ham,Reminder: The weekly engineering team standup will start in 15 minutes in Conference Room B and on Zoom.
spam,Warning: Your mailbox is 99% full. You will not be able to receive incoming emails. Click here to upgrade mailbox storage for free.
ham,"Good morning David, Thanks for the coffee catchup earlier! Let's follow up next week regarding the design. Thanks, Daniel"
ham,"Good morning David, Please submit your travel expense reports by the end of the month for reimbursement. Cheers, Liam"
ham,"Good afternoon Rachel, The conference room for tomorrow's client presentation has been reserved. Thanks, Olivia"
ham,"Hello Team, Attached is the agenda for our upcoming quarterly business review. Cheers, Liam"
spam,"EXCLUSIVE PROMOTION: Save 75% on health supplements, vitamins and male enhancement pills with free shipping. Text WIN to 78900 to enter now. Standard rates apply."
ham,"Hi everyone, The deployment to staging completed without any errors. Ready for QA testing. Sincerely, James"
ham,"Good afternoon Rachel, Let me know if 3:00 PM works for a quick 15-minute sync on the marketing campaign. Best regards, Liam"
ham,"Dear Customer, Please review the attached contract draft and let me know if you have any changes. Thanks, Noah"
ham,"Dear Customer, Attached is the agenda for our upcoming quarterly business review. Sincerely, Sophia"
ham,"Dear Customer, Attached is the agenda for our upcoming quarterly business review. Best regards, Olivia"
ham,"Dear Customer, I reviewed your code changes and left a couple of minor comments on GitHub. Sincerely, Sophia"
ham,"Hello Team, Here is the updated project roadmap following our team discussion yesterday. Thanks, Sophia"
spam,HOT SINGLE WOMEN in your area are looking to chat tonight! Click to view verified private profiles: http://meet-singles-now.top
ham,"Hi Robert, The conference room for tomorrow's client presentation has been reserved. Have a great day, Daniel"
ham,"Good morning David, Please submit your travel expense reports by the end of the month for reimbursement. Warmly, Emma"
spam,"Instant Cash Award: Hot discount deals on electronics, smartphones and laptops. Order now while stock lasts. Visit http://secure-portal-update.org to update your credentials immediately."
ham,The pull request for the email validation bug fix has been reviewed and merged into the main branch.
ham,"Hey buddy, Your library books are due back in 3 days. Renew online if you need more time. Have a great day, Daniel"
ham,"Hey buddy, Your library books are due back in 3 days. Renew online if you need more time. Cheers, Emma"
ham,"Dear Dr. Miller, Your library books are due back in 3 days. Renew online if you need more time. Sincerely, James"
ham,"Hi Alex, Please review the attached contract draft and let me know if you have any changes. Warmly, Mia"
ham,The pull request for the email validation bug fix has been reviewed and merged into the main branch.
ham,"Hey Sarah, Attached is the agenda for our upcoming quarterly business review. Sincerely, Liam"
ham,"Dear Dr. Miller, Your library books are due back in 3 days. Renew online if you need more time. Cheers, Ava"
ham,"Hello Team, Attached is the agenda for our upcoming quarterly business review. Thanks, Daniel"
ham,"Hi Robert, Please submit your travel expense reports by the end of the month for reimbursement. Best regards, Emma"
ham,"Dear Dr. Miller, Attached is the agenda for our upcoming quarterly business review. Cheers, Mia"
ham,"Dear Customer, Here is the updated project roadmap following our team discussion yesterday. Thanks, James"
spam,"Dear customer, your parcel delivery is on hold due to unpaid customs fee of $2.99. Pay immediately to avoid return to sender: http://parcel-tracking-fees.com"
ham,"Good morning David, The deployment to staging completed without any errors. Ready for QA testing. Talk soon, Daniel"
spam,URGENT ALERT: You won a brand new iPhone 15 Pro! Confirm your shipping address to receive delivery. Call toll-free 1-800-555-9122 now to claim before midnight.
ham,"Hi team, just a quick reminder to submit your timesheets by 5 PM today for payroll processing."
spam,"Instant Cash Award: Save 75% on health supplements, vitamins and male enhancement pills with free shipping. Text WIN to 78900 to enter now. Standard rates apply."
spam,"SECURITY NOTICE: Get 10,000 Instagram followers and TikTok likes instantly for only $9.99. Text WIN to 78900 to enter now. Standard rates apply."
ham,"Hello Team, Let me know if 3:00 PM works for a quick 15-minute sync on the marketing campaign. Talk soon, Daniel"
ham,"Hi Robert, Please review the attached contract draft and let me know if you have any changes. Cheers, Ava"
spam,"Work from home and earn $500 to $1,500 daily with no experience required! Flexible hours. Start immediately by clicking here."
spam,SECURITY NOTICE: Your Apple ID has been locked for security reasons. Click here to verify your identity. Download your prize confirmation certificate at http://rewards-winner.net
ham,"Good morning Sarah, could you please review the attached slide deck before our client presentation at 2 PM?"
ham,"Hi Alex, Please submit your travel expense reports by the end of the month for reimbursement. Warmly, Emma"
ham,"Dear Customer, Thanks for the coffee catchup earlier! Let's follow up next week regarding the design. Have a great day, Noah"
ham,"Hey Sarah, Please review the attached contract draft and let me know if you have any changes. Best regards, Ava"
ham,Your order #48291 has shipped! You can track your package delivery progress directly through the official carrier website.
ham,"Hey buddy, Please review the attached contract draft and let me know if you have any changes. Warmly, Emma"
ham,"Hey Dave, do you have a few minutes this afternoon to help me debug the backend authentication issue?"
spam,"Instant Cash Award: You have been pre-selected for a $25,000 unsecured personal loan at low interest rate. Download your prize confirmation certificate at http://rewards-winner.net"
ham,"Dear Dr. Miller, Your library books are due back in 3 days. Renew online if you need more time. Warmly, Daniel"
spam,URGENT ALERT: Claim your $500 gift card today by completing this 2-minute survey. Call toll-free 1-800-555-9122 now to claim before midnight.
ham,"Hello Team, The conference room for tomorrow's client presentation has been reserved. Talk soon, Mia"
ham,"Hey buddy, The deployment to staging completed without any errors. Ready for QA testing. Warmly, Ava"
spam,FINAL NOTICE: Claim your $500 gift card today by completing this 2-minute survey. Text WIN to 78900 to enter now. Standard rates apply.
ham,"Hey buddy, Please submit your travel expense reports by the end of the month for reimbursement. Thanks, Emma"
spam,"Congratulations! You have been selected to receive a $1,000 Walmart Gift Card! Click here to claim your prize now: http://claim-gift-now.com"
spam,"Account Notification: Claim your $500 gift card today by completing this 2-minute survey. Hurry, offer expires in 6 hours! Act now."
ham,"Hi Robert, I reviewed your code changes and left a couple of minor comments on GitHub. Thanks, Ava"
ham,"Hey Dave, do you have a few minutes this afternoon to help me debug the backend authentication issue?"
spam,Limited Time Offer: Your online banking password expires in 24 hours. Log in now to keep your account active. Call toll-free 1-800-555-9122 now to claim before midnight.
ham,"Hey Sarah, I reviewed your code changes and left a couple of minor comments on GitHub. Have a great day, Mia"
spam,FREE entry into our £250 weekly competition just text the word WIN to 80086 NOW. 18+ T&Cs apply.
spam,"FINAL NOTICE: Save 75% on health supplements, vitamins and male enhancement pills with free shipping. Text WIN to 78900 to enter now. Standard rates apply."
ham,"Hello Team, Thanks for the coffee catchup earlier! Let's follow up next week regarding the design. Cheers, James"
ham,"Good afternoon Rachel, Please submit your travel expense reports by the end of the month for reimbursement. Best regards, Ava"
spam,"Flash Sale! 90% off Designer Watches, Rolex, Omega, Gucci! Limited time clearance stock. Shop now at http://luxury-outlet-deals.shop"
ham,"Hi everyone, Can you send me the latest version of the spreadsheet when you get a chance? Sincerely, Noah"
spam,"SECURITY NOTICE: You have been pre-selected for a $25,000 unsecured personal loan at low interest rate. Click here immediately: http://promo-reward-portal.com"
spam,"CONGRATULATIONS! Urgent: Unrecognized login detected from Moscow, Russia. Secure your account now. Download your prize confirmation certificate at http://rewards-winner.net"
ham,Thanks for sending over the invoice. I have forwarded it to our accounts department for processing.
spam,"SECURITY NOTICE: Urgent: Unrecognized login detected from Moscow, Russia. Secure your account now. Reply with your full name, phone number, and mailing address to claim."
spam,"Account Notification: Earn up to $3,000 every week working just 2 hours a day from your phone or laptop. Hurry, offer expires in 6 hours! Act now."
ham,"Hello Team, The deployment to staging completed without any errors. Ready for QA testing. Warmly, Lucas"
ham,"Hello Team, Your library books are due back in 3 days. Renew online if you need more time. Thanks, James"
ham,"Dear Dr. Miller, The conference room for tomorrow's client presentation has been reserved. Best regards, Olivia"
spam,HOT SINGLE WOMEN in your area are looking to chat tonight! Click to view verified private profiles: http://meet-singles-now.top
ham,"Dear Dr. Miller, Can you send me the latest version of the spreadsheet when you get a chance? Best regards, Emma"
ham,"Dear Dr. Miller, Please submit your travel expense reports by the end of the month for reimbursement. Thanks, Lucas"
ham,"Hi everyone, Attached is the agenda for our upcoming quarterly business review. Best regards, Mia"
spam,Exclusive Invitation: Double your cryptocurrency investments in just 48 hours with our automated Bitcoin trading bot! Join VIP club now.
ham,"Dear Customer, I will be out of the office next Tuesday for a doctor appointment. Warmly, Sophia"
ham,"Hi everyone, Here is the updated project roadmap following our team discussion yesterday. Thanks, Noah"
ham,"Dear Dr. Miller, The deployment to staging completed without any errors. Ready for QA testing. Cheers, Sophia"
spam,URGENT: Your account has been temporarily locked due to suspicious login attempts. Verify your details immediately at http://security-bank-auth.com to restore access.
spam,"EXCLUSIVE PROMOTION: Refinance your mortgage today and save hundreds every month. No closing costs! Reply with your full name, phone number, and mailing address to claim."
ham,"Hey Sarah, Thanks for the coffee catchup earlier! Let's follow up next week regarding the design. Talk soon, Ava"
ham,"Hello Team, The conference room for tomorrow's client presentation has been reserved. Have a great day, Daniel"
ham,"Hey buddy, Please review the attached contract draft and let me know if you have any changes. Best regards, Mia"
ham,Hey! Are we still on for lunch tomorrow around 12:30? Let me know which restaurant you prefer.
ham,"Good morning David, Attached is the agenda for our upcoming quarterly business review. Warmly, Noah"
ham,"Hi Alex, Let me know if 3:00 PM works for a quick 15-minute sync on the marketing campaign. Sincerely, Emma"
spam,Your Netflix subscription has expired. Update your billing credit card details to avoid service termination: http://netflix-account-renewal.com
spam,"URGENT ALERT: Save 75% on health supplements, vitamins and male enhancement pills with free shipping. Visit http://secure-portal-update.org to update your credentials immediately."
ham,"Dear Customer, Please submit your travel expense reports by the end of the month for reimbursement. Thanks, Liam"
ham,"Hi everyone, the office will be closed this coming Friday for the national holiday. Have a wonderful long weekend!"
spam,"Dear customer, your parcel delivery is on hold due to unpaid customs fee of $2.99. Pay immediately to avoid return to sender: http://parcel-tracking-fees.com"
ham,The pull request for the email validation bug fix has been reviewed and merged into the main branch.
ham,"Hey buddy, Please review the attached contract draft and let me know if you have any changes. Cheers, Mia"
ham,"Hi everyone, The deployment to staging completed without any errors. Ready for QA testing. Thanks, James"
spam,"Get pre-approved for an instant cash loan of up to $50,000 with 0% APR for the first 12 months! Apply online today at http://fast-instant-cash.net"
ham,"Hey Sarah, Attached is the agenda for our upcoming quarterly business review. Warmly, James"
ham,"Hi everyone, The deployment to staging completed without any errors. Ready for QA testing. Talk soon, Emma"
ham,"Hey Sarah, I will be out of the office next Tuesday for a doctor appointment. Thanks, Emma"
spam,"You're a winner! You won a brand new iPhone 15 Pro! Confirm your shipping address to receive delivery. Hurry, offer expires in 6 hours! Act now."
ham,Please find attached your monthly bank statement for the period ending March 31st. Thank you for banking with us.
ham,"Dear Dr. Miller, Please submit your travel expense reports by the end of the month for reimbursement. Warmly, Liam"
spam,"Dear Winner, You have inherited $8.5 Million USD from a deceased relative. Reply with your passport and bank info to start transfer process."
ham,"Dear Dr. Miller, Please submit your travel expense reports by the end of the month for reimbursement. Sincerely, Noah"
spam,Your Netflix subscription has expired. Update your billing credit card details to avoid service termination: http://netflix-account-renewal.com
ham,"Hey buddy, Thanks for the coffee catchup earlier! Let's follow up next week regarding the design. Sincerely, Olivia"
spam,"EXCLUSIVE PROMOTION: You have 1 pending Bitcoin payment of 0.35 BTC waiting in your crypto wallet. Hurry, offer expires in 6 hours! Act now."
ham,Please find attached your monthly bank statement for the period ending March 31st. Thank you for banking with us.
ham,"Hi John, hope you are having a productive week. Just following up on the quarterly budget report we discussed on Monday."
ham,"Hello Team, Please review the attached contract draft and let me know if you have any changes. Best regards, Sophia"
ham,"Dear Customer, The deployment to staging completed without any errors. Ready for QA testing. Have a great day, Ava"
ham,"Hello Team, I will be out of the office next Tuesday for a doctor appointment. Best regards, Lucas"
ham,"Hey Sarah, Your library books are due back in 3 days. Renew online if you need more time. Warmly, James"
spam,"Flash Sale! 90% off Designer Watches, Rolex, Omega, Gucci! Limited time clearance stock. Shop now at http://luxury-outlet-deals.shop"
spam,URGENT ALERT: Claim your $500 gift card today by completing this 2-minute survey. Visit http://secure-portal-update.org to update your credentials immediately.
ham,"Thank you for attending our product demo yesterday. As requested, here is the recording link and technical whitepaper."
ham,"Hi Robert, The conference room for tomorrow's client presentation has been reserved. Warmly, James"
spam,FREE entry into our £250 weekly competition just text the word WIN to 80086 NOW. 18+ T&Cs apply.
ham,"Dear Customer, Please review the attached contract draft and let me know if you have any changes. Sincerely, Noah"
ham,"Hey buddy, Thanks for the coffee catchup earlier! Let's follow up next week regarding the design. Warmly, Emma"
ham,"Hey buddy, Attached is the agenda for our upcoming quarterly business review. Talk soon, Noah"
spam,Account Notification: Your Apple ID has been locked for security reasons. Click here to verify your identity. Download your prize confirmation certificate at http://rewards-winner.net
ham,"Good afternoon Rachel, Thanks for the coffee catchup earlier! Let's follow up next week regarding the design. Best regards, Olivia"
ham,"Hey buddy, Here is the updated project roadmap following our team discussion yesterday. Thanks, Liam"
spam,"You're a winner! Refinance your mortgage today and save hundreds every month. No closing costs! Reply with your full name, phone number, and mailing address to claim."
spam,"SECURITY NOTICE: Claim your $500 gift card today by completing this 2-minute survey. Reply with your full name, phone number, and mailing address to claim."
ham,"Good afternoon Rachel, Let me know if 3:00 PM works for a quick 15-minute sync on the marketing campaign. Sincerely, Olivia"
ham,"Good morning Sarah, could you please review the attached slide deck before our client presentation at 2 PM?"
ham,"Hi Alex, Please review the attached contract draft and let me know if you have any changes. Warmly, Sophia"
ham,"Good morning David, I reviewed your code changes and left a couple of minor comments on GitHub. Talk soon, Olivia"
ham,"Hey Sarah, I reviewed your code changes and left a couple of minor comments on GitHub. Have a great day, Noah"
ham,"Hey buddy, I reviewed your code changes and left a couple of minor comments on GitHub. Sincerely, Daniel"
spam,"Instant Cash Award: Earn up to $3,000 every week working just 2 hours a day from your phone or laptop. Hurry, offer expires in 6 hours! Act now."
ham,"Hi everyone, Attached is the agenda for our upcoming quarterly business review. Have a great day, Daniel"
ham,"Good morning David, I reviewed your code changes and left a couple of minor comments on GitHub. Sincerely, Mia"
ham,"Dear Dr. Miller, Here is the updated project roadmap following our team discussion yesterday. Talk soon, Emma"
ham,"Hello Team, I will be out of the office next Tuesday for a doctor appointment. Have a great day, Emma"
spam,EXCLUSIVE PROMOTION: You won a brand new iPhone 15 Pro! Confirm your shipping address to receive delivery. Visit http://secure-portal-update.org to update your credentials immediately.
ham,"Dear Customer, The conference room for tomorrow's client presentation has been reserved. Talk soon, Sophia"
ham,"Hey buddy, The conference room for tomorrow's client presentation has been reserved. Have a great day, Noah"
ham,"Good afternoon Rachel, The deployment to staging completed without any errors. Ready for QA testing. Sincerely, Liam"
spam,Exclusive Invitation: Double your cryptocurrency investments in just 48 hours with our automated Bitcoin trading bot! Join VIP club now.
ham,"Hey Sarah, I reviewed your code changes and left a couple of minor comments on GitHub. Best regards, Noah"
spam,EXCLUSIVE PROMOTION: Refinance your mortgage today and save hundreds every month. No closing costs! Visit http://secure-portal-update.org to update your credentials immediately.
spam,Account Notification: Your Apple ID has been locked for security reasons. Click here to verify your identity. Call toll-free 1-800-555-9122 now to claim before midnight.
spam,"Account Notification: Urgent: Unrecognized login detected from Moscow, Russia. Secure your account now. Call toll-free 1-800-555-9122 now to claim before midnight."
ham,"Hello Team, The deployment to staging completed without any errors. Ready for QA testing. Have a great day, Lucas"
ham,"Hi Robert, The conference room for tomorrow's client presentation has been reserved. Talk soon, James"
ham,"Hello Team, Your library books are due back in 3 days. Renew online if you need more time. Best regards, Daniel"
spam,"Limited Time Offer: You have been pre-selected for a $25,000 unsecured personal loan at low interest rate. Text WIN to 78900 to enter now. Standard rates apply."
ham,"Dear Customer, I reviewed your code changes and left a couple of minor comments on GitHub. Warmly, Lucas"
spam,Your Netflix subscription has expired. Update your billing credit card details to avoid service termination: http://netflix-account-renewal.com
spam,"CONGRATULATIONS! Get 10,000 Instagram followers and TikTok likes instantly for only $9.99. Download your prize confirmation certificate at http://rewards-winner.net"
spam,"Urgent Alert: Suspicious transaction of $899.00 detected on your Amazon account. If this was not you, call fraud prevention immediately at 1-888-234-5678."
spam,"Account Notification: Hot discount deals on electronics, smartphones and laptops. Order now while stock lasts. Download your prize confirmation certificate at http://rewards-winner.net"
ham,"Hi everyone, I reviewed your code changes and left a couple of minor comments on GitHub. Warmly, James"
ham,"Hey Sarah, Thanks for the coffee catchup earlier! Let's follow up next week regarding the design. Cheers, Sophia"
spam,"FINAL NOTICE: Urgent: Unrecognized login detected from Moscow, Russia. Secure your account now. Click here immediately: http://promo-reward-portal.com"
spam,"Account Notification: Hot discount deals on electronics, smartphones and laptops. Order now while stock lasts. Reply with your full name, phone number, and mailing address to claim."
ham,"Hey Sarah, Your library books are due back in 3 days. Renew online if you need more time. Sincerely, Ava"
spam,"CONGRATULATIONS! Claim your $500 gift card today by completing this 2-minute survey. Hurry, offer expires in 6 hours! Act now."
spam,"SECURITY NOTICE: Hot discount deals on electronics, smartphones and laptops. Order now while stock lasts. Download your prize confirmation certificate at http://rewards-winner.net"
spam,"Ref: 4920492. You have won a guaranteed cash prize of $5,000 or a trip to Bahamas! Call 09050000301 to claim today."
ham,"Hey Sarah, I reviewed your code changes and left a couple of minor comments on GitHub. Best regards, Sophia"
ham,"Good afternoon Rachel, The deployment to staging completed without any errors. Ready for QA testing. Best regards, Olivia"
ham,"Hello Team, Please submit your travel expense reports by the end of the month for reimbursement. Have a great day, Olivia"
ham,"Hi Robert, Please review the attached contract draft and let me know if you have any changes. Cheers, Emma"
spam,Limited Time Offer: Your online banking password expires in 24 hours. Log in now to keep your account active. Visit http://secure-portal-update.org to update your credentials immediately.
ham,"Hi John, hope you are having a productive week. Just following up on the quarterly budget report we discussed on Monday."
ham,"Hi John, hope you are having a productive week. Just following up on the quarterly budget report we discussed on Monday."
spam,"EXCLUSIVE PROMOTION: You have 1 pending Bitcoin payment of 0.35 BTC waiting in your crypto wallet. Reply with your full name, phone number, and mailing address to claim."
spam,"Ref: 4920492. You have won a guaranteed cash prize of $5,000 or a trip to Bahamas! Call 09050000301 to claim today."
ham,Reminder: The weekly engineering team standup will start in 15 minutes in Conference Room B and on Zoom.
ham,Reminder: The weekly engineering team standup will start in 15 minutes in Conference Room B and on Zoom.
spam,"Account Notification: Save 75% on health supplements, vitamins and male enhancement pills with free shipping. Call toll-free 1-800-555-9122 now to claim before midnight."
spam,ACTION REQUIRED: Claim your $500 gift card today by completing this 2-minute survey. Download your prize confirmation certificate at http://rewards-winner.net
spam,URGENT ALERT: You have 1 pending Bitcoin payment of 0.35 BTC waiting in your crypto wallet. Visit http://secure-portal-update.org to update your credentials immediately.
ham,"Hi Robert, Attached is the agenda for our upcoming quarterly business review. Best regards, Emma"
spam,URGENT ALERT: Refinance your mortgage today and save hundreds every month. No closing costs! Visit http://secure-portal-update.org to update your credentials immediately.
ham,"Hi Michael, can you please send me the updated contact information for the vendor? We need to finalize the contract."
spam,CONGRATULATIONS! You won a brand new iPhone 15 Pro! Confirm your shipping address to receive delivery. Download your prize confirmation certificate at http://rewards-winner.net
ham,"Hi Alex, Here is the updated project roadmap following our team discussion yesterday. Have a great day, James"
ham,"Hey Sarah, I reviewed your code changes and left a couple of minor comments on GitHub. Sincerely, Olivia"
spam,CONGRATULATIONS! You have 1 pending Bitcoin payment of 0.35 BTC waiting in your crypto wallet. Text WIN to 78900 to enter now. Standard rates apply.
ham,"Hi Alex, Please submit your travel expense reports by the end of the month for reimbursement. Thanks, James"
ham,"Hey Mark, happy birthday! Hope you have a fantastic day celebrating with family and friends."
ham,"Good morning David, Can you send me the latest version of the spreadsheet when you get a chance? Best regards, Emma"
ham,"Dear Dr. Miller, Please review the attached contract draft and let me know if you have any changes. Best regards, Emma"
spam,"Flash Sale! 90% off Designer Watches, Rolex, Omega, Gucci! Limited time clearance stock. Shop now at http://luxury-outlet-deals.shop"
ham,"Dear Customer, Let me know if 3:00 PM works for a quick 15-minute sync on the marketing campaign. Sincerely, Noah"
spam,"You're a winner! Refinance your mortgage today and save hundreds every month. No closing costs! Hurry, offer expires in 6 hours! Act now."
spam,Account Notification: You have 1 pending Bitcoin payment of 0.35 BTC waiting in your crypto wallet. Text WIN to 78900 to enter now. Standard rates apply.
spam,"Work from home and earn $500 to $1,500 daily with no experience required! Flexible hours. Start immediately by clicking here."
ham,"Dear Dr. Miller, Thanks for the coffee catchup earlier! Let's follow up next week regarding the design. Have a great day, Ava"
ham,"Dear Customer, Attached is the agenda for our upcoming quarterly business review. Warmly, Ava"
ham,"Hi everyone, The deployment to staging completed without any errors. Ready for QA testing. Talk soon, Lucas"
ham,"Good morning David, Thanks for the coffee catchup earlier! Let's follow up next week regarding the design. Warmly, Sophia"
spam,"Instant Cash Award: Save 75% on health supplements, vitamins and male enhancement pills with free shipping. Call toll-free 1-800-555-9122 now to claim before midnight."
ham,"Dear student, your assignment submission for CS 101 has been received and graded. Check the student portal for feedback."
ham,"Hi Alex, I will be out of the office next Tuesday for a doctor appointment. Thanks, Olivia"
ham,"Dear Customer, The conference room for tomorrow's client presentation has been reserved. Cheers, Daniel"
ham,"Dear Dr. Miller, Attached is the agenda for our upcoming quarterly business review. Talk soon, Lucas"
spam,CONGRATULATIONS! Claim your $500 gift card today by completing this 2-minute survey. Call toll-free 1-800-555-9122 now to claim before midnight.
ham,"Thank you for attending our product demo yesterday. As requested, here is the recording link and technical whitepaper."
spam,"ATTENTION: IRS Tax Refund Notification. You have an unclaimed refund of $1,840. Submit your tax identification form at http://irs-tax-refunds-gov.biz"
ham,Hey! Are we still on for lunch tomorrow around 12:30? Let me know which restaurant you prefer.
spam,FREE entry into our £250 weekly competition just text the word WIN to 80086 NOW. 18+ T&Cs apply.
ham,"Hello Team, I will be out of the office next Tuesday for a doctor appointment. Cheers, Ava"
ham,The pull request for the email validation bug fix has been reviewed and merged into the main branch.
ham,"Good morning David, Attached is the agenda for our upcoming quarterly business review. Best regards, Lucas"
ham,"Good morning David, I will be out of the office next Tuesday for a doctor appointment. Thanks, Ava"
spam,"You're a winner! Get 10,000 Instagram followers and TikTok likes instantly for only $9.99. Text WIN to 78900 to enter now. Standard rates apply."
ham,"Good afternoon Rachel, Please review the attached contract draft and let me know if you have any changes. Warmly, Olivia"
ham,"Hello Team, Can you send me the latest version of the spreadsheet when you get a chance? Thanks, Lucas"
ham,"Hi Michael, can you please send me the updated contact information for the vendor? We need to finalize the contract."
ham,"Hi everyone, Please submit your travel expense reports by the end of the month for reimbursement. Talk soon, Daniel"
ham,"Good morning David, Please review the attached contract draft and let me know if you have any changes. Have a great day, Daniel"
ham,"Hey Dave, do you have a few minutes this afternoon to help me debug the backend authentication issue?"
ham,"Dear Customer, Please submit your travel expense reports by the end of the month for reimbursement. Have a great day, Ava"
ham,"Hey buddy, Thanks for the coffee catchup earlier! Let's follow up next week regarding the design. Talk soon, Daniel"
ham,Thanks for sending over the invoice. I have forwarded it to our accounts department for processing.
ham,"Dear Dr. Miller, Thanks for the coffee catchup earlier! Let's follow up next week regarding the design. Talk soon, Sophia"
ham,"Hello Team, The deployment to staging completed without any errors. Ready for QA testing. Sincerely, James"
ham,"Hi Alex, I reviewed your code changes and left a couple of minor comments on GitHub. Cheers, Olivia"
ham,"Dear Customer, Please review the attached contract draft and let me know if you have any changes. Cheers, James"
spam,"Instant Cash Award: Earn up to $3,000 every week working just 2 hours a day from your phone or laptop. Hurry, offer expires in 6 hours! Act now."
spam,"Flash Sale! 90% off Designer Watches, Rolex, Omega, Gucci! Limited time clearance stock. Shop now at http://luxury-outlet-deals.shop"
ham,"Hi everyone, the office will be closed this coming Friday for the national holiday. Have a wonderful long weekend!"
ham,"Hi everyone, Can you send me the latest version of the spreadsheet when you get a chance? Best regards, James"
ham,"Hey Sarah, Can you send me the latest version of the spreadsheet when you get a chance? Talk soon, Lucas"
ham,"Good afternoon Rachel, Thanks for the coffee catchup earlier! Let's follow up next week regarding the design. Warmly, Emma"
spam,"Limited Time Offer: Get 10,000 Instagram followers and TikTok likes instantly for only $9.99. Hurry, offer expires in 6 hours! Act now."
ham,"Hello Team, Please submit your travel expense reports by the end of the month for reimbursement. Talk soon, James"
ham,"Hey Sarah, Thanks for the coffee catchup earlier! Let's follow up next week regarding the design. Warmly, Lucas"
ham,"Hi Robert, Please submit your travel expense reports by the end of the month for reimbursement. Cheers, Lucas"
spam,CONGRATULATIONS! You have 1 pending Bitcoin payment of 0.35 BTC waiting in your crypto wallet. Visit http://secure-portal-update.org to update your credentials immediately.
spam,"Congratulations! You have been selected to receive a $1,000 Walmart Gift Card! Click here to claim your prize now: http://claim-gift-now.com"
spam,"Work from home and earn $500 to $1,500 daily with no experience required! Flexible hours. Start immediately by clicking here."
spam,"Dear Winner, You have inherited $8.5 Million USD from a deceased relative. Reply with your passport and bank info to start transfer process."
ham,"Hi Michael, can you please send me the updated contact information for the vendor? We need to finalize the contract."
ham,"Hi Robert, I will be out of the office next Tuesday for a doctor appointment. Talk soon, Ava"
ham,"Hi Robert, Please submit your travel expense reports by the end of the month for reimbursement. Warmly, Noah"
ham,"Hi Alex, Let me know if 3:00 PM works for a quick 15-minute sync on the marketing campaign. Best regards, Emma"
ham,The server maintenance has been successfully completed. All systems and database instances are fully operational.
ham,"Hi everyone, Can you send me the latest version of the spreadsheet when you get a chance? Have a great day, Daniel"
ham,"Hey Sarah, Can you send me the latest version of the spreadsheet when you get a chance? Thanks, Mia"
spam,Instant Cash Award: Claim your $500 gift card today by completing this 2-minute survey. Download your prize confirmation certificate at http://rewards-winner.net
ham,The pull request for the email validation bug fix has been reviewed and merged into the main branch.
ham,"Good afternoon Rachel, Please review the attached contract draft and let me know if you have any changes. Talk soon, Lucas"
ham,"Hey Sarah, Please review the attached contract draft and let me know if you have any changes. Sincerely, Lucas"
ham,"Dear Customer, The conference room for tomorrow's client presentation has been reserved. Sincerely, Noah"
ham,"Hey buddy, Here is the updated project roadmap following our team discussion yesterday. Thanks, Noah"
ham,"Hi Alex, Your library books are due back in 3 days. Renew online if you need more time. Best regards, Sophia"
ham,"Dear Dr. Miller, Attached is the agenda for our upcoming quarterly business review. Best regards, James"
ham,"Hey Sarah, Please submit your travel expense reports by the end of the month for reimbursement. Talk soon, James"
spam,WINNER!! As a valued customer you have been chosen to win a £900 prize reward! To claim call 09061701461. Claim code KL341. Valid 12 hours only.
ham,"Hi Alex, Can you send me the latest version of the spreadsheet when you get a chance? Have a great day, Emma"
ham,"Hey Dave, do you have a few minutes this afternoon to help me debug the backend authentication issue?"
ham,"Dear student, your assignment submission for CS 101 has been received and graded. Check the student portal for feedback."
ham,"Dear student, your assignment submission for CS 101 has been received and graded. Check the student portal for feedback."
ham,The pull request for the email validation bug fix has been reviewed and merged into the main branch.
ham,"Hey Sarah, The conference room for tomorrow's client presentation has been reserved. Best regards, Daniel"
ham,"Hey Sarah, Attached is the agenda for our upcoming quarterly business review. Talk soon, Sophia"
ham,Please find attached your monthly bank statement for the period ending March 31st. Thank you for banking with us.
spam,"ATTENTION: IRS Tax Refund Notification. You have an unclaimed refund of $1,840. Submit your tax identification form at http://irs-tax-refunds-gov.biz"
ham,"Thank you for attending our product demo yesterday. As requested, here is the recording link and technical whitepaper."
ham,"Hi everyone, the office will be closed this coming Friday for the national holiday. Have a wonderful long weekend!"
spam,Exclusive Invitation: Double your cryptocurrency investments in just 48 hours with our automated Bitcoin trading bot! Join VIP club now.
ham,"Hello Team, Attached is the agenda for our upcoming quarterly business review. Thanks, Ava"
ham,"Hey Mark, happy birthday! Hope you have a fantastic day celebrating with family and friends."
ham,"Hi everyone, Thanks for the coffee catchup earlier! Let's follow up next week regarding the design. Cheers, Emma"
spam,ACTION REQUIRED: You won a brand new iPhone 15 Pro! Confirm your shipping address to receive delivery. Visit http://secure-portal-update.org to update your credentials immediately.
spam,Limited Time Offer: Refinance your mortgage today and save hundreds every month. No closing costs! Click here immediately: http://promo-reward-portal.com
ham,"Hey Dave, do you have a few minutes this afternoon to help me debug the backend authentication issue?"
ham,"Good afternoon Rachel, The deployment to staging completed without any errors. Ready for QA testing. Have a great day, Emma"
ham,Thanks for sending over the invoice. I have forwarded it to our accounts department for processing.
ham,"Hey Sarah, Please submit your travel expense reports by the end of the month for reimbursement. Best regards, James"
ham,"Hey buddy, Your library books are due back in 3 days. Renew online if you need more time. Thanks, Ava"
ham,"Hi everyone, Can you send me the latest version of the spreadsheet when you get a chance? Sincerely, Olivia"
spam,"Work from home and earn $500 to $1,500 daily with no experience required! Flexible hours. Start immediately by clicking here."
ham,Hey! Are we still on for lunch tomorrow around 12:30? Let me know which restaurant you prefer.
ham,"Hey buddy, Can you send me the latest version of the spreadsheet when you get a chance? Best regards, Emma"
ham,"Dear Customer, Let me know if 3:00 PM works for a quick 15-minute sync on the marketing campaign. Thanks, Liam"
ham,"Dear Customer, Let me know if 3:00 PM works for a quick 15-minute sync on the marketing campaign. Have a great day, Olivia"
ham,"Hi Alex, Your library books are due back in 3 days. Renew online if you need more time. Have a great day, Mia"
ham,"Hello Team, I will be out of the office next Tuesday for a doctor appointment. Talk soon, Emma"
ham,"Hey buddy, The deployment to staging completed without any errors. Ready for QA testing. Cheers, Emma"
ham,"Good morning David, Attached is the agenda for our upcoming quarterly business review. Have a great day, Lucas"
spam,Limited Time Offer: Refinance your mortgage today and save hundreds every month. No closing costs! Download your prize confirmation certificate at http://rewards-winner.net
ham,"Hello Team, I will be out of the office next Tuesday for a doctor appointment. Best regards, Ava"
ham,"Hi Robert, Let me know if 3:00 PM works for a quick 15-minute sync on the marketing campaign. Talk soon, Liam"
ham,"Hi Alex, I reviewed your code changes and left a couple of minor comments on GitHub. Cheers, Lucas"
ham,"Hi Alex, Thanks for the coffee catchup earlier! Let's follow up next week regarding the design. Thanks, Olivia"
ham,"Hi Alex, I will be out of the office next Tuesday for a doctor appointment. Sincerely, Ava"
spam,Limited Time Offer: You won a brand new iPhone 15 Pro! Confirm your shipping address to receive delivery. Call toll-free 1-800-555-9122 now to claim before midnight.
ham,"Dear Customer, I will be out of the office next Tuesday for a doctor appointment. Have a great day, Lucas"
spam,"Get pre-approved for an instant cash loan of up to $50,000 with 0% APR for the first 12 months! Apply online today at http://fast-instant-cash.net"
spam,"Dear Winner, You have inherited $8.5 Million USD from a deceased relative. Reply with your passport and bank info to start transfer process."
ham,"Hey Sarah, Attached is the agenda for our upcoming quarterly business review. Talk soon, Emma"
ham,"Thank you for attending our product demo yesterday. As requested, here is the recording link and technical whitepaper."
ham,"Good afternoon Rachel, Your library books are due back in 3 days. Renew online if you need more time. Have a great day, Noah"
ham,"Good morning David, Please review the attached contract draft and let me know if you have any changes. Thanks, Liam"
ham,"Hi Robert, Please submit your travel expense reports by the end of the month for reimbursement. Cheers, Olivia"
spam,Final Notice: Your vehicle warranty has expired. Call 1-800-555-0199 immediately to renew coverage before your policy is cancelled.
ham,"Hi Alex, Can you send me the latest version of the spreadsheet when you get a chance? Sincerely, Sophia"
ham,"Hello Team, Your library books are due back in 3 days. Renew online if you need more time. Warmly, Emma"
ham,"Hi everyone, Here is the updated project roadmap following our team discussion yesterday. Sincerely, James"
ham,"Hey Sarah, I reviewed your code changes and left a couple of minor comments on GitHub. Thanks, Lucas"
spam,"EXCLUSIVE PROMOTION: Urgent: Unrecognized login detected from Moscow, Russia. Secure your account now. Click here immediately: http://promo-reward-portal.com"
ham,"Hi everyone, The conference room for tomorrow's client presentation has been reserved. Thanks, Daniel"
ham,"Hey buddy, Your library books are due back in 3 days. Renew online if you need more time. Best regards, Olivia"
ham,"Hi Alex, Your library books are due back in 3 days. Renew online if you need more time. Sincerely, Mia"
ham,"Good afternoon Rachel, Here is the updated project roadmap following our team discussion yesterday. Warmly, James"
ham,"Hi everyone, Please submit your travel expense reports by the end of the month for reimbursement. Best regards, Noah"
ham,"Hey Mark, happy birthday! Hope you have a fantastic day celebrating with family and friends."
ham,"Dear patient, this is a friendly reminder of your upcoming dental appointment scheduled for Thursday at 10:00 AM."
ham,"Hello Team, Please review the attached contract draft and let me know if you have any changes. Thanks, Liam"
spam,"Ref: 4920492. You have won a guaranteed cash prize of $5,000 or a trip to Bahamas! Call 09050000301 to claim today."
spam,"FINAL NOTICE: Refinance your mortgage today and save hundreds every month. No closing costs! Reply with your full name, phone number, and mailing address to claim."
ham,"Dear Customer, The deployment to staging completed without any errors. Ready for QA testing. Have a great day, Sophia"
spam,"Dear customer, your parcel delivery is on hold due to unpaid customs fee of $2.99. Pay immediately to avoid return to sender: http://parcel-tracking-fees.com"
ham,Your ride with Uber has completed. Total charged: $14.25. View your trip receipt in the app.
ham,"Dear Customer, Your library books are due back in 3 days. Renew online if you need more time. Best regards, Mia"
ham,Your order #48291 has shipped! You can track your package delivery progress directly through the official carrier website.
ham,"Hey buddy, Please submit your travel expense reports by the end of the month for reimbursement. Sincerely, Daniel"
ham,"Good afternoon Rachel, Here is the updated project roadmap following our team discussion yesterday. Best regards, Noah"
ham,"Hi Alex, I reviewed your code changes and left a couple of minor comments on GitHub. Have a great day, Sophia"
ham,"Hi Robert, Let me know if 3:00 PM works for a quick 15-minute sync on the marketing campaign. Have a great day, Olivia"
ham,"Hello Team, Let me know if 3:00 PM works for a quick 15-minute sync on the marketing campaign. Cheers, Olivia"
ham,"Hey buddy, I reviewed your code changes and left a couple of minor comments on GitHub. Have a great day, Lucas"
ham,"Good morning David, Please review the attached contract draft and let me know if you have any changes. Cheers, Emma"
ham,"Dear Customer, Let me know if 3:00 PM works for a quick 15-minute sync on the marketing campaign. Have a great day, Lucas"
ham,"Hi Robert, The conference room for tomorrow's client presentation has been reserved. Have a great day, Noah"
ham,"Hey Sarah, Can you send me the latest version of the spreadsheet when you get a chance? Warmly, Liam"
ham,"Good afternoon Rachel, Please review the attached contract draft and let me know if you have any changes. Sincerely, Emma"
spam,"Ref: 4920492. You have won a guaranteed cash prize of $5,000 or a trip to Bahamas! Call 09050000301 to claim today."
spam,"ACTION REQUIRED: Get 10,000 Instagram followers and TikTok likes instantly for only $9.99. Hurry, offer expires in 6 hours! Act now."
ham,"Hello Team, Please submit your travel expense reports by the end of the month for reimbursement. Talk soon, Lucas"
ham,"Hey buddy, I will be out of the office next Tuesday for a doctor appointment. Talk soon, Mia"
ham,"Hey Mark, happy birthday! Hope you have a fantastic day celebrating with family and friends."
ham,"Hi Alex, Your library books are due back in 3 days. Renew online if you need more time. Best regards, Emma"
spam,Warning: Your mailbox is 99% full. You will not be able to receive incoming emails. Click here to upgrade mailbox storage for free.
ham,"Good afternoon Rachel, Can you send me the latest version of the spreadsheet when you get a chance? Sincerely, Mia"
spam,"EXCLUSIVE PROMOTION: You have been pre-selected for a $25,000 unsecured personal loan at low interest rate. Call toll-free 1-800-555-9122 now to claim before midnight."
ham,"Dear Dr. Miller, Your library books are due back in 3 days. Renew online if you need more time. Warmly, Olivia"
ham,"Hello Team, Your library books are due back in 3 days. Renew online if you need more time. Sincerely, Daniel"
ham,"Good afternoon Rachel, I reviewed your code changes and left a couple of minor comments on GitHub. Best regards, Olivia"
ham,"Dear Customer, I will be out of the office next Tuesday for a doctor appointment. Cheers, Liam"
spam,EXCLUSIVE PROMOTION: Refinance your mortgage today and save hundreds every month. No closing costs! Call toll-free 1-800-555-9122 now to claim before midnight.
spam,"ATTENTION: IRS Tax Refund Notification. You have an unclaimed refund of $1,840. Submit your tax identification form at http://irs-tax-refunds-gov.biz"
ham,"Good morning Sarah, could you please review the attached slide deck before our client presentation at 2 PM?"
ham,"Dear Customer, Please submit your travel expense reports by the end of the month for reimbursement. Have a great day, Emma"
ham,"Hi Robert, The conference room for tomorrow's client presentation has been reserved. Sincerely, Ava"
spam,"Limited Time Offer: Earn up to $3,000 every week working just 2 hours a day from your phone or laptop. Download your prize confirmation certificate at http://rewards-winner.net"
ham,"Good morning David, I will be out of the office next Tuesday for a doctor appointment. Sincerely, Emma"
spam,"CONGRATULATIONS! Save 75% on health supplements, vitamins and male enhancement pills with free shipping. Click here immediately: http://promo-reward-portal.com"
ham,"Good morning David, Thanks for the coffee catchup earlier! Let's follow up next week regarding the design. Warmly, Mia"
ham,"Dear Customer, I will be out of the office next Tuesday for a doctor appointment. Talk soon, Olivia"
ham,"Dear Dr. Miller, Attached is the agenda for our upcoming quarterly business review. Have a great day, Emma"
ham,"Dear Customer, Attached is the agenda for our upcoming quarterly business review. Best regards, Liam"
spam,Your Netflix subscription has expired. Update your billing credit card details to avoid service termination: http://netflix-account-renewal.com
ham,"Dear Customer, Your library books are due back in 3 days. Renew online if you need more time. Warmly, Ava"
ham,"Hello Team, The conference room for tomorrow's client presentation has been reserved. Thanks, Sophia"
ham,"Hey buddy, The deployment to staging completed without any errors. Ready for QA testing. Best regards, Olivia"
spam,URGENT: Your account has been temporarily locked due to suspicious login attempts. Verify your details immediately at http://security-bank-auth.com to restore access.
spam,"Work from home and earn $500 to $1,500 daily with no experience required! Flexible hours. Start immediately by clicking here."
spam,"CONGRATULATIONS! Get 10,000 Instagram followers and TikTok likes instantly for only $9.99. Text WIN to 78900 to enter now. Standard rates apply."
ham,"Hey Sarah, Your library books are due back in 3 days. Renew online if you need more time. Best regards, Sophia"
ham,"Good afternoon Rachel, Please review the attached contract draft and let me know if you have any changes. Sincerely, Lucas"
spam,"You're a winner! Earn up to $3,000 every week working just 2 hours a day from your phone or laptop. Hurry, offer expires in 6 hours! Act now."
spam,"Flash Sale! 90% off Designer Watches, Rolex, Omega, Gucci! Limited time clearance stock. Shop now at http://luxury-outlet-deals.shop"
spam,"Urgent Alert: Suspicious transaction of $899.00 detected on your Amazon account. If this was not you, call fraud prevention immediately at 1-888-234-5678."
ham,"Hello Team, Please review the attached contract draft and let me know if you have any changes. Sincerely, Ava"
spam,"Ref: 4920492. You have won a guaranteed cash prize of $5,000 or a trip to Bahamas! Call 09050000301 to claim today."
ham,"Hey Mark, happy birthday! Hope you have a fantastic day celebrating with family and friends."
spam,"Account Notification: You won a brand new iPhone 15 Pro! Confirm your shipping address to receive delivery. Reply with your full name, phone number, and mailing address to claim."
spam,"Congratulations! You have been selected to receive a $1,000 Walmart Gift Card! Click here to claim your prize now: http://claim-gift-now.com"
ham,"Dear Dr. Miller, Attached is the agenda for our upcoming quarterly business review. Thanks, Olivia"
spam,Your Netflix subscription has expired. Update your billing credit card details to avoid service termination: http://netflix-account-renewal.com
ham,"Hey Mark, happy birthday! Hope you have a fantastic day celebrating with family and friends."
ham,"Good morning David, Please review the attached contract draft and let me know if you have any changes. Cheers, Noah"
ham,"Hi Michael, can you please send me the updated contact information for the vendor? We need to finalize the contract."
spam,Account Notification: Claim your $500 gift card today by completing this 2-minute survey. Click here immediately: http://promo-reward-portal.com
ham,"Hi everyone, Please review the attached contract draft and let me know if you have any changes. Warmly, Mia"
ham,"Dear Dr. Miller, Let me know if 3:00 PM works for a quick 15-minute sync on the marketing campaign. Thanks, Sophia"
spam,"Instant Cash Award: Earn up to $3,000 every week working just 2 hours a day from your phone or laptop. Call toll-free 1-800-555-9122 now to claim before midnight."
ham,"Hi everyone, the office will be closed this coming Friday for the national holiday. Have a wonderful long weekend!"
ham,"Hey Sarah, Can you send me the latest version of the spreadsheet when you get a chance? Sincerely, Olivia"
ham,"Hey buddy, Can you send me the latest version of the spreadsheet when you get a chance? Cheers, Ava"
ham,Please find attached your monthly bank statement for the period ending March 31st. Thank you for banking with us.
ham,"Dear Customer, Please review the attached contract draft and let me know if you have any changes. Thanks, Noah"
ham,"Good morning Sarah, could you please review the attached slide deck before our client presentation at 2 PM?"
spam,FINAL NOTICE: You have 1 pending Bitcoin payment of 0.35 BTC waiting in your crypto wallet. Download your prize confirmation certificate at http://rewards-winner.net
spam,"URGENT ALERT: Your Apple ID has been locked for security reasons. Click here to verify your identity. Reply with your full name, phone number, and mailing address to claim."
ham,"Hello Team, I reviewed your code changes and left a couple of minor comments on GitHub. Sincerely, Daniel"
ham,"Hello Team, I will be out of the office next Tuesday for a doctor appointment. Warmly, Daniel"
spam,"SECURITY NOTICE: Urgent: Unrecognized login detected from Moscow, Russia. Secure your account now. Visit http://secure-portal-update.org to update your credentials immediately."
ham,"Hey Sarah, Please review the attached contract draft and let me know if you have any changes. Warmly, Daniel"
ham,"Good morning David, I will be out of the office next Tuesday for a doctor appointment. Sincerely, Ava"
ham,"Hello Team, Let me know if 3:00 PM works for a quick 15-minute sync on the marketing campaign. Thanks, Daniel"
spam,"EXCLUSIVE PROMOTION: Hot discount deals on electronics, smartphones and laptops. Order now while stock lasts. Download your prize confirmation certificate at http://rewards-winner.net"
ham,"Hi everyone, I reviewed your code changes and left a couple of minor comments on GitHub. Best regards, Mia"
ham,"Dear Dr. Miller, Attached is the agenda for our upcoming quarterly business review. Warmly, James"
spam,"Congratulations! You have been selected to receive a $1,000 Walmart Gift Card! Click here to claim your prize now: http://claim-gift-now.com"
ham,"Hi Alex, Can you send me the latest version of the spreadsheet when you get a chance? Warmly, Sophia"
spam,FREE entry into our £250 weekly competition just text the word WIN to 80086 NOW. 18+ T&Cs apply.
spam,URGENT ALERT: Your Apple ID has been locked for security reasons. Click here to verify your identity. Text WIN to 78900 to enter now. Standard rates apply.
ham,"Hi everyone, Let me know if 3:00 PM works for a quick 15-minute sync on the marketing campaign. Sincerely, Mia"
ham,"Hi Alex, The conference room for tomorrow's client presentation has been reserved. Sincerely, Ava"
spam,Exclusive Invitation: Double your cryptocurrency investments in just 48 hours with our automated Bitcoin trading bot! Join VIP club now.
spam,"Account Notification: Your online banking password expires in 24 hours. Log in now to keep your account active. Reply with your full name, phone number, and mailing address to claim."
spam,"Ref: 4920492. You have won a guaranteed cash prize of $5,000 or a trip to Bahamas! Call 09050000301 to claim today."
spam,CONGRATULATIONS! Refinance your mortgage today and save hundreds every month. No closing costs! Visit http://secure-portal-update.org to update your credentials immediately.
ham,"Hi Robert, I reviewed your code changes and left a couple of minor comments on GitHub. Talk soon, Ava"
spam,Your Netflix subscription has expired. Update your billing credit card details to avoid service termination: http://netflix-account-renewal.com
ham,"Dear Dr. Miller, Let me know if 3:00 PM works for a quick 15-minute sync on the marketing campaign. Sincerely, Lucas"
ham,"Good afternoon Rachel, Can you send me the latest version of the spreadsheet when you get a chance? Thanks, Ava"
spam,"Work from home and earn $500 to $1,500 daily with no experience required! Flexible hours. Start immediately by clicking here."
ham,"Hello Team, Thanks for the coffee catchup earlier! Let's follow up next week regarding the design. Best regards, Lucas"
ham,"Dear Dr. Miller, Here is the updated project roadmap following our team discussion yesterday. Talk soon, Noah"
ham,"Hi everyone, I will be out of the office next Tuesday for a doctor appointment. Cheers, Emma"
ham,Your order #48291 has shipped! You can track your package delivery progress directly through the official carrier website.
ham,"Hi everyone, Thanks for the coffee catchup earlier! Let's follow up next week regarding the design. Have a great day, Ava"
ham,"Hi Robert, Your library books are due back in 3 days. Renew online if you need more time. Best regards, Mia"
ham,Please find attached your monthly bank statement for the period ending March 31st. Thank you for banking with us.
ham,"Dear Dr. Miller, Please submit your travel expense reports by the end of the month for reimbursement. Thanks, Olivia"
ham,"Good morning David, Attached is the agenda for our upcoming quarterly business review. Warmly, Emma"
spam,"Account Notification: Urgent: Unrecognized login detected from Moscow, Russia. Secure your account now. Text WIN to 78900 to enter now. Standard rates apply."
spam,Limited Time Offer: You have 1 pending Bitcoin payment of 0.35 BTC waiting in your crypto wallet. Visit http://secure-portal-update.org to update your credentials immediately.
ham,"Hey Sarah, Can you send me the latest version of the spreadsheet when you get a chance? Warmly, Mia"
spam,Final Notice: Your vehicle warranty has expired. Call 1-800-555-0199 immediately to renew coverage before your policy is cancelled.
spam,"Flash Sale! 90% off Designer Watches, Rolex, Omega, Gucci! Limited time clearance stock. Shop now at http://luxury-outlet-deals.shop"
ham,"Hey Sarah, Here is the updated project roadmap following our team discussion yesterday. Cheers, Liam"
ham,"Hi Alex, The conference room for tomorrow's client presentation has been reserved. Best regards, Ava"
ham,"Dear Customer, Attached is the agenda for our upcoming quarterly business review. Have a great day, Ava"
ham,"Dear patient, this is a friendly reminder of your upcoming dental appointment scheduled for Thursday at 10:00 AM."
ham,"Hello Team, Let me know if 3:00 PM works for a quick 15-minute sync on the marketing campaign. Thanks, Ava"
ham,"Good morning David, Please review the attached contract draft and let me know if you have any changes. Have a great day, Noah"
ham,"Hi team, please find attached the meeting notes and action items from today's sprint planning session."
spam,URGENT ALERT: You have 1 pending Bitcoin payment of 0.35 BTC waiting in your crypto wallet. Text WIN to 78900 to enter now. Standard rates apply.
spam,"Ref: 4920492. You have won a guaranteed cash prize of $5,000 or a trip to Bahamas! Call 09050000301 to claim today."
spam,"SECURITY NOTICE: You have 1 pending Bitcoin payment of 0.35 BTC waiting in your crypto wallet. Reply with your full name, phone number, and mailing address to claim."
ham,"Hi Robert, Let me know if 3:00 PM works for a quick 15-minute sync on the marketing campaign. Thanks, Sophia"
ham,"Hello Team, I reviewed your code changes and left a couple of minor comments on GitHub. Sincerely, Mia"
ham,"Dear Dr. Miller, Here is the updated project roadmap following our team discussion yesterday. Thanks, Sophia"
ham,"Hey Sarah, Please submit your travel expense reports by the end of the month for reimbursement. Thanks, Olivia"
spam,"You're a winner! Urgent: Unrecognized login detected from Moscow, Russia. Secure your account now. Click here immediately: http://promo-reward-portal.com"
spam,"Special Offer: Buy Viagra, Cialis and generic medication online without prescription. Fast discreet worldwide shipping. 80% discount."
ham,"Good afternoon Rachel, Please review the attached contract draft and let me know if you have any changes. Talk soon, Emma"
ham,The server maintenance has been successfully completed. All systems and database instances are fully operational.
ham,"Hi everyone, Here is the updated project roadmap following our team discussion yesterday. Cheers, Lucas"
ham,"Good afternoon Rachel, I will be out of the office next Tuesday for a doctor appointment. Talk soon, Daniel"
ham,Your ride with Uber has completed. Total charged: $14.25. View your trip receipt in the app.
ham,"Hi Robert, I will be out of the office next Tuesday for a doctor appointment. Talk soon, Ava"
ham,"Good afternoon Rachel, Thanks for the coffee catchup earlier! Let's follow up next week regarding the design. Talk soon, Daniel"
ham,Your order #48291 has shipped! You can track your package delivery progress directly through the official carrier website.
ham,"Thank you for attending our product demo yesterday. As requested, here is the recording link and technical whitepaper."
ham,"Dear Dr. Miller, Attached is the agenda for our upcoming quarterly business review. Talk soon, Ava"
ham,"Hello Team, Let me know if 3:00 PM works for a quick 15-minute sync on the marketing campaign. Talk soon, Sophia"
spam,Instant Cash Award: Claim your $500 gift card today by completing this 2-minute survey. Text WIN to 78900 to enter now. Standard rates apply.
spam,"ATTENTION: IRS Tax Refund Notification. You have an unclaimed refund of $1,840. Submit your tax identification form at http://irs-tax-refunds-gov.biz"
ham,"Hi Alex, The conference room for tomorrow's client presentation has been reserved. Talk soon, Noah"
spam,"Account Notification: Earn up to $3,000 every week working just 2 hours a day from your phone or laptop. Hurry, offer expires in 6 hours! Act now."
ham,"Hi everyone, the office will be closed this coming Friday for the national holiday. Have a wonderful long weekend!"
ham,"Hi Robert, Attached is the agenda for our upcoming quarterly business review. Talk soon, Olivia"
spam,"URGENT ALERT: You have been pre-selected for a $25,000 unsecured personal loan at low interest rate. Visit http://secure-portal-update.org to update your credentials immediately."
ham,The server maintenance has been successfully completed. All systems and database instances are fully operational.
spam,Final Notice: Your vehicle warranty has expired. Call 1-800-555-0199 immediately to renew coverage before your policy is cancelled.
ham,"Hey buddy, The deployment to staging completed without any errors. Ready for QA testing. Best regards, Noah"
spam,"You're a winner! You have been pre-selected for a $25,000 unsecured personal loan at low interest rate. Download your prize confirmation certificate at http://rewards-winner.net"
ham,"Hi everyone, Your library books are due back in 3 days. Renew online if you need more time. Warmly, Daniel"
spam,"Account Notification: Hot discount deals on electronics, smartphones and laptops. Order now while stock lasts. Visit http://secure-portal-update.org to update your credentials immediately."
ham,"Hello Team, Here is the updated project roadmap following our team discussion yesterday. Cheers, Ava"
ham,"Good afternoon Rachel, Let me know if 3:00 PM works for a quick 15-minute sync on the marketing campaign. Have a great day, Olivia"
ham,"Hey Sarah, The conference room for tomorrow's client presentation has been reserved. Warmly, James"
ham,"Hi everyone, The conference room for tomorrow's client presentation has been reserved. Warmly, Ava"
spam,SECURITY NOTICE: Your online banking password expires in 24 hours. Log in now to keep your account active. Visit http://secure-portal-update.org to update your credentials immediately.
spam,"Get pre-approved for an instant cash loan of up to $50,000 with 0% APR for the first 12 months! Apply online today at http://fast-instant-cash.net"
ham,"Hi Alex, Here is the updated project roadmap following our team discussion yesterday. Sincerely, Emma"
spam,"ATTENTION: IRS Tax Refund Notification. You have an unclaimed refund of $1,840. Submit your tax identification form at http://irs-tax-refunds-gov.biz"
spam,"Instant Cash Award: Urgent: Unrecognized login detected from Moscow, Russia. Secure your account now. Call toll-free 1-800-555-9122 now to claim before midnight."
spam,"ACTION REQUIRED: Earn up to $3,000 every week working just 2 hours a day from your phone or laptop. Call toll-free 1-800-555-9122 now to claim before midnight."
ham,"Hi Robert, I reviewed your code changes and left a couple of minor comments on GitHub. Sincerely, James"
spam,EXCLUSIVE PROMOTION: Refinance your mortgage today and save hundreds every month. No closing costs! Click here immediately: http://promo-reward-portal.com
ham,"Hi everyone, Your library books are due back in 3 days. Renew online if you need more time. Warmly, Lucas"
ham,"Hi Alex, Attached is the agenda for our upcoming quarterly business review. Have a great day, Lucas"
ham,"Hey buddy, Please submit your travel expense reports by the end of the month for reimbursement. Talk soon, Liam"
ham,"Dear Customer, Please submit your travel expense reports by the end of the month for reimbursement. Thanks, Ava"
ham,"Hey buddy, The conference room for tomorrow's client presentation has been reserved. Thanks, Lucas"
ham,"Hi team, please find attached the meeting notes and action items from today's sprint planning session."
ham,"Hi everyone, Here is the updated project roadmap following our team discussion yesterday. Best regards, James"
ham,"Good morning David, Attached is the agenda for our upcoming quarterly business review. Have a great day, James"
ham,"Dear Customer, Thanks for the coffee catchup earlier! Let's follow up next week regarding the design. Cheers, Emma"
spam,"CONGRATULATIONS! Get 10,000 Instagram followers and TikTok likes instantly for only $9.99. Reply with your full name, phone number, and mailing address to claim."
spam,"Special Offer: Buy Viagra, Cialis and generic medication online without prescription. Fast discreet worldwide shipping. 80% discount."
ham,"Hi everyone, Can you send me the latest version of the spreadsheet when you get a chance? Cheers, Emma"
ham,"Dear Dr. Miller, The conference room for tomorrow's client presentation has been reserved. Best regards, Olivia"
spam,FREE entry into our £250 weekly competition just text the word WIN to 80086 NOW. 18+ T&Cs apply.
spam,"Get pre-approved for an instant cash loan of up to $50,000 with 0% APR for the first 12 months! Apply online today at http://fast-instant-cash.net"
ham,"Hey buddy, I reviewed your code changes and left a couple of minor comments on GitHub. Have a great day, Emma"
ham,"Dear Dr. Miller, The deployment to staging completed without any errors. Ready for QA testing. Talk soon, Sophia"
ham,"Hey Sarah, I reviewed your code changes and left a couple of minor comments on GitHub. Warmly, James"
ham,"Hi Robert, Can you send me the latest version of the spreadsheet when you get a chance? Cheers, Noah"
ham,"Hey buddy, Here is the updated project roadmap following our team discussion yesterday. Sincerely, Sophia"
spam,"Account Notification: You have been pre-selected for a $25,000 unsecured personal loan at low interest rate. Download your prize confirmation certificate at http://rewards-winner.net"
ham,"Hi Robert, Thanks for the coffee catchup earlier! Let's follow up next week regarding the design. Cheers, Olivia"
ham,"Hey Sarah, Please submit your travel expense reports by the end of the month for reimbursement. Have a great day, Mia"
ham,"Dear Dr. Miller, Let me know if 3:00 PM works for a quick 15-minute sync on the marketing campaign. Warmly, Lucas"
spam,"Dear customer, your parcel delivery is on hold due to unpaid customs fee of $2.99. Pay immediately to avoid return to sender: http://parcel-tracking-fees.com"
ham,"Hi Alex, I will be out of the office next Tuesday for a doctor appointment. Talk soon, Daniel"
ham,Please find attached your monthly bank statement for the period ending March 31st. Thank you for banking with us.
ham,"Hi Alex, Attached is the agenda for our upcoming quarterly business review. Have a great day, Emma"
ham,"Hi Alex, The deployment to staging completed without any errors. Ready for QA testing. Cheers, Mia"
ham,"Dear Customer, Here is the updated project roadmap following our team discussion yesterday. Talk soon, Liam"
spam,"ATTENTION: IRS Tax Refund Notification. You have an unclaimed refund of $1,840. Submit your tax identification form at http://irs-tax-refunds-gov.biz"
spam,URGENT: Your account has been temporarily locked due to suspicious login attempts. Verify your details immediately at http://security-bank-auth.com to restore access.
ham,"Good afternoon Rachel, Can you send me the latest version of the spreadsheet when you get a chance? Best regards, Sophia"
spam,"ACTION REQUIRED: You won a brand new iPhone 15 Pro! Confirm your shipping address to receive delivery. Hurry, offer expires in 6 hours! Act now."
ham,"Hey Sarah, Can you send me the latest version of the spreadsheet when you get a chance? Warmly, Emma"
ham,The server maintenance has been successfully completed. All systems and database instances are fully operational.
ham,"Hey Sarah, Thanks for the coffee catchup earlier! Let's follow up next week regarding the design. Thanks, Olivia"
ham,"Dear Customer, I reviewed your code changes and left a couple of minor comments on GitHub. Sincerely, Sophia"
spam,"ATTENTION: IRS Tax Refund Notification. You have an unclaimed refund of $1,840. Submit your tax identification form at http://irs-tax-refunds-gov.biz"
ham,"Dear Dr. Miller, Can you send me the latest version of the spreadsheet when you get a chance? Warmly, Daniel"
ham,"Hi Mom, I arrived safely at the hotel. The flight was on time and everything went smoothly. Talk to you tomorrow!"
spam,You're a winner! You won a brand new iPhone 15 Pro! Confirm your shipping address to receive delivery. Call toll-free 1-800-555-9122 now to claim before midnight.
ham,"Dear Customer, Your library books are due back in 3 days. Renew online if you need more time. Cheers, Ava"
ham,"Dear Dr. Miller, Your library books are due back in 3 days. Renew online if you need more time. Best regards, Daniel"
ham,"Dear Dr. Miller, Let me know if 3:00 PM works for a quick 15-minute sync on the marketing campaign. Sincerely, Mia"
ham,"Dear Customer, Can you send me the latest version of the spreadsheet when you get a chance? Have a great day, Olivia"
ham,"Dear Customer, Let me know if 3:00 PM works for a quick 15-minute sync on the marketing campaign. Have a great day, Noah"
spam,"FINAL NOTICE: Urgent: Unrecognized login detected from Moscow, Russia. Secure your account now. Call toll-free 1-800-555-9122 now to claim before midnight."
ham,"Good afternoon Rachel, I reviewed your code changes and left a couple of minor comments on GitHub. Sincerely, Mia"
ham,"Dear patient, this is a friendly reminder of your upcoming dental appointment scheduled for Thursday at 10:00 AM."
ham,"Dear Dr. Miller, Please review the attached contract draft and let me know if you have any changes. Best regards, James"
spam,Instant Cash Award: Your online banking password expires in 24 hours. Log in now to keep your account active. Visit http://secure-portal-update.org to update your credentials immediately.
ham,"Hi everyone, The deployment to staging completed without any errors. Ready for QA testing. Sincerely, Sophia"
ham,"Dear Dr. Miller, Attached is the agenda for our upcoming quarterly business review. Have a great day, Emma"
ham,"Hello Team, Attached is the agenda for our upcoming quarterly business review. Have a great day, Lucas"
ham,"Hi everyone, Please submit your travel expense reports by the end of the month for reimbursement. Have a great day, Mia"
ham,"Dear Dr. Miller, I will be out of the office next Tuesday for a doctor appointment. Thanks, Ava"
ham,"Dear Customer, Here is the updated project roadmap following our team discussion yesterday. Thanks, Sophia"
ham,"Hey buddy, Your library books are due back in 3 days. Renew online if you need more time. Have a great day, Emma"
spam,"Urgent Alert: Suspicious transaction of $899.00 detected on your Amazon account. If this was not you, call fraud prevention immediately at 1-888-234-5678."
spam,"ACTION REQUIRED: Save 75% on health supplements, vitamins and male enhancement pills with free shipping. Hurry, offer expires in 6 hours! Act now."
spam,You're a winner! Your Apple ID has been locked for security reasons. Click here to verify your identity. Visit http://secure-portal-update.org to update your credentials immediately.
spam,"SECURITY NOTICE: Get 10,000 Instagram followers and TikTok likes instantly for only $9.99. Text WIN to 78900 to enter now. Standard rates apply."
ham,"Hi Alex, The conference room for tomorrow's client presentation has been reserved. Sincerely, Emma"
spam,"EXCLUSIVE PROMOTION: You have 1 pending Bitcoin payment of 0.35 BTC waiting in your crypto wallet. Hurry, offer expires in 6 hours! Act now."
ham,"Hey buddy, Let me know if 3:00 PM works for a quick 15-minute sync on the marketing campaign. Talk soon, Emma"
spam,"Urgent Alert: Suspicious transaction of $899.00 detected on your Amazon account. If this was not you, call fraud prevention immediately at 1-888-234-5678."
ham,"Hi Robert, The deployment to staging completed without any errors. Ready for QA testing. Thanks, James"
ham,"Good morning David, I will be out of the office next Tuesday for a doctor appointment. Have a great day, Emma"
spam,"ACTION REQUIRED: Earn up to $3,000 every week working just 2 hours a day from your phone or laptop. Call toll-free 1-800-555-9122 now to claim before midnight."
ham,"Hey buddy, The conference room for tomorrow's client presentation has been reserved. Sincerely, Daniel"
ham,"Dear Customer, The deployment to staging completed without any errors. Ready for QA testing. Have a great day, James"
spam,FINAL NOTICE: You won a brand new iPhone 15 Pro! Confirm your shipping address to receive delivery. Visit http://secure-portal-update.org to update your credentials immediately.
spam,"Urgent Alert: Suspicious transaction of $899.00 detected on your Amazon account. If this was not you, call fraud prevention immediately at 1-888-234-5678."
ham,"Dear patient, this is a friendly reminder of your upcoming dental appointment scheduled for Thursday at 10:00 AM."
spam,CONGRATULATIONS! Your Apple ID has been locked for security reasons. Click here to verify your identity. Visit http://secure-portal-update.org to update your credentials immediately.
ham,"Hi Michael, can you please send me the updated contact information for the vendor? We need to finalize the contract."
ham,The pull request for the email validation bug fix has been reviewed and merged into the main branch.
ham,"Dear Dr. Miller, I will be out of the office next Tuesday for a doctor appointment. Best regards, Noah"
ham,"Hey Mark, happy birthday! Hope you have a fantastic day celebrating with family and friends."
ham,"Hi everyone, Thanks for the coffee catchup earlier! Let's follow up next week regarding the design. Have a great day, Mia"
ham,"Dear Dr. Miller, Can you send me the latest version of the spreadsheet when you get a chance? Best regards, James"
ham,"Good afternoon Rachel, The deployment to staging completed without any errors. Ready for QA testing. Have a great day, Mia"
spam,Final Notice: Your vehicle warranty has expired. Call 1-800-555-0199 immediately to renew coverage before your policy is cancelled.
spam,"EXCLUSIVE PROMOTION: Hot discount deals on electronics, smartphones and laptops. Order now while stock lasts. Text WIN to 78900 to enter now. Standard rates apply."
spam,EXCLUSIVE PROMOTION: You have 1 pending Bitcoin payment of 0.35 BTC waiting in your crypto wallet. Click here immediately: http://promo-reward-portal.com
ham,"Hey buddy, Attached is the agenda for our upcoming quarterly business review. Thanks, Noah"
ham,"Hi Michael, can you please send me the updated contact information for the vendor? We need to finalize the contract."
spam,"Instant Cash Award: Urgent: Unrecognized login detected from Moscow, Russia. Secure your account now. Hurry, offer expires in 6 hours! Act now."
ham,"Good morning David, Thanks for the coffee catchup earlier! Let's follow up next week regarding the design. Thanks, Sophia"
spam,"Account Notification: Earn up to $3,000 every week working just 2 hours a day from your phone or laptop. Download your prize confirmation certificate at http://rewards-winner.net"
ham,"Hi everyone, Thanks for the coffee catchup earlier! Let's follow up next week regarding the design. Have a great day, Noah"
spam,"Instant Cash Award: You have been pre-selected for a $25,000 unsecured personal loan at low interest rate. Visit http://secure-portal-update.org to update your credentials immediately."
spam,HOT SINGLE WOMEN in your area are looking to chat tonight! Click to view verified private profiles: http://meet-singles-now.top
ham,"Hey Sarah, I reviewed your code changes and left a couple of minor comments on GitHub. Cheers, Mia"
spam,"Urgent Alert: Suspicious transaction of $899.00 detected on your Amazon account. If this was not you, call fraud prevention immediately at 1-888-234-5678."
ham,"Dear Customer, Please submit your travel expense reports by the end of the month for reimbursement. Talk soon, Sophia"
spam,Instant Cash Award: You won a brand new iPhone 15 Pro! Confirm your shipping address to receive delivery. Text WIN to 78900 to enter now. Standard rates apply.
ham,"Hi Mom, I arrived safely at the hotel. The flight was on time and everything went smoothly. Talk to you tomorrow!"
ham,"Hi team, please find attached the meeting notes and action items from today's sprint planning session."
spam,"SECURITY NOTICE: You have been pre-selected for a $25,000 unsecured personal loan at low interest rate. Call toll-free 1-800-555-9122 now to claim before midnight."
spam,"URGENT ALERT: Get 10,000 Instagram followers and TikTok likes instantly for only $9.99. Call toll-free 1-800-555-9122 now to claim before midnight."
ham,"Hello Team, Let me know if 3:00 PM works for a quick 15-minute sync on the marketing campaign. Cheers, Sophia"
ham,"Dear patient, this is a friendly reminder of your upcoming dental appointment scheduled for Thursday at 10:00 AM."
ham,"Hi Robert, Can you send me the latest version of the spreadsheet when you get a chance? Cheers, Ava"
ham,"Dear Dr. Miller, The deployment to staging completed without any errors. Ready for QA testing. Cheers, Mia"
ham,Your ride with Uber has completed. Total charged: $14.25. View your trip receipt in the app.
spam,"Dear customer, your parcel delivery is on hold due to unpaid customs fee of $2.99. Pay immediately to avoid return to sender: http://parcel-tracking-fees.com"
ham,"Hi Alex, Thanks for the coffee catchup earlier! Let's follow up next week regarding the design. Have a great day, Sophia"
ham,"Dear Dr. Miller, Your library books are due back in 3 days. Renew online if you need more time. Warmly, Sophia"
ham,"Hello Team, Here is the updated project roadmap following our team discussion yesterday. Sincerely, Noah"
ham,"Good morning David, I will be out of the office next Tuesday for a doctor appointment. Thanks, Emma"
ham,"Hi Robert, Can you send me the latest version of the spreadsheet when you get a chance? Best regards, Daniel"
ham,"Hi John, hope you are having a productive week. Just following up on the quarterly budget report we discussed on Monday."
ham,"Hi everyone, I will be out of the office next Tuesday for a doctor appointment. Sincerely, Olivia"
ham,"Good morning David, The deployment to staging completed without any errors. Ready for QA testing. Have a great day, Olivia"
spam,"URGENT ALERT: Earn up to $3,000 every week working just 2 hours a day from your phone or laptop. Text WIN to 78900 to enter now. Standard rates apply."
ham,"Hello Team, The conference room for tomorrow's client presentation has been reserved. Have a great day, Emma"
ham,"Hey Sarah, Please submit your travel expense reports by the end of the month for reimbursement. Best regards, Mia"
spam,"CONGRATULATIONS! Urgent: Unrecognized login detected from Moscow, Russia. Secure your account now. Call toll-free 1-800-555-9122 now to claim before midnight."
spam,SECURITY NOTICE: Refinance your mortgage today and save hundreds every month. No closing costs! Visit http://secure-portal-update.org to update your credentials immediately.
spam,"You're a winner! Save 75% on health supplements, vitamins and male enhancement pills with free shipping. Call toll-free 1-800-555-9122 now to claim before midnight."
ham,"Hi everyone, Here is the updated project roadmap following our team discussion yesterday. Cheers, Olivia"
ham,"Hi everyone, Your library books are due back in 3 days. Renew online if you need more time. Cheers, Ava"
ham,"Hey Sarah, Attached is the agenda for our upcoming quarterly business review. Thanks, James"
spam,ACTION REQUIRED: You have 1 pending Bitcoin payment of 0.35 BTC waiting in your crypto wallet. Download your prize confirmation certificate at http://rewards-winner.net
spam,"Dear customer, your parcel delivery is on hold due to unpaid customs fee of $2.99. Pay immediately to avoid return to sender: http://parcel-tracking-fees.com"
spam,Instant Cash Award: Your Apple ID has been locked for security reasons. Click here to verify your identity. Call toll-free 1-800-555-9122 now to claim before midnight.
spam,"ACTION REQUIRED: You have been pre-selected for a $25,000 unsecured personal loan at low interest rate. Text WIN to 78900 to enter now. Standard rates apply."
ham,"Good morning David, I reviewed your code changes and left a couple of minor comments on GitHub. Talk soon, Noah"
spam,Instant Cash Award: Your Apple ID has been locked for security reasons. Click here to verify your identity. Download your prize confirmation certificate at http://rewards-winner.net
ham,"Hi Robert, Can you send me the latest version of the spreadsheet when you get a chance? Thanks, Lucas"
ham,"Hi John, hope you are having a productive week. Just following up on the quarterly budget report we discussed on Monday."
spam,Guaranteed Weight Loss! Drop 20 pounds in 2 weeks without diet or exercise. 100% natural miracle supplement. Order now for 70% off!
ham,Reminder: The weekly engineering team standup will start in 15 minutes in Conference Room B and on Zoom.
spam,"Dear Winner, You have inherited $8.5 Million USD from a deceased relative. Reply with your passport and bank info to start transfer process."
spam,"Dear customer, your parcel delivery is on hold due to unpaid customs fee of $2.99. Pay immediately to avoid return to sender: http://parcel-tracking-fees.com"
ham,"Hi Robert, Please review the attached contract draft and let me know if you have any changes. Talk soon, Noah"
spam,URGENT: Your account has been temporarily locked due to suspicious login attempts. Verify your details immediately at http://security-bank-auth.com to restore access.
ham,"Dear Dr. Miller, The conference room for tomorrow's client presentation has been reserved. Best regards, Mia"
spam,ACTION REQUIRED: Refinance your mortgage today and save hundreds every month. No closing costs! Click here immediately: http://promo-reward-portal.com
ham,"Good morning David, I will be out of the office next Tuesday for a doctor appointment. Thanks, James"
spam,"Account Notification: You won a brand new iPhone 15 Pro! Confirm your shipping address to receive delivery. Reply with your full name, phone number, and mailing address to claim."
spam,"Dear Winner, You have inherited $8.5 Million USD from a deceased relative. Reply with your passport and bank info to start transfer process."
spam,"Instant Cash Award: Your online banking password expires in 24 hours. Log in now to keep your account active. Reply with your full name, phone number, and mailing address to claim."
ham,"Good morning David, Thanks for the coffee catchup earlier! Let's follow up next week regarding the design. Warmly, Liam"
spam,"Dear Winner, You have inherited $8.5 Million USD from a deceased relative. Reply with your passport and bank info to start transfer process."
ham,"Hey Sarah, Your library books are due back in 3 days. Renew online if you need more time. Cheers, Liam"
ham,"Good afternoon Rachel, I will be out of the office next Tuesday for a doctor appointment. Talk soon, Ava"
ham,"Hi Alex, The conference room for tomorrow's client presentation has been reserved. Thanks, Olivia"
ham,"Hey buddy, Please submit your travel expense reports by the end of the month for reimbursement. Warmly, Emma"
ham,"Good afternoon Rachel, Please review the attached contract draft and let me know if you have any changes. Talk soon, Ava"
ham,"Dear Dr. Miller, Please review the attached contract draft and let me know if you have any changes. Best regards, Emma"
ham,"Hey Mark, happy birthday! Hope you have a fantastic day celebrating with family and friends."
spam,"Work from home and earn $500 to $1,500 daily with no experience required! Flexible hours. Start immediately by clicking here."
ham,"Dear Dr. Miller, The conference room for tomorrow's client presentation has been reserved. Warmly, Mia"
ham,Thanks for sending over the invoice. I have forwarded it to our accounts department for processing.
ham,"Hi everyone, Thanks for the coffee catchup earlier! Let's follow up next week regarding the design. Sincerely, James"
spam,Guaranteed Weight Loss! Drop 20 pounds in 2 weeks without diet or exercise. 100% natural miracle supplement. Order now for 70% off!
ham,"Hey Sarah, Thanks for the coffee catchup earlier! Let's follow up next week regarding the design. Cheers, Lucas"
spam,"Get pre-approved for an instant cash loan of up to $50,000 with 0% APR for the first 12 months! Apply online today at http://fast-instant-cash.net"
ham,"Hi everyone, Let me know if 3:00 PM works for a quick 15-minute sync on the marketing campaign. Cheers, Emma"
ham,"Hey Sarah, I reviewed your code changes and left a couple of minor comments on GitHub. Thanks, Mia"
ham,"Hello Team, The deployment to staging completed without any errors. Ready for QA testing. Cheers, Lucas"
spam,"Urgent Alert: Suspicious transaction of $899.00 detected on your Amazon account. If this was not you, call fraud prevention immediately at 1-888-234-5678."
ham,"Good morning David, Your library books are due back in 3 days. Renew online if you need more time. Best regards, Ava"
spam,Account Notification: Your Apple ID has been locked for security reasons. Click here to verify your identity. Click here immediately: http://promo-reward-portal.com
ham,"Dear Dr. Miller, I reviewed your code changes and left a couple of minor comments on GitHub. Have a great day, Ava"
spam,"Account Notification: You have been pre-selected for a $25,000 unsecured personal loan at low interest rate. Click here immediately: http://promo-reward-portal.com"
ham,"Hey buddy, Thanks for the coffee catchup earlier! Let's follow up next week regarding the design. Warmly, Lucas"
spam,"Congratulations! You have been selected to receive a $1,000 Walmart Gift Card! Click here to claim your prize now: http://claim-gift-now.com"
ham,"Hi everyone, Your library books are due back in 3 days. Renew online if you need more time. Warmly, Emma"
ham,The server maintenance has been successfully completed. All systems and database instances are fully operational.
ham,"Hi Alex, Your library books are due back in 3 days. Renew online if you need more time. Have a great day, Emma"
spam,Your Netflix subscription has expired. Update your billing credit card details to avoid service termination: http://netflix-account-renewal.com
ham,"Hey Sarah, Can you send me the latest version of the spreadsheet when you get a chance? Warmly, Liam"
ham,"Good afternoon Rachel, The conference room for tomorrow's client presentation has been reserved. Thanks, Ava"
ham,"Hi everyone, The conference room for tomorrow's client presentation has been reserved. Warmly, Liam"
spam,"EXCLUSIVE PROMOTION: Your Apple ID has been locked for security reasons. Click here to verify your identity. Hurry, offer expires in 6 hours! Act now."
ham,"Hello Team, Here is the updated project roadmap following our team discussion yesterday. Thanks, Mia"
ham,"Good afternoon Rachel, Can you send me the latest version of the spreadsheet when you get a chance? Cheers, Noah"
spam,"ACTION REQUIRED: Earn up to $3,000 every week working just 2 hours a day from your phone or laptop. Text WIN to 78900 to enter now. Standard rates apply."
ham,"Hello Team, Here is the updated project roadmap following our team discussion yesterday. Have a great day, Lucas"
ham,"Hi everyone, the office will be closed this coming Friday for the national holiday. Have a wonderful long weekend!"
ham,"Dear Dr. Miller, Here is the updated project roadmap following our team discussion yesterday. Talk soon, Liam"
ham,"Hi Alex, Let me know if 3:00 PM works for a quick 15-minute sync on the marketing campaign. Talk soon, Sophia"
spam,FINAL NOTICE: Your online banking password expires in 24 hours. Log in now to keep your account active. Text WIN to 78900 to enter now. Standard rates apply.
spam,"Get pre-approved for an instant cash loan of up to $50,000 with 0% APR for the first 12 months! Apply online today at http://fast-instant-cash.net"
spam,"Congratulations! You have been selected to receive a $1,000 Walmart Gift Card! Click here to claim your prize now: http://claim-gift-now.com"
ham,"Hi Michael, can you please send me the updated contact information for the vendor? We need to finalize the contract."
spam,HOT SINGLE WOMEN in your area are looking to chat tonight! Click to view verified private profiles: http://meet-singles-now.top
spam,"Work from home and earn $500 to $1,500 daily with no experience required! Flexible hours. Start immediately by clicking here."
ham,"Dear Customer, Please review the attached contract draft and let me know if you have any changes. Talk soon, Liam"
spam,Account Notification: Claim your $500 gift card today by completing this 2-minute survey. Visit http://secure-portal-update.org to update your credentials immediately.
spam,"EXCLUSIVE PROMOTION: Get 10,000 Instagram followers and TikTok likes instantly for only $9.99. Text WIN to 78900 to enter now. Standard rates apply."
ham,"Good morning David, The conference room for tomorrow's client presentation has been reserved. Have a great day, Liam"
spam,ACTION REQUIRED: You won a brand new iPhone 15 Pro! Confirm your shipping address to receive delivery. Download your prize confirmation certificate at http://rewards-winner.net
ham,"Hi Robert, Can you send me the latest version of the spreadsheet when you get a chance? Cheers, James"
ham,"Dear student, your assignment submission for CS 101 has been received and graded. Check the student portal for feedback."
spam,Warning: Your mailbox is 99% full. You will not be able to receive incoming emails. Click here to upgrade mailbox storage for free.
ham,"Thank you for attending our product demo yesterday. As requested, here is the recording link and technical whitepaper."
spam,"Limited Time Offer: Hot discount deals on electronics, smartphones and laptops. Order now while stock lasts. Reply with your full name, phone number, and mailing address to claim."
spam,EXCLUSIVE PROMOTION: Refinance your mortgage today and save hundreds every month. No closing costs! Call toll-free 1-800-555-9122 now to claim before midnight.
ham,"Hi Robert, I will be out of the office next Tuesday for a doctor appointment. Have a great day, Liam"
spam,Warning: Your mailbox is 99% full. You will not be able to receive incoming emails. Click here to upgrade mailbox storage for free.
ham,The pull request for the email validation bug fix has been reviewed and merged into the main branch.
spam,"You're a winner! Hot discount deals on electronics, smartphones and laptops. Order now while stock lasts. Call toll-free 1-800-555-9122 now to claim before midnight."
spam,"Instant Cash Award: Earn up to $3,000 every week working just 2 hours a day from your phone or laptop. Call toll-free 1-800-555-9122 now to claim before midnight."
ham,"Hi everyone, Here is the updated project roadmap following our team discussion yesterday. Best regards, Mia"
ham,"Hi Alex, The conference room for tomorrow's client presentation has been reserved. Talk soon, Liam"
ham,"Good morning David, Here is the updated project roadmap following our team discussion yesterday. Talk soon, Sophia"
ham,"Good afternoon Rachel, Your library books are due back in 3 days. Renew online if you need more time. Warmly, Ava"
ham,"Dear Dr. Miller, Here is the updated project roadmap following our team discussion yesterday. Talk soon, Olivia"
ham,"Hey buddy, Your library books are due back in 3 days. Renew online if you need more time. Cheers, Ava"
ham,"Hey Sarah, Please submit your travel expense reports by the end of the month for reimbursement. Warmly, Emma"
ham,"Hi everyone, The conference room for tomorrow's client presentation has been reserved. Warmly, Olivia"
ham,"Dear Dr. Miller, I will be out of the office next Tuesday for a doctor appointment. Thanks, Olivia"
spam,"ACTION REQUIRED: Earn up to $3,000 every week working just 2 hours a day from your phone or laptop. Call toll-free 1-800-555-9122 now to claim before midnight."
ham,"Hi everyone, the office will be closed this coming Friday for the national holiday. Have a wonderful long weekend!"
ham,"Good morning David, I will be out of the office next Tuesday for a doctor appointment. Talk soon, Daniel"
spam,"EXCLUSIVE PROMOTION: Hot discount deals on electronics, smartphones and laptops. Order now while stock lasts. Click here immediately: http://promo-reward-portal.com"
ham,"Dear Dr. Miller, I reviewed your code changes and left a couple of minor comments on GitHub. Have a great day, Noah"
ham,"Hi Mom, I arrived safely at the hotel. The flight was on time and everything went smoothly. Talk to you tomorrow!"
ham,"Hey buddy, Attached is the agenda for our upcoming quarterly business review. Sincerely, Mia"
ham,"Good morning David, I reviewed your code changes and left a couple of minor comments on GitHub. Thanks, Mia"
spam,URGENT: Your account has been temporarily locked due to suspicious login attempts. Verify your details immediately at http://security-bank-auth.com to restore access.
spam,Exclusive Invitation: Double your cryptocurrency investments in just 48 hours with our automated Bitcoin trading bot! Join VIP club now.
spam,"Work from home and earn $500 to $1,500 daily with no experience required! Flexible hours. Start immediately by clicking here."
ham,"Hi Robert, Your library books are due back in 3 days. Renew online if you need more time. Thanks, Olivia"
ham,Reminder: The weekly engineering team standup will start in 15 minutes in Conference Room B and on Zoom.
spam,"FINAL NOTICE: Urgent: Unrecognized login detected from Moscow, Russia. Secure your account now. Call toll-free 1-800-555-9122 now to claim before midnight."
spam,You're a winner! Your online banking password expires in 24 hours. Log in now to keep your account active. Text WIN to 78900 to enter now. Standard rates apply.
spam,"CONGRATULATIONS! Refinance your mortgage today and save hundreds every month. No closing costs! Reply with your full name, phone number, and mailing address to claim."
ham,"Hi Robert, Here is the updated project roadmap following our team discussion yesterday. Have a great day, James"
ham,"Hi Michael, can you please send me the updated contact information for the vendor? We need to finalize the contract."
ham,"Hi Robert, Thanks for the coffee catchup earlier! Let's follow up next week regarding the design. Best regards, Sophia"
spam,"Instant Cash Award: Hot discount deals on electronics, smartphones and laptops. Order now while stock lasts. Visit http://secure-portal-update.org to update your credentials immediately."
ham,"Hey Sarah, Here is the updated project roadmap following our team discussion yesterday. Warmly, Olivia"
ham,"Hi everyone, Can you send me the latest version of the spreadsheet when you get a chance? Talk soon, James"
ham,The server maintenance has been successfully completed. All systems and database instances are fully operational.
ham,"Hello Team, Please submit your travel expense reports by the end of the month for reimbursement. Talk soon, Lucas"
ham,"Good morning David, Can you send me the latest version of the spreadsheet when you get a chance? Cheers, Daniel"
spam,"You have received 1 new pending wire transfer of $4,500.00. Click here to confirm transaction details and accept funds."
ham,"Hey buddy, The conference room for tomorrow's client presentation has been reserved. Warmly, Olivia"
ham,"Dear Customer, Can you send me the latest version of the spreadsheet when you get a chance? Thanks, Noah"
spam,"Flash Sale! 90% off Designer Watches, Rolex, Omega, Gucci! Limited time clearance stock. Shop now at http://luxury-outlet-deals.shop"
ham,"Hi everyone, I will be out of the office next Tuesday for a doctor appointment. Sincerely, Ava"
spam,"SECURITY NOTICE: Urgent: Unrecognized login detected from Moscow, Russia. Secure your account now. Hurry, offer expires in 6 hours! Act now."
ham,"Hello Team, Let me know if 3:00 PM works for a quick 15-minute sync on the marketing campaign. Warmly, Ava"
ham,"Hi Robert, Thanks for the coffee catchup earlier! Let's follow up next week regarding the design. Best regards, Emma"
spam,"You're a winner! You have been pre-selected for a $25,000 unsecured personal loan at low interest rate. Click here immediately: http://promo-reward-portal.com"
ham,"Hi Robert, Please submit your travel expense reports by the end of the month for reimbursement. Sincerely, Noah"
ham,Your ride with Uber has completed. Total charged: $14.25. View your trip receipt in the app.
spam,"Congratulations! You have been selected to receive a $1,000 Walmart Gift Card! Click here to claim your prize now: http://claim-gift-now.com"
ham,"Dear Customer, I will be out of the office next Tuesday for a doctor appointment. Sincerely, Liam"
spam,"Dear customer, your parcel delivery is on hold due to unpaid customs fee of $2.99. Pay immediately to avoid return to sender: http://parcel-tracking-fees.com"
ham,"Good morning David, Your library books are due back in 3 days. Renew online if you need more time. Best regards, Noah"
ham,"Hello Team, Please submit your travel expense reports by the end of the month for reimbursement. Thanks, Sophia"
ham,"Hey buddy, Please review the attached contract draft and let me know if you have any changes. Cheers, Olivia"
ham,"Dear Customer, Can you send me the latest version of the spreadsheet when you get a chance? Best regards, Lucas"
spam,URGENT ALERT: Claim your $500 gift card today by completing this 2-minute survey. Click here immediately: http://promo-reward-portal.com
ham,"Good morning David, The deployment to staging completed without any errors. Ready for QA testing. Sincerely, Ava"
spam,"Instant Cash Award: Urgent: Unrecognized login detected from Moscow, Russia. Secure your account now. Download your prize confirmation certificate at http://rewards-winner.net"
ham,"Hi Mom, I arrived safely at the hotel. The flight was on time and everything went smoothly. Talk to you tomorrow!"
spam,"You're a winner! Urgent: Unrecognized login detected from Moscow, Russia. Secure your account now. Visit http://secure-portal-update.org to update your credentials immediately."
ham,"Hi Alex, I reviewed your code changes and left a couple of minor comments on GitHub. Sincerely, Lucas"
spam,Account Notification: Refinance your mortgage today and save hundreds every month. No closing costs! Download your prize confirmation certificate at http://rewards-winner.net
spam,"Special Offer: Buy Viagra, Cialis and generic medication online without prescription. Fast discreet worldwide shipping. 80% discount."
spam,WINNER!! As a valued customer you have been chosen to win a £900 prize reward! To claim call 09061701461. Claim code KL341. Valid 12 hours only.
ham,Thanks for sending over the invoice. I have forwarded it to our accounts department for processing.
ham,"Hi Alex, Please review the attached contract draft and let me know if you have any changes. Sincerely, Mia"
spam,Guaranteed Weight Loss! Drop 20 pounds in 2 weeks without diet or exercise. 100% natural miracle supplement. Order now for 70% off!
spam,"Instant Cash Award: Hot discount deals on electronics, smartphones and laptops. Order now while stock lasts. Hurry, offer expires in 6 hours! Act now."
ham,"Good afternoon Rachel, I reviewed your code changes and left a couple of minor comments on GitHub. Cheers, Noah"
ham,"Good afternoon Rachel, Attached is the agenda for our upcoming quarterly business review. Cheers, Ava"
ham,The server maintenance has been successfully completed. All systems and database instances are fully operational.
ham,"Hi Alex, I reviewed your code changes and left a couple of minor comments on GitHub. Best regards, Sophia"
ham,"Hello Team, The conference room for tomorrow's client presentation has been reserved. Talk soon, Noah"
ham,"Dear Customer, The deployment to staging completed without any errors. Ready for QA testing. Sincerely, Olivia"
ham,"Good afternoon Rachel, Thanks for the coffee catchup earlier! Let's follow up next week regarding the design. Talk soon, Liam"
spam,"ACTION REQUIRED: You have been pre-selected for a $25,000 unsecured personal loan at low interest rate. Hurry, offer expires in 6 hours! Act now."
ham,"Hi everyone, Can you send me the latest version of the spreadsheet when you get a chance? Best regards, Liam"
ham,"Hi Robert, Attached is the agenda for our upcoming quarterly business review. Warmly, Ava"
ham,"Dear Dr. Miller, Thanks for the coffee catchup earlier! Let's follow up next week regarding the design. Thanks, Noah"
spam,Guaranteed Weight Loss! Drop 20 pounds in 2 weeks without diet or exercise. 100% natural miracle supplement. Order now for 70% off!
spam,CONGRATULATIONS! Refinance your mortgage today and save hundreds every month. No closing costs! Click here immediately: http://promo-reward-portal.com
ham,"Hey buddy, Thanks for the coffee catchup earlier! Let's follow up next week regarding the design. Thanks, Liam"
ham,"Dear Customer, Attached is the agenda for our upcoming quarterly business review. Have a great day, Emma"
spam,HOT SINGLE WOMEN in your area are looking to chat tonight! Click to view verified private profiles: http://meet-singles-now.top
spam,Instant Cash Award: Claim your $500 gift card today by completing this 2-minute survey. Click here immediately: http://promo-reward-portal.com
ham,"Hey buddy, Can you send me the latest version of the spreadsheet when you get a chance? Sincerely, Lucas"
ham,Thanks for sending over the invoice. I have forwarded it to our accounts department for processing.
ham,"Hey Sarah, I will be out of the office next Tuesday for a doctor appointment. Have a great day, Ava"
ham,"Hey buddy, I reviewed your code changes and left a couple of minor comments on GitHub. Thanks, Sophia"
spam,"ATTENTION: IRS Tax Refund Notification. You have an unclaimed refund of $1,840. Submit your tax identification form at http://irs-tax-refunds-gov.biz"
spam,"Congratulations! You have been selected to receive a $1,000 Walmart Gift Card! Click here to claim your prize now: http://claim-gift-now.com"
ham,"Hey Sarah, The deployment to staging completed without any errors. Ready for QA testing. Best regards, Mia"
ham,"Hi Alex, I reviewed your code changes and left a couple of minor comments on GitHub. Talk soon, Sophia"
ham,"Hey buddy, I reviewed your code changes and left a couple of minor comments on GitHub. Warmly, Daniel"
ham,"Hi Mom, I arrived safely at the hotel. The flight was on time and everything went smoothly. Talk to you tomorrow!"
ham,"Dear Customer, Can you send me the latest version of the spreadsheet when you get a chance? Have a great day, Liam"
spam,"Ref: 4920492. You have won a guaranteed cash prize of $5,000 or a trip to Bahamas! Call 09050000301 to claim today."
ham,"Good morning David, Attached is the agenda for our upcoming quarterly business review. Talk soon, Noah"
ham,"Hi everyone, I will be out of the office next Tuesday for a doctor appointment. Talk soon, Ava"
spam,EXCLUSIVE PROMOTION: You won a brand new iPhone 15 Pro! Confirm your shipping address to receive delivery. Text WIN to 78900 to enter now. Standard rates apply.
spam,"Congratulations! You have been selected to receive a $1,000 Walmart Gift Card! Click here to claim your prize now: http://claim-gift-now.com"
ham,"Hi everyone, I will be out of the office next Tuesday for a doctor appointment. Sincerely, Sophia"
ham,"Good morning David, The conference room for tomorrow's client presentation has been reserved. Cheers, James"
ham,"Good morning David, Let me know if 3:00 PM works for a quick 15-minute sync on the marketing campaign. Talk soon, Noah"
spam,Limited Time Offer: Your Apple ID has been locked for security reasons. Click here to verify your identity. Click here immediately: http://promo-reward-portal.com
ham,"Hi Alex, I reviewed your code changes and left a couple of minor comments on GitHub. Sincerely, Liam"
ham,"Hey Dave, do you have a few minutes this afternoon to help me debug the backend authentication issue?"
ham,"Good afternoon Rachel, Let me know if 3:00 PM works for a quick 15-minute sync on the marketing campaign. Have a great day, Daniel"
ham,"Hey buddy, Your library books are due back in 3 days. Renew online if you need more time. Best regards, Ava"
ham,"Hey Sarah, Attached is the agenda for our upcoming quarterly business review. Have a great day, Sophia"
ham,"Hey Dave, do you have a few minutes this afternoon to help me debug the backend authentication issue?"
ham,Thanks for sending over the invoice. I have forwarded it to our accounts department for processing.
ham,"Hi Alex, Attached is the agenda for our upcoming quarterly business review. Best regards, Ava"
spam,"SECURITY NOTICE: Urgent: Unrecognized login detected from Moscow, Russia. Secure your account now. Click here immediately: http://promo-reward-portal.com"
ham,"Hey buddy, I will be out of the office next Tuesday for a doctor appointment. Best regards, Lucas"
ham,"Hey buddy, Please submit your travel expense reports by the end of the month for reimbursement. Cheers, Mia"
spam,URGENT ALERT: Your Apple ID has been locked for security reasons. Click here to verify your identity. Click here immediately: http://promo-reward-portal.com
ham,"Hi everyone, Attached is the agenda for our upcoming quarterly business review. Best regards, Olivia"
ham,"Hey Sarah, Attached is the agenda for our upcoming quarterly business review. Best regards, Ava"
ham,"Good morning David, Here is the updated project roadmap following our team discussion yesterday. Have a great day, Noah"
ham,"Hi Robert, I will be out of the office next Tuesday for a doctor appointment. Talk soon, James"
ham,"Dear Customer, Your library books are due back in 3 days. Renew online if you need more time. Thanks, Ava"
ham,"Dear Customer, Can you send me the latest version of the spreadsheet when you get a chance? Sincerely, Mia"
spam,"Limited Time Offer: Hot discount deals on electronics, smartphones and laptops. Order now while stock lasts. Download your prize confirmation certificate at http://rewards-winner.net"
ham,"Good morning David, Attached is the agenda for our upcoming quarterly business review. Have a great day, Olivia"
spam,Limited Time Offer: Refinance your mortgage today and save hundreds every month. No closing costs! Visit http://secure-portal-update.org to update your credentials immediately.
spam,Warning: Your mailbox is 99% full. You will not be able to receive incoming emails. Click here to upgrade mailbox storage for free.
ham,"Thank you for attending our product demo yesterday. As requested, here is the recording link and technical whitepaper."
ham,"Hi Alex, I reviewed your code changes and left a couple of minor comments on GitHub. Cheers, Mia"
ham,"Hi Alex, I reviewed your code changes and left a couple of minor comments on GitHub. Thanks, Sophia"
ham,"Hello Team, Can you send me the latest version of the spreadsheet when you get a chance? Thanks, Daniel"
ham,"Hi Alex, The conference room for tomorrow's client presentation has been reserved. Thanks, Emma"
spam,Instant Cash Award: Your Apple ID has been locked for security reasons. Click here to verify your identity. Visit http://secure-portal-update.org to update your credentials immediately.
ham,"Dear Dr. Miller, Here is the updated project roadmap following our team discussion yesterday. Cheers, Emma"
ham,"Hello Team, I reviewed your code changes and left a couple of minor comments on GitHub. Talk soon, James"
spam,FREE entry into our £250 weekly competition just text the word WIN to 80086 NOW. 18+ T&Cs apply.
spam,"Instant Cash Award: Save 75% on health supplements, vitamins and male enhancement pills with free shipping. Hurry, offer expires in 6 hours! Act now."
ham,Thanks for sending over the invoice. I have forwarded it to our accounts department for processing.
ham,"Hey buddy, Here is the updated project roadmap following our team discussion yesterday. Best regards, James"
ham,"Dear Customer, Attached is the agenda for our upcoming quarterly business review. Thanks, James"
ham,"Hey Sarah, Let me know if 3:00 PM works for a quick 15-minute sync on the marketing campaign. Thanks, Liam"
spam,FINAL NOTICE: Your Apple ID has been locked for security reasons. Click here to verify your identity. Call toll-free 1-800-555-9122 now to claim before midnight.
ham,"Good morning Sarah, could you please review the attached slide deck before our client presentation at 2 PM?"
ham,"Hi team, please find attached the meeting notes and action items from today's sprint planning session."
ham,"Good morning David, The conference room for tomorrow's client presentation has been reserved. Warmly, Sophia"
ham,"Hello Team, Please review the attached contract draft and let me know if you have any changes. Warmly, Ava"
spam,"EXCLUSIVE PROMOTION: Get 10,000 Instagram followers and TikTok likes instantly for only $9.99. Hurry, offer expires in 6 hours! Act now."
ham,"Hello Team, The deployment to staging completed without any errors. Ready for QA testing. Sincerely, James"
ham,The pull request for the email validation bug fix has been reviewed and merged into the main branch.
ham,"Dear Customer, Your library books are due back in 3 days. Renew online if you need more time. Best regards, Noah"
ham,"Dear Dr. Miller, Your library books are due back in 3 days. Renew online if you need more time. Sincerely, Ava"
spam,"ATTENTION: IRS Tax Refund Notification. You have an unclaimed refund of $1,840. Submit your tax identification form at http://irs-tax-refunds-gov.biz"
ham,"Hi John, hope you are having a productive week. Just following up on the quarterly budget report we discussed on Monday."
spam,"URGENT ALERT: Earn up to $3,000 every week working just 2 hours a day from your phone or laptop. Text WIN to 78900 to enter now. Standard rates apply."
spam,"You're a winner! Get 10,000 Instagram followers and TikTok likes instantly for only $9.99. Call toll-free 1-800-555-9122 now to claim before midnight."
spam,"Flash Sale! 90% off Designer Watches, Rolex, Omega, Gucci! Limited time clearance stock. Shop now at http://luxury-outlet-deals.shop"
ham,"Hello Team, The conference room for tomorrow's client presentation has been reserved. Warmly, Liam"
ham,Hey! Are we still on for lunch tomorrow around 12:30? Let me know which restaurant you prefer.
ham,"Hi Alex, The conference room for tomorrow's client presentation has been reserved. Warmly, Emma"
spam,WINNER!! As a valued customer you have been chosen to win a £900 prize reward! To claim call 09061701461. Claim code KL341. Valid 12 hours only.
ham,"Dear Customer, I reviewed your code changes and left a couple of minor comments on GitHub. Have a great day, James"
ham,"Hi Alex, I will be out of the office next Tuesday for a doctor appointment. Talk soon, James"
ham,"Good afternoon Rachel, The deployment to staging completed without any errors. Ready for QA testing. Warmly, Lucas"
ham,"Dear Dr. Miller, I will be out of the office next Tuesday for a doctor appointment. Warmly, Ava"
ham,"Hey Mark, happy birthday! Hope you have a fantastic day celebrating with family and friends."
ham,"Hi everyone, I will be out of the office next Tuesday for a doctor appointment. Cheers, Mia"
ham,Reminder: The weekly engineering team standup will start in 15 minutes in Conference Room B and on Zoom.
spam,"Work from home and earn $500 to $1,500 daily with no experience required! Flexible hours. Start immediately by clicking here."
ham,Thanks for sending over the invoice. I have forwarded it to our accounts department for processing.
ham,Thanks for sending over the invoice. I have forwarded it to our accounts department for processing.
ham,"Hey Sarah, The deployment to staging completed without any errors. Ready for QA testing. Warmly, James"
ham,"Dear Customer, Your library books are due back in 3 days. Renew online if you need more time. Sincerely, Mia"
spam,SECURITY NOTICE: Claim your $500 gift card today by completing this 2-minute survey. Call toll-free 1-800-555-9122 now to claim before midnight.
ham,"Good morning David, Please review the attached contract draft and let me know if you have any changes. Warmly, Olivia"
ham,"Dear Dr. Miller, Here is the updated project roadmap following our team discussion yesterday. Talk soon, Emma"
ham,"Dear Customer, Attached is the agenda for our upcoming quarterly business review. Cheers, Olivia"
ham,"Dear Customer, Can you send me the latest version of the spreadsheet when you get a chance? Cheers, Noah"
ham,"Dear Customer, Please submit your travel expense reports by the end of the month for reimbursement. Best regards, Lucas"
spam,Instant Cash Award: Claim your $500 gift card today by completing this 2-minute survey. Text WIN to 78900 to enter now. Standard rates apply.
spam,"FINAL NOTICE: Your Apple ID has been locked for security reasons. Click here to verify your identity. Reply with your full name, phone number, and mailing address to claim."
ham,"Hey Sarah, The conference room for tomorrow's client presentation has been reserved. Warmly, Liam"
ham,"Good morning David, Your library books are due back in 3 days. Renew online if you need more time. Best regards, Emma"
ham,"Hi Alex, Let me know if 3:00 PM works for a quick 15-minute sync on the marketing campaign. Talk soon, Emma"
spam,"Special Offer: Buy Viagra, Cialis and generic medication online without prescription. Fast discreet worldwide shipping. 80% discount."
ham,"Good morning David, I reviewed your code changes and left a couple of minor comments on GitHub. Have a great day, Liam"
ham,"Hi Mom, I arrived safely at the hotel. The flight was on time and everything went smoothly. Talk to you tomorrow!"
spam,"Account Notification: Save 75% on health supplements, vitamins and male enhancement pills with free shipping. Text WIN to 78900 to enter now. Standard rates apply."
ham,"Hi everyone, Attached is the agenda for our upcoming quarterly business review. Sincerely, James"
ham,"Hey Sarah, Attached is the agenda for our upcoming quarterly business review. Best regards, Mia"
ham,"Hi Robert, I will be out of the office next Tuesday for a doctor appointment. Warmly, Noah"
ham,"Hey buddy, Your library books are due back in 3 days. Renew online if you need more time. Talk soon, Sophia"
spam,"ACTION REQUIRED: Refinance your mortgage today and save hundreds every month. No closing costs! Reply with your full name, phone number, and mailing address to claim."
ham,"Dear Customer, Let me know if 3:00 PM works for a quick 15-minute sync on the marketing campaign. Sincerely, Mia"
ham,"Hi Alex, Attached is the agenda for our upcoming quarterly business review. Talk soon, Noah"
spam,"SECURITY NOTICE: Claim your $500 gift card today by completing this 2-minute survey. Hurry, offer expires in 6 hours! Act now."
ham,"Hi everyone, Can you send me the latest version of the spreadsheet when you get a chance? Thanks, Liam"
spam,SECURITY NOTICE: Your online banking password expires in 24 hours. Log in now to keep your account active. Call toll-free 1-800-555-9122 now to claim before midnight.
spam,"Limited Time Offer: Your Apple ID has been locked for security reasons. Click here to verify your identity. Reply with your full name, phone number, and mailing address to claim."
ham,"Dear Customer, Attached is the agenda for our upcoming quarterly business review. Talk soon, James"
ham,"Good afternoon Rachel, Let me know if 3:00 PM works for a quick 15-minute sync on the marketing campaign. Cheers, Noah"
ham,"Good morning David, Can you send me the latest version of the spreadsheet when you get a chance? Warmly, Olivia"
spam,FINAL NOTICE: You have 1 pending Bitcoin payment of 0.35 BTC waiting in your crypto wallet. Download your prize confirmation certificate at http://rewards-winner.net
ham,"Good afternoon Rachel, Your library books are due back in 3 days. Renew online if you need more time. Cheers, Lucas"
ham,"Hi team, please find attached the meeting notes and action items from today's sprint planning session."
ham,"Dear Dr. Miller, Attached is the agenda for our upcoming quarterly business review. Thanks, Mia"
ham,"Hi team, please find attached the meeting notes and action items from today's sprint planning session."
ham,"Hey buddy, The conference room for tomorrow's client presentation has been reserved. Sincerely, James"
spam,"Urgent Alert: Suspicious transaction of $899.00 detected on your Amazon account. If this was not you, call fraud prevention immediately at 1-888-234-5678."
ham,"Hi everyone, the office will be closed this coming Friday for the national holiday. Have a wonderful long weekend!"
ham,"Dear Dr. Miller, Your library books are due back in 3 days. Renew online if you need more time. Best regards, Daniel"
spam,"Limited Time Offer: Save 75% on health supplements, vitamins and male enhancement pills with free shipping. Visit http://secure-portal-update.org to update your credentials immediately."
ham,"Hi everyone, Thanks for the coffee catchup earlier! Let's follow up next week regarding the design. Cheers, Noah"
ham,"Good afternoon Rachel, Please review the attached contract draft and let me know if you have any changes. Sincerely, Liam"
ham,"Hello Team, Here is the updated project roadmap following our team discussion yesterday. Talk soon, Emma"
ham,"Good morning David, The deployment to staging completed without any errors. Ready for QA testing. Cheers, James"
ham,"Dear Customer, Attached is the agenda for our upcoming quarterly business review. Warmly, Daniel"
spam,"You're a winner! Refinance your mortgage today and save hundreds every month. No closing costs! Reply with your full name, phone number, and mailing address to claim."
ham,"Hey Mark, happy birthday! Hope you have a fantastic day celebrating with family and friends."
spam,"ACTION REQUIRED: Get 10,000 Instagram followers and TikTok likes instantly for only $9.99. Text WIN to 78900 to enter now. Standard rates apply."
ham,"Hey buddy, Please review the attached contract draft and let me know if you have any changes. Cheers, Ava"
spam,Your Netflix subscription has expired. Update your billing credit card details to avoid service termination: http://netflix-account-renewal.com
ham,"Good morning Sarah, could you please review the attached slide deck before our client presentation at 2 PM?"
ham,"Hi Alex, I reviewed your code changes and left a couple of minor comments on GitHub. Talk soon, Daniel"
ham,"Hey Sarah, Let me know if 3:00 PM works for a quick 15-minute sync on the marketing campaign. Cheers, Daniel"
ham,"Hi team, please find attached the meeting notes and action items from today's sprint planning session."
ham,"Hi Alex, I reviewed your code changes and left a couple of minor comments on GitHub. Warmly, Daniel"
ham,"Dear Dr. Miller, Your library books are due back in 3 days. Renew online if you need more time. Cheers, James"
ham,"Good afternoon Rachel, Your library books are due back in 3 days. Renew online if you need more time. Talk soon, Liam"
spam,"Urgent Alert: Suspicious transaction of $899.00 detected on your Amazon account. If this was not you, call fraud prevention immediately at 1-888-234-5678."
spam,SECURITY NOTICE: You won a brand new iPhone 15 Pro! Confirm your shipping address to receive delivery. Text WIN to 78900 to enter now. Standard rates apply.
ham,Please find attached your monthly bank statement for the period ending March 31st. Thank you for banking with us.
spam,Final Notice: Your vehicle warranty has expired. Call 1-800-555-0199 immediately to renew coverage before your policy is cancelled.
spam,SECURITY NOTICE: Claim your $500 gift card today by completing this 2-minute survey. Click here immediately: http://promo-reward-portal.com
ham,"Hello Team, The conference room for tomorrow's client presentation has been reserved. Sincerely, Lucas"
ham,"Hey buddy, I reviewed your code changes and left a couple of minor comments on GitHub. Talk soon, Olivia"
spam,You're a winner! Your Apple ID has been locked for security reasons. Click here to verify your identity. Text WIN to 78900 to enter now. Standard rates apply.
ham,"Hey Sarah, I reviewed your code changes and left a couple of minor comments on GitHub. Warmly, Liam"
spam,FINAL NOTICE: Refinance your mortgage today and save hundreds every month. No closing costs! Visit http://secure-portal-update.org to update your credentials immediately.
spam,You're a winner! Refinance your mortgage today and save hundreds every month. No closing costs! Click here immediately: http://promo-reward-portal.com
ham,"Good morning Sarah, could you please review the attached slide deck before our client presentation at 2 PM?"
ham,"Hi team, just a quick reminder to submit your timesheets by 5 PM today for payroll processing."
spam,"URGENT ALERT: Hot discount deals on electronics, smartphones and laptops. Order now while stock lasts. Call toll-free 1-800-555-9122 now to claim before midnight."
ham,"Good morning David, I reviewed your code changes and left a couple of minor comments on GitHub. Warmly, Lucas"
spam,"EXCLUSIVE PROMOTION: Hot discount deals on electronics, smartphones and laptops. Order now while stock lasts. Hurry, offer expires in 6 hours! Act now."
spam,WINNER!! As a valued customer you have been chosen to win a £900 prize reward! To claim call 09061701461. Claim code KL341. Valid 12 hours only.
spam,Final Notice: Your vehicle warranty has expired. Call 1-800-555-0199 immediately to renew coverage before your policy is cancelled.
ham,Please find attached your monthly bank statement for the period ending March 31st. Thank you for banking with us.
ham,"Hey Sarah, Please submit your travel expense reports by the end of the month for reimbursement. Warmly, Ava"
spam,"Dear customer, your parcel delivery is on hold due to unpaid customs fee of $2.99. Pay immediately to avoid return to sender: http://parcel-tracking-fees.com"
spam,URGENT: Your account has been temporarily locked due to suspicious login attempts. Verify your details immediately at http://security-bank-auth.com to restore access.
ham,"Hey buddy, I reviewed your code changes and left a couple of minor comments on GitHub. Talk soon, Mia"
ham,"Hey buddy, I will be out of the office next Tuesday for a doctor appointment. Warmly, Ava"
spam,Exclusive Invitation: Double your cryptocurrency investments in just 48 hours with our automated Bitcoin trading bot! Join VIP club now.
spam,Final Notice: Your vehicle warranty has expired. Call 1-800-555-0199 immediately to renew coverage before your policy is cancelled.
ham,"Hi Robert, The conference room for tomorrow's client presentation has been reserved. Talk soon, Sophia"
spam,"You have received 1 new pending wire transfer of $4,500.00. Click here to confirm transaction details and accept funds."
ham,"Dear Dr. Miller, Thanks for the coffee catchup earlier! Let's follow up next week regarding the design. Talk soon, Sophia"
ham,"Dear Customer, Please submit your travel expense reports by the end of the month for reimbursement. Best regards, Noah"
ham,"Hi Alex, The conference room for tomorrow's client presentation has been reserved. Have a great day, Emma"
spam,Your Netflix subscription has expired. Update your billing credit card details to avoid service termination: http://netflix-account-renewal.com
ham,"Hi Alex, The conference room for tomorrow's client presentation has been reserved. Thanks, Olivia"
ham,Reminder: The weekly engineering team standup will start in 15 minutes in Conference Room B and on Zoom.
ham,"Hi Robert, Can you send me the latest version of the spreadsheet when you get a chance? Talk soon, Daniel"
ham,"Dear student, your assignment submission for CS 101 has been received and graded. Check the student portal for feedback."
spam,WINNER!! As a valued customer you have been chosen to win a £900 prize reward! To claim call 09061701461. Claim code KL341. Valid 12 hours only.
ham,"Hi Alex, Let me know if 3:00 PM works for a quick 15-minute sync on the marketing campaign. Talk soon, Emma"
ham,"Hi John, hope you are having a productive week. Just following up on the quarterly budget report we discussed on Monday."
ham,"Dear patient, this is a friendly reminder of your upcoming dental appointment scheduled for Thursday at 10:00 AM."
ham,"Hi everyone, Thanks for the coffee catchup earlier! Let's follow up next week regarding the design. Best regards, James"
spam,"Limited Time Offer: Get 10,000 Instagram followers and TikTok likes instantly for only $9.99. Hurry, offer expires in 6 hours! Act now."
ham,"Good morning David, I reviewed your code changes and left a couple of minor comments on GitHub. Warmly, James"
spam,Instant Cash Award: Your online banking password expires in 24 hours. Log in now to keep your account active. Download your prize confirmation certificate at http://rewards-winner.net
spam,"URGENT ALERT: Hot discount deals on electronics, smartphones and laptops. Order now while stock lasts. Text WIN to 78900 to enter now. Standard rates apply."
ham,"Hi Alex, The deployment to staging completed without any errors. Ready for QA testing. Thanks, Daniel"
spam,"Account Notification: Get 10,000 Instagram followers and TikTok likes instantly for only $9.99. Click here immediately: http://promo-reward-portal.com"
ham,"Hi Alex, Can you send me the latest version of the spreadsheet when you get a chance? Sincerely, Daniel"
ham,"Hello Team, Let me know if 3:00 PM works for a quick 15-minute sync on the marketing campaign. Warmly, Mia"
ham,"Hey Sarah, Please submit your travel expense reports by the end of the month for reimbursement. Thanks, Mia"
ham,"Dear Dr. Miller, Attached is the agenda for our upcoming quarterly business review. Warmly, Mia"
spam,"ATTENTION: IRS Tax Refund Notification. You have an unclaimed refund of $1,840. Submit your tax identification form at http://irs-tax-refunds-gov.biz"
spam,SECURITY NOTICE: Your Apple ID has been locked for security reasons. Click here to verify your identity. Click here immediately: http://promo-reward-portal.com
ham,"Hey buddy, Attached is the agenda for our upcoming quarterly business review. Best regards, Noah"
ham,"Good afternoon Rachel, Attached is the agenda for our upcoming quarterly business review. Have a great day, Noah"
ham,"Hey Dave, do you have a few minutes this afternoon to help me debug the backend authentication issue?"
ham,"Hi Alex, The deployment to staging completed without any errors. Ready for QA testing. Best regards, Mia"
ham,"Dear Customer, Please review the attached contract draft and let me know if you have any changes. Thanks, Olivia"
ham,"Dear Dr. Miller, I reviewed your code changes and left a couple of minor comments on GitHub. Talk soon, Liam"
spam,"Dear Winner, You have inherited $8.5 Million USD from a deceased relative. Reply with your passport and bank info to start transfer process."
ham,"Hi Alex, The conference room for tomorrow's client presentation has been reserved. Sincerely, James"
ham,"Good afternoon Rachel, Here is the updated project roadmap following our team discussion yesterday. Best regards, Lucas"
spam,"Urgent Alert: Suspicious transaction of $899.00 detected on your Amazon account. If this was not you, call fraud prevention immediately at 1-888-234-5678."
ham,"Hi everyone, Your library books are due back in 3 days. Renew online if you need more time. Cheers, Sophia"
spam,"ACTION REQUIRED: Your Apple ID has been locked for security reasons. Click here to verify your identity. Hurry, offer expires in 6 hours! Act now."
spam,FREE entry into our £250 weekly competition just text the word WIN to 80086 NOW. 18+ T&Cs apply.
ham,"Hi everyone, Attached is the agenda for our upcoming quarterly business review. Have a great day, Daniel"
ham,"Hi Michael, can you please send me the updated contact information for the vendor? We need to finalize the contract."
ham,"Hello Team, Please submit your travel expense reports by the end of the month for reimbursement. Sincerely, Lucas"
ham,"Dear Dr. Miller, Here is the updated project roadmap following our team discussion yesterday. Sincerely, Liam"
ham,"Good afternoon Rachel, Please review the attached contract draft and let me know if you have any changes. Warmly, Noah"
spam,HOT SINGLE WOMEN in your area are looking to chat tonight! Click to view verified private profiles: http://meet-singles-now.top
ham,"Dear Customer, I reviewed your code changes and left a couple of minor comments on GitHub. Thanks, Sophia"
spam,"ACTION REQUIRED: Hot discount deals on electronics, smartphones and laptops. Order now while stock lasts. Call toll-free 1-800-555-9122 now to claim before midnight."
ham,"Hi Alex, Your library books are due back in 3 days. Renew online if you need more time. Thanks, Liam"
ham,"Hi Robert, Your library books are due back in 3 days. Renew online if you need more time. Have a great day, Olivia"
ham,"Hey Sarah, Attached is the agenda for our upcoming quarterly business review. Sincerely, Mia"
spam,EXCLUSIVE PROMOTION: You won a brand new iPhone 15 Pro! Confirm your shipping address to receive delivery. Call toll-free 1-800-555-9122 now to claim before midnight.
ham,"Hi everyone, Please review the attached contract draft and let me know if you have any changes. Best regards, Olivia"
ham,"Dear Customer, I will be out of the office next Tuesday for a doctor appointment. Best regards, Sophia"
spam,"ACTION REQUIRED: Urgent: Unrecognized login detected from Moscow, Russia. Secure your account now. Visit http://secure-portal-update.org to update your credentials immediately."
ham,"Hi Robert, Can you send me the latest version of the spreadsheet when you get a chance? Have a great day, James"
spam,Account Notification: Refinance your mortgage today and save hundreds every month. No closing costs! Text WIN to 78900 to enter now. Standard rates apply.
spam,Your Netflix subscription has expired. Update your billing credit card details to avoid service termination: http://netflix-account-renewal.com
spam,"Instant Cash Award: Urgent: Unrecognized login detected from Moscow, Russia. Secure your account now. Text WIN to 78900 to enter now. Standard rates apply."
ham,"Hey Dave, do you have a few minutes this afternoon to help me debug the backend authentication issue?"
ham,"Hi team, please find attached the meeting notes and action items from today's sprint planning session."
ham,"Good morning David, Here is the updated project roadmap following our team discussion yesterday. Warmly, Noah"
spam,Instant Cash Award: Your Apple ID has been locked for security reasons. Click here to verify your identity. Call toll-free 1-800-555-9122 now to claim before midnight.
ham,"Hi Alex, Thanks for the coffee catchup earlier! Let's follow up next week regarding the design. Cheers, Emma"
ham,"Hi everyone, Here is the updated project roadmap following our team discussion yesterday. Have a great day, Sophia"
ham,"Good afternoon Rachel, The conference room for tomorrow's client presentation has been reserved. Cheers, Emma"
spam,"CONGRATULATIONS! Get 10,000 Instagram followers and TikTok likes instantly for only $9.99. Click here immediately: http://promo-reward-portal.com"
ham,"Dear Customer, I reviewed your code changes and left a couple of minor comments on GitHub. Thanks, Emma"
ham,"Dear Customer, Can you send me the latest version of the spreadsheet when you get a chance? Best regards, Mia"
ham,Reminder: The weekly engineering team standup will start in 15 minutes in Conference Room B and on Zoom.
ham,"Hi Alex, I will be out of the office next Tuesday for a doctor appointment. Thanks, Lucas"
ham,Thanks for sending over the invoice. I have forwarded it to our accounts department for processing.
ham,"Hello Team, The deployment to staging completed without any errors. Ready for QA testing. Have a great day, Emma"
spam,"ACTION REQUIRED: Save 75% on health supplements, vitamins and male enhancement pills with free shipping. Reply with your full name, phone number, and mailing address to claim."
spam,"You have received 1 new pending wire transfer of $4,500.00. Click here to confirm transaction details and accept funds."
ham,"Hi everyone, The conference room for tomorrow's client presentation has been reserved. Talk soon, Noah"
ham,Your ride with Uber has completed. Total charged: $14.25. View your trip receipt in the app.
ham,Hey! Are we still on for lunch tomorrow around 12:30? Let me know which restaurant you prefer.
ham,"Good morning David, Let me know if 3:00 PM works for a quick 15-minute sync on the marketing campaign. Best regards, James"
ham,"Hello Team, I will be out of the office next Tuesday for a doctor appointment. Cheers, Liam"
spam,WINNER!! As a valued customer you have been chosen to win a £900 prize reward! To claim call 09061701461. Claim code KL341. Valid 12 hours only.
ham,"Hi Robert, Thanks for the coffee catchup earlier! Let's follow up next week regarding the design. Warmly, Liam"
spam,"CONGRATULATIONS! You won a brand new iPhone 15 Pro! Confirm your shipping address to receive delivery. Hurry, offer expires in 6 hours! Act now."
spam,"You're a winner! Get 10,000 Instagram followers and TikTok likes instantly for only $9.99. Hurry, offer expires in 6 hours! Act now."
ham,"Dear patient, this is a friendly reminder of your upcoming dental appointment scheduled for Thursday at 10:00 AM."
spam,"ATTENTION: IRS Tax Refund Notification. You have an unclaimed refund of $1,840. Submit your tax identification form at http://irs-tax-refunds-gov.biz"
ham,Your ride with Uber has completed. Total charged: $14.25. View your trip receipt in the app.
spam,"CONGRATULATIONS! Save 75% on health supplements, vitamins and male enhancement pills with free shipping. Click here immediately: http://promo-reward-portal.com"
ham,"Dear Dr. Miller, Can you send me the latest version of the spreadsheet when you get a chance? Thanks, Emma"
spam,Exclusive Invitation: Double your cryptocurrency investments in just 48 hours with our automated Bitcoin trading bot! Join VIP club now.
ham,"Hey Sarah, I reviewed your code changes and left a couple of minor comments on GitHub. Have a great day, Mia"
ham,"Hey Sarah, Please submit your travel expense reports by the end of the month for reimbursement. Warmly, Sophia"
ham,"Dear Dr. Miller, Can you send me the latest version of the spreadsheet when you get a chance? Best regards, James"
ham,"Dear Dr. Miller, Your library books are due back in 3 days. Renew online if you need more time. Thanks, Lucas"
spam,Your Netflix subscription has expired. Update your billing credit card details to avoid service termination: http://netflix-account-renewal.com
ham,"Hi everyone, Please review the attached contract draft and let me know if you have any changes. Talk soon, Mia"
ham,"Hey Sarah, I will be out of the office next Tuesday for a doctor appointment. Sincerely, Lucas"
ham,"Hi Robert, Here is the updated project roadmap following our team discussion yesterday. Have a great day, Daniel"
ham,"Hey Sarah, Let me know if 3:00 PM works for a quick 15-minute sync on the marketing campaign. Best regards, Emma"
spam,"You're a winner! Earn up to $3,000 every week working just 2 hours a day from your phone or laptop. Hurry, offer expires in 6 hours! Act now."
spam,Exclusive Invitation: Double your cryptocurrency investments in just 48 hours with our automated Bitcoin trading bot! Join VIP club now.
ham,"Hi Robert, The conference room for tomorrow's client presentation has been reserved. Cheers, Sophia"
spam,"EXCLUSIVE PROMOTION: Get 10,000 Instagram followers and TikTok likes instantly for only $9.99. Text WIN to 78900 to enter now. Standard rates apply."
ham,"Dear Customer, Attached is the agenda for our upcoming quarterly business review. Warmly, Emma"
ham,"Hi Robert, Here is the updated project roadmap following our team discussion yesterday. Best regards, Noah"
spam,"Account Notification: Save 75% on health supplements, vitamins and male enhancement pills with free shipping. Call toll-free 1-800-555-9122 now to claim before midnight."
spam,CONGRATULATIONS! Refinance your mortgage today and save hundreds every month. No closing costs! Visit http://secure-portal-update.org to update your credentials immediately.
spam,"You have received 1 new pending wire transfer of $4,500.00. Click here to confirm transaction details and accept funds."
ham,"Thank you for attending our product demo yesterday. As requested, here is the recording link and technical whitepaper."
ham,"Dear student, your assignment submission for CS 101 has been received and graded. Check the student portal for feedback."
ham,"Hey buddy, The conference room for tomorrow's client presentation has been reserved. Warmly, James"
ham,"Hi Alex, Thanks for the coffee catchup earlier! Let's follow up next week regarding the design. Talk soon, Lucas"
spam,WINNER!! As a valued customer you have been chosen to win a £900 prize reward! To claim call 09061701461. Claim code KL341. Valid 12 hours only.
ham,"Hi everyone, the office will be closed this coming Friday for the national holiday. Have a wonderful long weekend!"
ham,"Hey Sarah, The conference room for tomorrow's client presentation has been reserved. Best regards, Emma"
ham,"Hi everyone, Please review the attached contract draft and let me know if you have any changes. Thanks, Mia"
ham,"Hi Robert, Attached is the agenda for our upcoming quarterly business review. Best regards, Sophia"
ham,Hey! Are we still on for lunch tomorrow around 12:30? Let me know which restaurant you prefer.
ham,The pull request for the email validation bug fix has been reviewed and merged into the main branch.
ham,"Good afternoon Rachel, Can you send me the latest version of the spreadsheet when you get a chance? Sincerely, Ava"
ham,"Hi everyone, the office will be closed this coming Friday for the national holiday. Have a wonderful long weekend!"
ham,"Hey Sarah, I reviewed your code changes and left a couple of minor comments on GitHub. Sincerely, Daniel"
ham,"Good morning David, The conference room for tomorrow's client presentation has been reserved. Have a great day, Ava"
spam,"Dear customer, your parcel delivery is on hold due to unpaid customs fee of $2.99. Pay immediately to avoid return to sender: http://parcel-tracking-fees.com"
spam,"ATTENTION: IRS Tax Refund Notification. You have an unclaimed refund of $1,840. Submit your tax identification form at http://irs-tax-refunds-gov.biz"
spam,Limited Time Offer: Your Apple ID has been locked for security reasons. Click here to verify your identity. Visit http://secure-portal-update.org to update your credentials immediately.
ham,"Hi Alex, The deployment to staging completed without any errors. Ready for QA testing. Warmly, Sophia"
spam,"Account Notification: Get 10,000 Instagram followers and TikTok likes instantly for only $9.99. Download your prize confirmation certificate at http://rewards-winner.net"
ham,"Hi everyone, the office will be closed this coming Friday for the national holiday. Have a wonderful long weekend!"
ham,"Hi Robert, I reviewed your code changes and left a couple of minor comments on GitHub. Sincerely, Mia"
ham,"Dear Dr. Miller, The deployment to staging completed without any errors. Ready for QA testing. Best regards, Olivia"
ham,"Dear Dr. Miller, I will be out of the office next Tuesday for a doctor appointment. Sincerely, Mia"
spam,Warning: Your mailbox is 99% full. You will not be able to receive incoming emails. Click here to upgrade mailbox storage for free.
ham,"Good afternoon Rachel, I reviewed your code changes and left a couple of minor comments on GitHub. Sincerely, Daniel"
ham,"Hi everyone, the office will be closed this coming Friday for the national holiday. Have a wonderful long weekend!"
ham,"Dear Dr. Miller, I will be out of the office next Tuesday for a doctor appointment. Warmly, Mia"
spam,FREE entry into our £250 weekly competition just text the word WIN to 80086 NOW. 18+ T&Cs apply.
ham,"Good afternoon Rachel, Please submit your travel expense reports by the end of the month for reimbursement. Sincerely, Emma"
spam,FREE entry into our £250 weekly competition just text the word WIN to 80086 NOW. 18+ T&Cs apply.
spam,ACTION REQUIRED: Claim your $500 gift card today by completing this 2-minute survey. Call toll-free 1-800-555-9122 now to claim before midnight.
spam,"ATTENTION: IRS Tax Refund Notification. You have an unclaimed refund of $1,840. Submit your tax identification form at http://irs-tax-refunds-gov.biz"
ham,"Dear Customer, The conference room for tomorrow's client presentation has been reserved. Best regards, Olivia"
ham,"Hi Alex, I will be out of the office next Tuesday for a doctor appointment. Talk soon, James"
ham,"Good morning Sarah, could you please review the attached slide deck before our client presentation at 2 PM?"
spam,"FINAL NOTICE: Earn up to $3,000 every week working just 2 hours a day from your phone or laptop. Call toll-free 1-800-555-9122 now to claim before midnight."
spam,"CONGRATULATIONS! Get 10,000 Instagram followers and TikTok likes instantly for only $9.99. Hurry, offer expires in 6 hours! Act now."
spam,ACTION REQUIRED: You won a brand new iPhone 15 Pro! Confirm your shipping address to receive delivery. Click here immediately: http://promo-reward-portal.com
ham,"Hi Alex, I will be out of the office next Tuesday for a doctor appointment. Thanks, Emma"
ham,"Hey buddy, Thanks for the coffee catchup earlier! Let's follow up next week regarding the design. Sincerely, Noah"
ham,"Hey buddy, The conference room for tomorrow's client presentation has been reserved. Thanks, Lucas"
spam,HOT SINGLE WOMEN in your area are looking to chat tonight! Click to view verified private profiles: http://meet-singles-now.top
spam,"FINAL NOTICE: Urgent: Unrecognized login detected from Moscow, Russia. Secure your account now. Visit http://secure-portal-update.org to update your credentials immediately."
spam,"Dear Winner, You have inherited $8.5 Million USD from a deceased relative. Reply with your passport and bank info to start transfer process."
ham,"Hi Robert, The conference room for tomorrow's client presentation has been reserved. Warmly, Mia"
ham,"Hi Robert, Please submit your travel expense reports by the end of the month for reimbursement. Thanks, Ava"
ham,"Good morning David, I will be out of the office next Tuesday for a doctor appointment. Best regards, Emma"
spam,"ACTION REQUIRED: Hot discount deals on electronics, smartphones and laptops. Order now while stock lasts. Click here immediately: http://promo-reward-portal.com"
ham,"Dear patient, this is a friendly reminder of your upcoming dental appointment scheduled for Thursday at 10:00 AM."
ham,"Hi team, please find attached the meeting notes and action items from today's sprint planning session."
spam,"You're a winner! Your online banking password expires in 24 hours. Log in now to keep your account active. Reply with your full name, phone number, and mailing address to claim."
spam,"ACTION REQUIRED: Get 10,000 Instagram followers and TikTok likes instantly for only $9.99. Download your prize confirmation certificate at http://rewards-winner.net"
ham,"Hello Team, Please submit your travel expense reports by the end of the month for reimbursement. Sincerely, Lucas"
spam,FINAL NOTICE: Your Apple ID has been locked for security reasons. Click here to verify your identity. Text WIN to 78900 to enter now. Standard rates apply.
spam,"Dear customer, your parcel delivery is on hold due to unpaid customs fee of $2.99. Pay immediately to avoid return to sender: http://parcel-tracking-fees.com"
spam,Exclusive Invitation: Double your cryptocurrency investments in just 48 hours with our automated Bitcoin trading bot! Join VIP club now.
ham,The pull request for the email validation bug fix has been reviewed and merged into the main branch.
spam,"Ref: 4920492. You have won a guaranteed cash prize of $5,000 or a trip to Bahamas! Call 09050000301 to claim today."
spam,"Get pre-approved for an instant cash loan of up to $50,000 with 0% APR for the first 12 months! Apply online today at http://fast-instant-cash.net"
ham,"Hey buddy, Please submit your travel expense reports by the end of the month for reimbursement. Talk soon, Sophia"
spam,You're a winner! Refinance your mortgage today and save hundreds every month. No closing costs! Visit http://secure-portal-update.org to update your credentials immediately.
ham,"Dear student, your assignment submission for CS 101 has been received and graded. Check the student portal for feedback."
spam,"EXCLUSIVE PROMOTION: Get 10,000 Instagram followers and TikTok likes instantly for only $9.99. Visit http://secure-portal-update.org to update your credentials immediately."
spam,"SECURITY NOTICE: Save 75% on health supplements, vitamins and male enhancement pills with free shipping. Hurry, offer expires in 6 hours! Act now."
ham,"Hey buddy, Please review the attached contract draft and let me know if you have any changes. Thanks, Emma"
spam,Limited Time Offer: You have 1 pending Bitcoin payment of 0.35 BTC waiting in your crypto wallet. Visit http://secure-portal-update.org to update your credentials immediately.
ham,"Hi team, please find attached the meeting notes and action items from today's sprint planning session."
ham,"Good afternoon Rachel, I reviewed your code changes and left a couple of minor comments on GitHub. Have a great day, Daniel"
ham,"Dear Customer, The conference room for tomorrow's client presentation has been reserved. Warmly, Lucas"
spam,"Ref: 4920492. You have won a guaranteed cash prize of $5,000 or a trip to Bahamas! Call 09050000301 to claim today."
spam,"Work from home and earn $500 to $1,500 daily with no experience required! Flexible hours. Start immediately by clicking here."
ham,"Dear Dr. Miller, The conference room for tomorrow's client presentation has been reserved. Cheers, Noah"
ham,"Hi Alex, Thanks for the coffee catchup earlier! Let's follow up next week regarding the design. Warmly, James"
ham,"Dear Dr. Miller, The conference room for tomorrow's client presentation has been reserved. Thanks, Emma"
spam,"FINAL NOTICE: You have been pre-selected for a $25,000 unsecured personal loan at low interest rate. Hurry, offer expires in 6 hours! Act now."
ham,"Hey Dave, do you have a few minutes this afternoon to help me debug the backend authentication issue?"
ham,"Hi Robert, Here is the updated project roadmap following our team discussion yesterday. Have a great day, Daniel"
spam,Account Notification: You won a brand new iPhone 15 Pro! Confirm your shipping address to receive delivery. Download your prize confirmation certificate at http://rewards-winner.net
ham,"Dear Dr. Miller, Please review the attached contract draft and let me know if you have any changes. Cheers, Olivia"
ham,"Good afternoon Rachel, Please review the attached contract draft and let me know if you have any changes. Sincerely, Lucas"
ham,"Hi everyone, Attached is the agenda for our upcoming quarterly business review. Warmly, Mia"
spam,Instant Cash Award: Your online banking password expires in 24 hours. Log in now to keep your account active. Click here immediately: http://promo-reward-portal.com
ham,"Hi Robert, I will be out of the office next Tuesday for a doctor appointment. Talk soon, James"
spam,"You're a winner! You have been pre-selected for a $25,000 unsecured personal loan at low interest rate. Download your prize confirmation certificate at http://rewards-winner.net"
ham,"Hey buddy, Let me know if 3:00 PM works for a quick 15-minute sync on the marketing campaign. Best regards, Lucas"
spam,Limited Time Offer: Claim your $500 gift card today by completing this 2-minute survey. Visit http://secure-portal-update.org to update your credentials immediately.
ham,"Dear Customer, Attached is the agenda for our upcoming quarterly business review. Warmly, Ava"
spam,"You're a winner! Earn up to $3,000 every week working just 2 hours a day from your phone or laptop. Reply with your full name, phone number, and mailing address to claim."
ham,"Hey buddy, Your library books are due back in 3 days. Renew online if you need more time. Talk soon, Daniel"
ham,"Hello Team, I reviewed your code changes and left a couple of minor comments on GitHub. Cheers, Emma"
ham,The pull request for the email validation bug fix has been reviewed and merged into the main branch.
ham,"Dear Customer, Please submit your travel expense reports by the end of the month for reimbursement. Talk soon, Lucas"
ham,"Good morning David, Here is the updated project roadmap following our team discussion yesterday. Thanks, Mia"
ham,"Dear patient, this is a friendly reminder of your upcoming dental appointment scheduled for Thursday at 10:00 AM."
ham,"Dear Dr. Miller, I will be out of the office next Tuesday for a doctor appointment. Have a great day, Olivia"
ham,"Hi Robert, Let me know if 3:00 PM works for a quick 15-minute sync on the marketing campaign. Warmly, Mia"
ham,"Hi Alex, Here is the updated project roadmap following our team discussion yesterday. Talk soon, Sophia"
spam,"URGENT ALERT: You have been pre-selected for a $25,000 unsecured personal loan at low interest rate. Call toll-free 1-800-555-9122 now to claim before midnight."
ham,"Hey Sarah, The deployment to staging completed without any errors. Ready for QA testing. Thanks, Lucas"
spam,FREE entry into our £250 weekly competition just text the word WIN to 80086 NOW. 18+ T&Cs apply.
spam,"Work from home and earn $500 to $1,500 daily with no experience required! Flexible hours. Start immediately by clicking here."
ham,"Hi everyone, I reviewed your code changes and left a couple of minor comments on GitHub. Thanks, Daniel"
ham,Please find attached your monthly bank statement for the period ending March 31st. Thank you for banking with us.
ham,"Good morning David, Let me know if 3:00 PM works for a quick 15-minute sync on the marketing campaign. Sincerely, Noah"
ham,"Dear Dr. Miller, Your library books are due back in 3 days. Renew online if you need more time. Best regards, Ava"
spam,You're a winner! Your Apple ID has been locked for security reasons. Click here to verify your identity. Text WIN to 78900 to enter now. Standard rates apply.
ham,"Good afternoon Rachel, The deployment to staging completed without any errors. Ready for QA testing. Cheers, Mia"
ham,"Hey buddy, The conference room for tomorrow's client presentation has been reserved. Talk soon, Daniel"
spam,"Dear customer, your parcel delivery is on hold due to unpaid customs fee of $2.99. Pay immediately to avoid return to sender: http://parcel-tracking-fees.com"
spam,"You're a winner! Your Apple ID has been locked for security reasons. Click here to verify your identity. Hurry, offer expires in 6 hours! Act now."
ham,"Hey buddy, Attached is the agenda for our upcoming quarterly business review. Have a great day, Lucas"
ham,"Hey Sarah, Here is the updated project roadmap following our team discussion yesterday. Best regards, Emma"
ham,The server maintenance has been successfully completed. All systems and database instances are fully operational.
spam,SECURITY NOTICE: Your online banking password expires in 24 hours. Log in now to keep your account active. Call toll-free 1-800-555-9122 now to claim before midnight.
spam,Warning: Your mailbox is 99% full. You will not be able to receive incoming emails. Click here to upgrade mailbox storage for free.
ham,"Good morning David, Please submit your travel expense reports by the end of the month for reimbursement. Sincerely, Noah"
ham,The pull request for the email validation bug fix has been reviewed and merged into the main branch.
ham,"Dear Dr. Miller, Your library books are due back in 3 days. Renew online if you need more time. Thanks, Mia"
spam,ACTION REQUIRED: Refinance your mortgage today and save hundreds every month. No closing costs! Download your prize confirmation certificate at http://rewards-winner.net
ham,"Hi Alex, Attached is the agenda for our upcoming quarterly business review. Thanks, Ava"
ham,"Hey buddy, The conference room for tomorrow's client presentation has been reserved. Cheers, James"
ham,"Hey buddy, I reviewed your code changes and left a couple of minor comments on GitHub. Talk soon, Liam"
ham,"Good morning David, Please review the attached contract draft and let me know if you have any changes. Best regards, Daniel"
spam,Warning: Your mailbox is 99% full. You will not be able to receive incoming emails. Click here to upgrade mailbox storage for free.
spam,"Special Offer: Buy Viagra, Cialis and generic medication online without prescription. Fast discreet worldwide shipping. 80% discount."
ham,"Dear Customer, Thanks for the coffee catchup earlier! Let's follow up next week regarding the design. Sincerely, Noah"
spam,Account Notification: You have 1 pending Bitcoin payment of 0.35 BTC waiting in your crypto wallet. Visit http://secure-portal-update.org to update your credentials immediately.
ham,"Good afternoon Rachel, Please review the attached contract draft and let me know if you have any changes. Thanks, Lucas"
ham,"Hi Alex, Your library books are due back in 3 days. Renew online if you need more time. Sincerely, Olivia"
ham,Please find attached your monthly bank statement for the period ending March 31st. Thank you for banking with us.
ham,Your order #48291 has shipped! You can track your package delivery progress directly through the official carrier website.
ham,"Hey buddy, Your library books are due back in 3 days. Renew online if you need more time. Cheers, Daniel"
ham,"Hey Sarah, Your library books are due back in 3 days. Renew online if you need more time. Have a great day, Olivia"
spam,HOT SINGLE WOMEN in your area are looking to chat tonight! Click to view verified private profiles: http://meet-singles-now.top
ham,"Dear Customer, The conference room for tomorrow's client presentation has been reserved. Talk soon, Sophia"
ham,"Hi Michael, can you please send me the updated contact information for the vendor? We need to finalize the contract."
ham,"Dear Customer, Here is the updated project roadmap following our team discussion yesterday. Thanks, Liam"
spam,ACTION REQUIRED: Refinance your mortgage today and save hundreds every month. No closing costs! Click here immediately: http://promo-reward-portal.com
ham,"Good morning David, Please review the attached contract draft and let me know if you have any changes. Have a great day, Ava"
spam,"CONGRATULATIONS! Hot discount deals on electronics, smartphones and laptops. Order now while stock lasts. Call toll-free 1-800-555-9122 now to claim before midnight."
spam,"Get pre-approved for an instant cash loan of up to $50,000 with 0% APR for the first 12 months! Apply online today at http://fast-instant-cash.net"
ham,"Hey buddy, Thanks for the coffee catchup earlier! Let's follow up next week regarding the design. Sincerely, Daniel"
ham,"Hey Mark, happy birthday! Hope you have a fantastic day celebrating with family and friends."
spam,"SECURITY NOTICE: Hot discount deals on electronics, smartphones and laptops. Order now while stock lasts. Reply with your full name, phone number, and mailing address to claim."
spam,FINAL NOTICE: Claim your $500 gift card today by completing this 2-minute survey. Visit http://secure-portal-update.org to update your credentials immediately.
ham,"Hi everyone, I reviewed your code changes and left a couple of minor comments on GitHub. Warmly, James"
spam,Your Netflix subscription has expired. Update your billing credit card details to avoid service termination: http://netflix-account-renewal.com
ham,"Hi Alex, Can you send me the latest version of the spreadsheet when you get a chance? Sincerely, Ava"
ham,"Hello Team, Attached is the agenda for our upcoming quarterly business review. Best regards, James"
ham,"Good afternoon Rachel, I will be out of the office next Tuesday for a doctor appointment. Warmly, Sophia"
ham,"Hey buddy, Please submit your travel expense reports by the end of the month for reimbursement. Thanks, James"
spam,EXCLUSIVE PROMOTION: Your Apple ID has been locked for security reasons. Click here to verify your identity. Text WIN to 78900 to enter now. Standard rates apply.
spam,"ACTION REQUIRED: You won a brand new iPhone 15 Pro! Confirm your shipping address to receive delivery. Reply with your full name, phone number, and mailing address to claim."
ham,The pull request for the email validation bug fix has been reviewed and merged into the main branch.
ham,"Hey buddy, Your library books are due back in 3 days. Renew online if you need more time. Warmly, James"
ham,"Hi John, hope you are having a productive week. Just following up on the quarterly budget report we discussed on Monday."
ham,"Hi Alex, Your library books are due back in 3 days. Renew online if you need more time. Warmly, Emma"
ham,"Hey Dave, do you have a few minutes this afternoon to help me debug the backend authentication issue?"
spam,Instant Cash Award: Your online banking password expires in 24 hours. Log in now to keep your account active. Text WIN to 78900 to enter now. Standard rates apply.
ham,"Dear Dr. Miller, The deployment to staging completed without any errors. Ready for QA testing. Have a great day, Lucas"
ham,"Dear Dr. Miller, Please review the attached contract draft and let me know if you have any changes. Talk soon, Ava"
ham,Thanks for sending over the invoice. I have forwarded it to our accounts department for processing.
ham,"Hi Robert, Thanks for the coffee catchup earlier! Let's follow up next week regarding the design. Best regards, Sophia"
ham,"Hey Sarah, Thanks for the coffee catchup earlier! Let's follow up next week regarding the design. Cheers, Emma"
ham,"Hi Robert, The deployment to staging completed without any errors. Ready for QA testing. Warmly, James"
ham,"Hello Team, Thanks for the coffee catchup earlier! Let's follow up next week regarding the design. Best regards, Lucas"
ham,"Good morning David, The deployment to staging completed without any errors. Ready for QA testing. Thanks, Lucas"
ham,"Hi Alex, Please submit your travel expense reports by the end of the month for reimbursement. Best regards, Olivia"
ham,"Hey buddy, Can you send me the latest version of the spreadsheet when you get a chance? Best regards, Olivia"
spam,"Account Notification: Claim your $500 gift card today by completing this 2-minute survey. Reply with your full name, phone number, and mailing address to claim."
ham,"Hi everyone, Please review the attached contract draft and let me know if you have any changes. Warmly, Lucas"
ham,"Hi Alex, Can you send me the latest version of the spreadsheet when you get a chance? Cheers, Sophia"
ham,"Dear patient, this is a friendly reminder of your upcoming dental appointment scheduled for Thursday at 10:00 AM."
ham,"Hello Team, Your library books are due back in 3 days. Renew online if you need more time. Cheers, Mia"
ham,"Dear Customer, I will be out of the office next Tuesday for a doctor appointment. Thanks, Mia"
ham,"Hey Sarah, Please review the attached contract draft and let me know if you have any changes. Best regards, Lucas"
spam,"Work from home and earn $500 to $1,500 daily with no experience required! Flexible hours. Start immediately by clicking here."
ham,"Hey Sarah, Let me know if 3:00 PM works for a quick 15-minute sync on the marketing campaign. Thanks, Mia"
ham,"Hey Sarah, Thanks for the coffee catchup earlier! Let's follow up next week regarding the design. Warmly, Liam"
ham,"Hi Alex, I will be out of the office next Tuesday for a doctor appointment. Sincerely, Mia"
spam,Account Notification: Claim your $500 gift card today by completing this 2-minute survey. Text WIN to 78900 to enter now. Standard rates apply.
spam,CONGRATULATIONS! Your online banking password expires in 24 hours. Log in now to keep your account active. Call toll-free 1-800-555-9122 now to claim before midnight.
ham,"Hi Alex, Please review the attached contract draft and let me know if you have any changes. Cheers, Olivia"
spam,"ACTION REQUIRED: You have been pre-selected for a $25,000 unsecured personal loan at low interest rate. Text WIN to 78900 to enter now. Standard rates apply."
spam,"FINAL NOTICE: Save 75% on health supplements, vitamins and male enhancement pills with free shipping. Visit http://secure-portal-update.org to update your credentials immediately."
spam,"You have received 1 new pending wire transfer of $4,500.00. Click here to confirm transaction details and accept funds."
spam,"Dear customer, your parcel delivery is on hold due to unpaid customs fee of $2.99. Pay immediately to avoid return to sender: http://parcel-tracking-fees.com"
ham,"Hey buddy, Let me know if 3:00 PM works for a quick 15-minute sync on the marketing campaign. Cheers, Ava"
ham,"Good morning David, Can you send me the latest version of the spreadsheet when you get a chance? Talk soon, Liam"
ham,"Dear Customer, Can you send me the latest version of the spreadsheet when you get a chance? Cheers, Sophia"
ham,"Dear Dr. Miller, Please review the attached contract draft and let me know if you have any changes. Warmly, Noah"
ham,"Hi Robert, Attached is the agenda for our upcoming quarterly business review. Cheers, James"
ham,"Good morning David, The conference room for tomorrow's client presentation has been reserved. Best regards, Sophia"
ham,The pull request for the email validation bug fix has been reviewed and merged into the main branch.
ham,"Hi everyone, the office will be closed this coming Friday for the national holiday. Have a wonderful long weekend!"
spam,URGENT: Your account has been temporarily locked due to suspicious login attempts. Verify your details immediately at http://security-bank-auth.com to restore access.
ham,Thanks for sending over the invoice. I have forwarded it to our accounts department for processing.
ham,"Dear Dr. Miller, Please review the attached contract draft and let me know if you have any changes. Cheers, Olivia"
ham,"Hi Alex, I will be out of the office next Tuesday for a doctor appointment. Talk soon, Noah"
ham,Your order #48291 has shipped! You can track your package delivery progress directly through the official carrier website.
ham,"Hi everyone, I reviewed your code changes and left a couple of minor comments on GitHub. Thanks, Noah"
ham,"Good morning David, Attached is the agenda for our upcoming quarterly business review. Cheers, Ava"
ham,"Hey Sarah, Attached is the agenda for our upcoming quarterly business review. Talk soon, Lucas"
ham,"Good morning Sarah, could you please review the attached slide deck before our client presentation at 2 PM?"
spam,"CONGRATULATIONS! Get 10,000 Instagram followers and TikTok likes instantly for only $9.99. Reply with your full name, phone number, and mailing address to claim."
ham,"Dear Dr. Miller, Please review the attached contract draft and let me know if you have any changes. Best regards, James"
spam,"You have received 1 new pending wire transfer of $4,500.00. Click here to confirm transaction details and accept funds."
spam,"Get pre-approved for an instant cash loan of up to $50,000 with 0% APR for the first 12 months! Apply online today at http://fast-instant-cash.net"
spam,"You're a winner! Get 10,000 Instagram followers and TikTok likes instantly for only $9.99. Reply with your full name, phone number, and mailing address to claim."
ham,Hey! Are we still on for lunch tomorrow around 12:30? Let me know which restaurant you prefer.
ham,Please find attached your monthly bank statement for the period ending March 31st. Thank you for banking with us.
spam,"Ref: 4920492. You have won a guaranteed cash prize of $5,000 or a trip to Bahamas! Call 09050000301 to claim today."
spam,Account Notification: You have 1 pending Bitcoin payment of 0.35 BTC waiting in your crypto wallet. Download your prize confirmation certificate at http://rewards-winner.net
ham,"Hey Sarah, Please review the attached contract draft and let me know if you have any changes. Talk soon, Emma"
ham,"Hello Team, I will be out of the office next Tuesday for a doctor appointment. Best regards, Daniel"
spam,"Flash Sale! 90% off Designer Watches, Rolex, Omega, Gucci! Limited time clearance stock. Shop now at http://luxury-outlet-deals.shop"
spam,Guaranteed Weight Loss! Drop 20 pounds in 2 weeks without diet or exercise. 100% natural miracle supplement. Order now for 70% off!
ham,"Hey Sarah, Let me know if 3:00 PM works for a quick 15-minute sync on the marketing campaign. Thanks, Lucas"
ham,"Hey Sarah, I reviewed your code changes and left a couple of minor comments on GitHub. Have a great day, Mia"
ham,"Good afternoon Rachel, Here is the updated project roadmap following our team discussion yesterday. Cheers, Lucas"
ham,"Good morning Sarah, could you please review the attached slide deck before our client presentation at 2 PM?"
ham,"Hi Alex, Thanks for the coffee catchup earlier! Let's follow up next week regarding the design. Have a great day, Olivia"
spam,"ACTION REQUIRED: Save 75% on health supplements, vitamins and male enhancement pills with free shipping. Reply with your full name, phone number, and mailing address to claim."
ham,"Good morning David, The conference room for tomorrow's client presentation has been reserved. Warmly, James"
ham,"Hi everyone, Attached is the agenda for our upcoming quarterly business review. Talk soon, Liam"
ham,"Dear Customer, Please submit your travel expense reports by the end of the month for reimbursement. Sincerely, Ava"
ham,Your ride with Uber has completed. Total charged: $14.25. View your trip receipt in the app.
spam,"SECURITY NOTICE: Urgent: Unrecognized login detected from Moscow, Russia. Secure your account now. Text WIN to 78900 to enter now. Standard rates apply."
spam,"Instant Cash Award: You have been pre-selected for a $25,000 unsecured personal loan at low interest rate. Reply with your full name, phone number, and mailing address to claim."
spam,Warning: Your mailbox is 99% full. You will not be able to receive incoming emails. Click here to upgrade mailbox storage for free.
ham,"Good afternoon Rachel, I will be out of the office next Tuesday for a doctor appointment. Thanks, Ava"
spam,Final Notice: Your vehicle warranty has expired. Call 1-800-555-0199 immediately to renew coverage before your policy is cancelled.
ham,"Hey buddy, The deployment to staging completed without any errors. Ready for QA testing. Thanks, Emma"
spam,HOT SINGLE WOMEN in your area are looking to chat tonight! Click to view verified private profiles: http://meet-singles-now.top
ham,"Dear patient, this is a friendly reminder of your upcoming dental appointment scheduled for Thursday at 10:00 AM."
ham,"Good afternoon Rachel, I will be out of the office next Tuesday for a doctor appointment. Warmly, Emma"
spam,Warning: Your mailbox is 99% full. You will not be able to receive incoming emails. Click here to upgrade mailbox storage for free.
spam,"Instant Cash Award: Hot discount deals on electronics, smartphones and laptops. Order now while stock lasts. Text WIN to 78900 to enter now. Standard rates apply."
spam,FREE entry into our £250 weekly competition just text the word WIN to 80086 NOW. 18+ T&Cs apply.
ham,"Good morning David, I reviewed your code changes and left a couple of minor comments on GitHub. Talk soon, Noah"
ham,"Hi Michael, can you please send me the updated contact information for the vendor? We need to finalize the contract."
ham,"Hey Sarah, Let me know if 3:00 PM works for a quick 15-minute sync on the marketing campaign. Thanks, Ava"
ham,"Hi everyone, the office will be closed this coming Friday for the national holiday. Have a wonderful long weekend!"
ham,"Hey Mark, happy birthday! Hope you have a fantastic day celebrating with family and friends."
ham,"Hey Dave, do you have a few minutes this afternoon to help me debug the backend authentication issue?"
ham,"Hi everyone, Here is the updated project roadmap following our team discussion yesterday. Warmly, Daniel"
spam,"Dear Winner, You have inherited $8.5 Million USD from a deceased relative. Reply with your passport and bank info to start transfer process."
ham,"Dear Customer, Please review the attached contract draft and let me know if you have any changes. Sincerely, James"
ham,"Hi team, just a quick reminder to submit your timesheets by 5 PM today for payroll processing."
ham,"Hey Sarah, Please review the attached contract draft and let me know if you have any changes. Sincerely, Daniel"
ham,"Hey buddy, Here is the updated project roadmap following our team discussion yesterday. Warmly, Daniel"
ham,"Dear Dr. Miller, Let me know if 3:00 PM works for a quick 15-minute sync on the marketing campaign. Best regards, Daniel"
spam,ACTION REQUIRED: Refinance your mortgage today and save hundreds every month. No closing costs! Download your prize confirmation certificate at http://rewards-winner.net
ham,"Hey buddy, Your library books are due back in 3 days. Renew online if you need more time. Sincerely, Lucas"
spam,"FINAL NOTICE: Save 75% on health supplements, vitamins and male enhancement pills with free shipping. Text WIN to 78900 to enter now. Standard rates apply."
ham,"Hi everyone, The deployment to staging completed without any errors. Ready for QA testing. Sincerely, Daniel"
ham,"Hey buddy, The conference room for tomorrow's client presentation has been reserved. Thanks, Emma"
spam,"Instant Cash Award: Get 10,000 Instagram followers and TikTok likes instantly for only $9.99. Download your prize confirmation certificate at http://rewards-winner.net"
ham,"Good morning David, Please submit your travel expense reports by the end of the month for reimbursement. Sincerely, James"
ham,"Hi everyone, The conference room for tomorrow's client presentation has been reserved. Cheers, Sophia"
ham,"Hello Team, Please review the attached contract draft and let me know if you have any changes. Warmly, Noah"
ham,Your ride with Uber has completed. Total charged: $14.25. View your trip receipt in the app.
ham,The pull request for the email validation bug fix has been reviewed and merged into the main branch.
spam,"ATTENTION: IRS Tax Refund Notification. You have an unclaimed refund of $1,840. Submit your tax identification form at http://irs-tax-refunds-gov.biz"
spam,FREE entry into our £250 weekly competition just text the word WIN to 80086 NOW. 18+ T&Cs apply.
ham,"Hello Team, Here is the updated project roadmap following our team discussion yesterday. Talk soon, Ava"
ham,"Good morning David, Your library books are due back in 3 days. Renew online if you need more time. Have a great day, Ava"
ham,"Hi everyone, The conference room for tomorrow's client presentation has been reserved. Thanks, Mia"
spam,URGENT ALERT: Your online banking password expires in 24 hours. Log in now to keep your account active. Download your prize confirmation certificate at http://rewards-winner.net
spam,URGENT: Your account has been temporarily locked due to suspicious login attempts. Verify your details immediately at http://security-bank-auth.com to restore access.
ham,"Hi Robert, I reviewed your code changes and left a couple of minor comments on GitHub. Warmly, Noah"
spam,"You're a winner! Save 75% on health supplements, vitamins and male enhancement pills with free shipping. Text WIN to 78900 to enter now. Standard rates apply."
spam,"Work from home and earn $500 to $1,500 daily with no experience required! Flexible hours. Start immediately by clicking here."
ham,"Dear Customer, Here is the updated project roadmap following our team discussion yesterday. Thanks, Lucas"
ham,"Good morning David, I reviewed your code changes and left a couple of minor comments on GitHub. Best regards, James"
spam,"EXCLUSIVE PROMOTION: Save 75% on health supplements, vitamins and male enhancement pills with free shipping. Hurry, offer expires in 6 hours! Act now."
spam,"Account Notification: You have been pre-selected for a $25,000 unsecured personal loan at low interest rate. Click here immediately: http://promo-reward-portal.com"
ham,"Dear Customer, The deployment to staging completed without any errors. Ready for QA testing. Best regards, James"
spam,CONGRATULATIONS! Refinance your mortgage today and save hundreds every month. No closing costs! Download your prize confirmation certificate at http://rewards-winner.net
spam,You're a winner! You won a brand new iPhone 15 Pro! Confirm your shipping address to receive delivery. Download your prize confirmation certificate at http://rewards-winner.net
spam,WINNER!! As a valued customer you have been chosen to win a £900 prize reward! To claim call 09061701461. Claim code KL341. Valid 12 hours only.
ham,"Hi Robert, I will be out of the office next Tuesday for a doctor appointment. Sincerely, Sophia"
spam,"Get pre-approved for an instant cash loan of up to $50,000 with 0% APR for the first 12 months! Apply online today at http://fast-instant-cash.net"
ham,"Good afternoon Rachel, Your library books are due back in 3 days. Renew online if you need more time. Talk soon, Olivia"
ham,"Good afternoon Rachel, Let me know if 3:00 PM works for a quick 15-minute sync on the marketing campaign. Thanks, Noah"
spam,"Work from home and earn $500 to $1,500 daily with no experience required! Flexible hours. Start immediately by clicking here."
spam,"SECURITY NOTICE: Earn up to $3,000 every week working just 2 hours a day from your phone or laptop. Click here immediately: http://promo-reward-portal.com"
ham,"Hey buddy, Your library books are due back in 3 days. Renew online if you need more time. Warmly, Noah"
spam,"URGENT ALERT: Save 75% on health supplements, vitamins and male enhancement pills with free shipping. Call toll-free 1-800-555-9122 now to claim before midnight."
spam,"Urgent Alert: Suspicious transaction of $899.00 detected on your Amazon account. If this was not you, call fraud prevention immediately at 1-888-234-5678."
ham,"Hey Sarah, Please review the attached contract draft and let me know if you have any changes. Sincerely, Noah"
spam,"URGENT ALERT: You won a brand new iPhone 15 Pro! Confirm your shipping address to receive delivery. Reply with your full name, phone number, and mailing address to claim."
ham,"Hi team, please find attached the meeting notes and action items from today's sprint planning session."
spam,"Get pre-approved for an instant cash loan of up to $50,000 with 0% APR for the first 12 months! Apply online today at http://fast-instant-cash.net"
spam,WINNER!! As a valued customer you have been chosen to win a £900 prize reward! To claim call 09061701461. Claim code KL341. Valid 12 hours only.
ham,"Thank you for attending our product demo yesterday. As requested, here is the recording link and technical whitepaper."
spam,"ACTION REQUIRED: Save 75% on health supplements, vitamins and male enhancement pills with free shipping. Visit http://secure-portal-update.org to update your credentials immediately."
spam,"CONGRATULATIONS! Hot discount deals on electronics, smartphones and laptops. Order now while stock lasts. Call toll-free 1-800-555-9122 now to claim before midnight."
spam,Your Netflix subscription has expired. Update your billing credit card details to avoid service termination: http://netflix-account-renewal.com
ham,Your order #48291 has shipped! You can track your package delivery progress directly through the official carrier website.
ham,"Hello Team, Your library books are due back in 3 days. Renew online if you need more time. Best regards, Daniel"
ham,"Hey buddy, Your library books are due back in 3 days. Renew online if you need more time. Warmly, Mia"
spam,"ACTION REQUIRED: Your Apple ID has been locked for security reasons. Click here to verify your identity. Reply with your full name, phone number, and mailing address to claim."
ham,"Dear Dr. Miller, Here is the updated project roadmap following our team discussion yesterday. Talk soon, Ava"
spam,"Special Offer: Buy Viagra, Cialis and generic medication online without prescription. Fast discreet worldwide shipping. 80% discount."
ham,"Dear Dr. Miller, The conference room for tomorrow's client presentation has been reserved. Sincerely, Mia"
ham,"Dear Customer, I will be out of the office next Tuesday for a doctor appointment. Sincerely, Daniel"
ham,"Hi everyone, I will be out of the office next Tuesday for a doctor appointment. Thanks, Noah"
spam,URGENT ALERT: Your online banking password expires in 24 hours. Log in now to keep your account active. Click here immediately: http://promo-reward-portal.com
spam,"Account Notification: Urgent: Unrecognized login detected from Moscow, Russia. Secure your account now. Text WIN to 78900 to enter now. Standard rates apply."
spam,"Work from home and earn $500 to $1,500 daily with no experience required! Flexible hours. Start immediately by clicking here."
spam,"CONGRATULATIONS! Earn up to $3,000 every week working just 2 hours a day from your phone or laptop. Click here immediately: http://promo-reward-portal.com"
ham,"Hi Robert, Here is the updated project roadmap following our team discussion yesterday. Sincerely, Sophia"
spam,URGENT: Your account has been temporarily locked due to suspicious login attempts. Verify your details immediately at http://security-bank-auth.com to restore access.
ham,"Hi Alex, I will be out of the office next Tuesday for a doctor appointment. Warmly, Lucas"
spam,"You have received 1 new pending wire transfer of $4,500.00. Click here to confirm transaction details and accept funds."
ham,"Thank you for attending our product demo yesterday. As requested, here is the recording link and technical whitepaper."
ham,The server maintenance has been successfully completed. All systems and database instances are fully operational.
ham,"Hey buddy, Can you send me the latest version of the spreadsheet when you get a chance? Have a great day, Noah"
ham,"Hi Robert, Please review the attached contract draft and let me know if you have any changes. Sincerely, Olivia"
spam,CONGRATULATIONS! Your Apple ID has been locked for security reasons. Click here to verify your identity. Text WIN to 78900 to enter now. Standard rates apply.
ham,"Hi everyone, Please submit your travel expense reports by the end of the month for reimbursement. Sincerely, Noah"
spam,"Instant Cash Award: Save 75% on health supplements, vitamins and male enhancement pills with free shipping. Hurry, offer expires in 6 hours! Act now."
ham,Your order #48291 has shipped! You can track your package delivery progress directly through the official carrier website.
ham,"Good morning Sarah, could you please review the attached slide deck before our client presentation at 2 PM?"
ham,"Hi everyone, Please review the attached contract draft and let me know if you have any changes. Have a great day, Sophia"
ham,"Hi Robert, Here is the updated project roadmap following our team discussion yesterday. Thanks, James"
ham,"Good morning David, Please submit your travel expense reports by the end of the month for reimbursement. Warmly, Noah"
ham,The pull request for the email validation bug fix has been reviewed and merged into the main branch.
ham,"Hi Michael, can you please send me the updated contact information for the vendor? We need to finalize the contract."
ham,"Hey Sarah, Your library books are due back in 3 days. Renew online if you need more time. Best regards, Olivia"
ham,Your order #48291 has shipped! You can track your package delivery progress directly through the official carrier website.
spam,"Flash Sale! 90% off Designer Watches, Rolex, Omega, Gucci! Limited time clearance stock. Shop now at http://luxury-outlet-deals.shop"
spam,"Flash Sale! 90% off Designer Watches, Rolex, Omega, Gucci! Limited time clearance stock. Shop now at http://luxury-outlet-deals.shop"
ham,"Dear Dr. Miller, Can you send me the latest version of the spreadsheet when you get a chance? Talk soon, Olivia"
ham,"Hey Sarah, I reviewed your code changes and left a couple of minor comments on GitHub. Cheers, Olivia"
ham,"Hey Sarah, The deployment to staging completed without any errors. Ready for QA testing. Thanks, Olivia"
ham,"Dear Dr. Miller, Attached is the agenda for our upcoming quarterly business review. Warmly, Lucas"
ham,"Hi everyone, The deployment to staging completed without any errors. Ready for QA testing. Sincerely, Emma"
spam,You're a winner! You won a brand new iPhone 15 Pro! Confirm your shipping address to receive delivery. Visit http://secure-portal-update.org to update your credentials immediately.
ham,"Dear Customer, Please review the attached contract draft and let me know if you have any changes. Cheers, Lucas"
spam,"FINAL NOTICE: Save 75% on health supplements, vitamins and male enhancement pills with free shipping. Hurry, offer expires in 6 hours! Act now."
ham,Please find attached your monthly bank statement for the period ending March 31st. Thank you for banking with us.
ham,"Hi Alex, The deployment to staging completed without any errors. Ready for QA testing. Sincerely, Lucas"
ham,"Good afternoon Rachel, Thanks for the coffee catchup earlier! Let's follow up next week regarding the design. Talk soon, Ava"
ham,"Dear Customer, I will be out of the office next Tuesday for a doctor appointment. Talk soon, Olivia"
ham,"Hi everyone, The deployment to staging completed without any errors. Ready for QA testing. Talk soon, Sophia"
ham,"Hi Alex, Thanks for the coffee catchup earlier! Let's follow up next week regarding the design. Talk soon, Daniel"
ham,"Hey Sarah, Here is the updated project roadmap following our team discussion yesterday. Have a great day, Daniel"
spam,"Instant Cash Award: Hot discount deals on electronics, smartphones and laptops. Order now while stock lasts. Call toll-free 1-800-555-9122 now to claim before midnight."
ham,"Hello Team, Your library books are due back in 3 days. Renew online if you need more time. Warmly, Ava"
ham,"Dear Customer, Here is the updated project roadmap following our team discussion yesterday. Cheers, Lucas"
ham,"Good morning David, I will be out of the office next Tuesday for a doctor appointment. Thanks, Olivia"
ham,"Dear Customer, I will be out of the office next Tuesday for a doctor appointment. Sincerely, James"
ham,"Dear Dr. Miller, Here is the updated project roadmap following our team discussion yesterday. Warmly, Sophia"
ham,"Dear Customer, Here is the updated project roadmap following our team discussion yesterday. Warmly, Emma"
ham,"Hey Mark, happy birthday! Hope you have a fantastic day celebrating with family and friends."
spam,"ATTENTION: IRS Tax Refund Notification. You have an unclaimed refund of $1,840. Submit your tax identification form at http://irs-tax-refunds-gov.biz"
spam,"Urgent Alert: Suspicious transaction of $899.00 detected on your Amazon account. If this was not you, call fraud prevention immediately at 1-888-234-5678."
ham,"Hi everyone, The deployment to staging completed without any errors. Ready for QA testing. Have a great day, James"
ham,"Hey Sarah, Attached is the agenda for our upcoming quarterly business review. Warmly, Mia"
spam,Final Notice: Your vehicle warranty has expired. Call 1-800-555-0199 immediately to renew coverage before your policy is cancelled.
ham,"Hi Alex, Thanks for the coffee catchup earlier! Let's follow up next week regarding the design. Have a great day, Olivia"
spam,"Instant Cash Award: Get 10,000 Instagram followers and TikTok likes instantly for only $9.99. Visit http://secure-portal-update.org to update your credentials immediately."
spam,"FINAL NOTICE: Refinance your mortgage today and save hundreds every month. No closing costs! Reply with your full name, phone number, and mailing address to claim."
ham,"Hi Alex, Attached is the agenda for our upcoming quarterly business review. Best regards, Emma"
spam,Limited Time Offer: You have 1 pending Bitcoin payment of 0.35 BTC waiting in your crypto wallet. Visit http://secure-portal-update.org to update your credentials immediately.
ham,"Hi Robert, I will be out of the office next Tuesday for a doctor appointment. Warmly, Noah"
ham,Please find attached your monthly bank statement for the period ending March 31st. Thank you for banking with us.
ham,"Good morning David, The conference room for tomorrow's client presentation has been reserved. Warmly, Emma"
ham,"Dear Customer, Please submit your travel expense reports by the end of the month for reimbursement. Cheers, Liam"
ham,"Hi Robert, Your library books are due back in 3 days. Renew online if you need more time. Cheers, Sophia"
ham,"Hi Michael, can you please send me the updated contact information for the vendor? We need to finalize the contract."
spam,"You have received 1 new pending wire transfer of $4,500.00. Click here to confirm transaction details and accept funds."
ham,"Dear student, your assignment submission for CS 101 has been received and graded. Check the student portal for feedback."
ham,"Hi everyone, Thanks for the coffee catchup earlier! Let's follow up next week regarding the design. Have a great day, Liam"
ham,"Hey Dave, do you have a few minutes this afternoon to help me debug the backend authentication issue?"
spam,"Account Notification: Earn up to $3,000 every week working just 2 hours a day from your phone or laptop. Visit http://secure-portal-update.org to update your credentials immediately."
ham,Please find attached your monthly bank statement for the period ending March 31st. Thank you for banking with us.
ham,"Dear Customer, Please submit your travel expense reports by the end of the month for reimbursement. Best regards, James"
spam,"Get pre-approved for an instant cash loan of up to $50,000 with 0% APR for the first 12 months! Apply online today at http://fast-instant-cash.net"
ham,"Dear Dr. Miller, I will be out of the office next Tuesday for a doctor appointment. Best regards, Liam"
ham,"Thank you for attending our product demo yesterday. As requested, here is the recording link and technical whitepaper."
spam,"You're a winner! Get 10,000 Instagram followers and TikTok likes instantly for only $9.99. Visit http://secure-portal-update.org to update your credentials immediately."
ham,"Dear Customer, The conference room for tomorrow's client presentation has been reserved. Have a great day, Ava"
spam,"Limited Time Offer: Urgent: Unrecognized login detected from Moscow, Russia. Secure your account now. Hurry, offer expires in 6 hours! Act now."
ham,"Good afternoon Rachel, Please submit your travel expense reports by the end of the month for reimbursement. Talk soon, Sophia"
spam,"Congratulations! You have been selected to receive a $1,000 Walmart Gift Card! Click here to claim your prize now: http://claim-gift-now.com"
ham,"Hi Robert, Attached is the agenda for our upcoming quarterly business review. Sincerely, Ava"
ham,"Hey buddy, I will be out of the office next Tuesday for a doctor appointment. Have a great day, Lucas"
ham,"Hey buddy, I will be out of the office next Tuesday for a doctor appointment. Best regards, Liam"
ham,"Hey buddy, Your library books are due back in 3 days. Renew online if you need more time. Thanks, James"
ham,"Hi Robert, Your library books are due back in 3 days. Renew online if you need more time. Talk soon, Ava"
ham,"Hi Robert, Attached is the agenda for our upcoming quarterly business review. Best regards, Ava"
ham,"Dear Dr. Miller, I will be out of the office next Tuesday for a doctor appointment. Warmly, Daniel"
ham,Your order #48291 has shipped! You can track your package delivery progress directly through the official carrier website.
ham,"Good morning David, Thanks for the coffee catchup earlier! Let's follow up next week regarding the design. Thanks, James"
ham,"Hey buddy, Can you send me the latest version of the spreadsheet when you get a chance? Talk soon, James"
spam,WINNER!! As a valued customer you have been chosen to win a £900 prize reward! To claim call 09061701461. Claim code KL341. Valid 12 hours only.
ham,"Hi everyone, the office will be closed this coming Friday for the national holiday. Have a wonderful long weekend!"
ham,"Hi Michael, can you please send me the updated contact information for the vendor? We need to finalize the contract."
ham,"Good afternoon Rachel, Thanks for the coffee catchup earlier! Let's follow up next week regarding the design. Talk soon, Daniel"
ham,"Hi John, hope you are having a productive week. Just following up on the quarterly budget report we discussed on Monday."
spam,URGENT: Your account has been temporarily locked due to suspicious login attempts. Verify your details immediately at http://security-bank-auth.com to restore access.
spam,ACTION REQUIRED: You won a brand new iPhone 15 Pro! Confirm your shipping address to receive delivery. Text WIN to 78900 to enter now. Standard rates apply.
spam,"CONGRATULATIONS! Your Apple ID has been locked for security reasons. Click here to verify your identity. Reply with your full name, phone number, and mailing address to claim."
ham,"Dear student, your assignment submission for CS 101 has been received and graded. Check the student portal for feedback."
ham,"Hey buddy, Your library books are due back in 3 days. Renew online if you need more time. Best regards, James"
ham,"Hello Team, I will be out of the office next Tuesday for a doctor appointment. Best regards, Liam"
ham,"Hi Mom, I arrived safely at the hotel. The flight was on time and everything went smoothly. Talk to you tomorrow!"
ham,"Dear Dr. Miller, Attached is the agenda for our upcoming quarterly business review. Have a great day, Sophia"
spam,"Get pre-approved for an instant cash loan of up to $50,000 with 0% APR for the first 12 months! Apply online today at http://fast-instant-cash.net"
ham,"Dear Dr. Miller, The conference room for tomorrow's client presentation has been reserved. Sincerely, Liam"
spam,"Account Notification: Get 10,000 Instagram followers and TikTok likes instantly for only $9.99. Download your prize confirmation certificate at http://rewards-winner.net"
ham,"Hi Alex, Your library books are due back in 3 days. Renew online if you need more time. Cheers, Ava"
ham,"Hey Sarah, Attached is the agenda for our upcoming quarterly business review. Cheers, Daniel"
spam,CONGRATULATIONS! Your online banking password expires in 24 hours. Log in now to keep your account active. Visit http://secure-portal-update.org to update your credentials immediately.
ham,Thanks for sending over the invoice. I have forwarded it to our accounts department for processing.
spam,Your Netflix subscription has expired. Update your billing credit card details to avoid service termination: http://netflix-account-renewal.com
ham,"Hi Robert, Please review the attached contract draft and let me know if you have any changes. Have a great day, Sophia"
ham,"Hey buddy, Let me know if 3:00 PM works for a quick 15-minute sync on the marketing campaign. Thanks, Mia"
spam,You're a winner! Your Apple ID has been locked for security reasons. Click here to verify your identity. Text WIN to 78900 to enter now. Standard rates apply.
spam,"Account Notification: Urgent: Unrecognized login detected from Moscow, Russia. Secure your account now. Visit http://secure-portal-update.org to update your credentials immediately."
spam,"ATTENTION: IRS Tax Refund Notification. You have an unclaimed refund of $1,840. Submit your tax identification form at http://irs-tax-refunds-gov.biz"
ham,"Good morning David, Attached is the agenda for our upcoming quarterly business review. Best regards, Olivia"
ham,"Dear Customer, Let me know if 3:00 PM works for a quick 15-minute sync on the marketing campaign. Cheers, Mia"
spam,"Congratulations! You have been selected to receive a $1,000 Walmart Gift Card! Click here to claim your prize now: http://claim-gift-now.com"
ham,"Good morning David, Your library books are due back in 3 days. Renew online if you need more time. Sincerely, Olivia"
spam,"ACTION REQUIRED: Urgent: Unrecognized login detected from Moscow, Russia. Secure your account now. Text WIN to 78900 to enter now. Standard rates apply."
spam,"Limited Time Offer: You have been pre-selected for a $25,000 unsecured personal loan at low interest rate. Visit http://secure-portal-update.org to update your credentials immediately."
ham,"Hi Alex, Thanks for the coffee catchup earlier! Let's follow up next week regarding the design. Have a great day, Sophia"
ham,"Good morning David, I reviewed your code changes and left a couple of minor comments on GitHub. Cheers, Olivia"
spam,SECURITY NOTICE: Refinance your mortgage today and save hundreds every month. No closing costs! Text WIN to 78900 to enter now. Standard rates apply.
ham,"Hi Robert, Please review the attached contract draft and let me know if you have any changes. Have a great day, James"
ham,"Hey buddy, Let me know if 3:00 PM works for a quick 15-minute sync on the marketing campaign. Cheers, Sophia"
ham,"Dear Customer, Let me know if 3:00 PM works for a quick 15-minute sync on the marketing campaign. Best regards, Daniel"
spam,"Urgent Alert: Suspicious transaction of $899.00 detected on your Amazon account. If this was not you, call fraud prevention immediately at 1-888-234-5678."
spam,FINAL NOTICE: Refinance your mortgage today and save hundreds every month. No closing costs! Click here immediately: http://promo-reward-portal.com
ham,"Hi Alex, Your library books are due back in 3 days. Renew online if you need more time. Warmly, James"
spam,"Work from home and earn $500 to $1,500 daily with no experience required! Flexible hours. Start immediately by clicking here."
ham,"Dear Customer, I will be out of the office next Tuesday for a doctor appointment. Sincerely, Noah"
ham,"Good afternoon Rachel, Thanks for the coffee catchup earlier! Let's follow up next week regarding the design. Talk soon, Ava"
spam,You're a winner! You have 1 pending Bitcoin payment of 0.35 BTC waiting in your crypto wallet. Call toll-free 1-800-555-9122 now to claim before midnight.
ham,"Good morning David, Please review the attached contract draft and let me know if you have any changes. Best regards, Daniel"
ham,"Hi Mom, I arrived safely at the hotel. The flight was on time and everything went smoothly. Talk to you tomorrow!"
ham,"Hey Sarah, Please submit your travel expense reports by the end of the month for reimbursement. Best regards, Noah"
spam,"Flash Sale! 90% off Designer Watches, Rolex, Omega, Gucci! Limited time clearance stock. Shop now at http://luxury-outlet-deals.shop"
ham,"Hey Sarah, Can you send me the latest version of the spreadsheet when you get a chance? Best regards, Daniel"
ham,"Hey Mark, happy birthday! Hope you have a fantastic day celebrating with family and friends."
ham,"Hi Alex, I reviewed your code changes and left a couple of minor comments on GitHub. Have a great day, Noah"
spam,Warning: Your mailbox is 99% full. You will not be able to receive incoming emails. Click here to upgrade mailbox storage for free.
spam,"ATTENTION: IRS Tax Refund Notification. You have an unclaimed refund of $1,840. Submit your tax identification form at http://irs-tax-refunds-gov.biz"
ham,"Hey Mark, happy birthday! Hope you have a fantastic day celebrating with family and friends."
ham,"Hi everyone, The deployment to staging completed without any errors. Ready for QA testing. Thanks, Sophia"
ham,Your ride with Uber has completed. Total charged: $14.25. View your trip receipt in the app.
spam,"Limited Time Offer: Earn up to $3,000 every week working just 2 hours a day from your phone or laptop. Click here immediately: http://promo-reward-portal.com"
ham,"Hey buddy, Your library books are due back in 3 days. Renew online if you need more time. Best regards, Noah"
spam,"URGENT ALERT: Hot discount deals on electronics, smartphones and laptops. Order now while stock lasts. Click here immediately: http://promo-reward-portal.com"
ham,"Dear student, your assignment submission for CS 101 has been received and graded. Check the student portal for feedback."
ham,"Hey Mark, happy birthday! Hope you have a fantastic day celebrating with family and friends."
ham,"Hello Team, Please review the attached contract draft and let me know if you have any changes. Thanks, Ava"
spam,You're a winner! Your Apple ID has been locked for security reasons. Click here to verify your identity. Text WIN to 78900 to enter now. Standard rates apply.
ham,"Dear Dr. Miller, Can you send me the latest version of the spreadsheet when you get a chance? Thanks, Mia"
ham,Reminder: The weekly engineering team standup will start in 15 minutes in Conference Room B and on Zoom.
spam,"You're a winner! Earn up to $3,000 every week working just 2 hours a day from your phone or laptop. Click here immediately: http://promo-reward-portal.com"
ham,"Dear Dr. Miller, Attached is the agenda for our upcoming quarterly business review. Sincerely, Daniel"
ham,"Good morning David, The conference room for tomorrow's client presentation has been reserved. Talk soon, Ava"
ham,"Hi Robert, Please review the attached contract draft and let me know if you have any changes. Warmly, Daniel"
ham,"Hi Alex, I will be out of the office next Tuesday for a doctor appointment. Best regards, Lucas"
ham,"Hi Robert, I will be out of the office next Tuesday for a doctor appointment. Best regards, Sophia"
ham,"Hi everyone, The conference room for tomorrow's client presentation has been reserved. Warmly, James"
ham,Your order #48291 has shipped! You can track your package delivery progress directly through the official carrier website.
spam,"EXCLUSIVE PROMOTION: Save 75% on health supplements, vitamins and male enhancement pills with free shipping. Visit http://secure-portal-update.org to update your credentials immediately."
ham,"Hi Alex, Thanks for the coffee catchup earlier! Let's follow up next week regarding the design. Talk soon, Mia"
spam,"Dear customer, your parcel delivery is on hold due to unpaid customs fee of $2.99. Pay immediately to avoid return to sender: http://parcel-tracking-fees.com"
ham,"Hey Sarah, Attached is the agenda for our upcoming quarterly business review. Talk soon, Daniel"
ham,"Good afternoon Rachel, Please submit your travel expense reports by the end of the month for reimbursement. Best regards, Sophia"
spam,"Account Notification: You have been pre-selected for a $25,000 unsecured personal loan at low interest rate. Text WIN to 78900 to enter now. Standard rates apply."
ham,"Good afternoon Rachel, I reviewed your code changes and left a couple of minor comments on GitHub. Have a great day, Emma"
ham,"Hello Team, The conference room for tomorrow's client presentation has been reserved. Talk soon, Noah"
ham,"Hi everyone, Let me know if 3:00 PM works for a quick 15-minute sync on the marketing campaign. Cheers, Mia"
spam,Guaranteed Weight Loss! Drop 20 pounds in 2 weeks without diet or exercise. 100% natural miracle supplement. Order now for 70% off!
ham,"Hey buddy, I will be out of the office next Tuesday for a doctor appointment. Thanks, Emma"
ham,"Hi everyone, Let me know if 3:00 PM works for a quick 15-minute sync on the marketing campaign. Thanks, Noah"
ham,"Good morning David, Here is the updated project roadmap following our team discussion yesterday. Warmly, Mia"
ham,"Hi Alex, Thanks for the coffee catchup earlier! Let's follow up next week regarding the design. Talk soon, Liam"
ham,"Hi Alex, Your library books are due back in 3 days. Renew online if you need more time. Cheers, Daniel"
spam,"SECURITY NOTICE: Get 10,000 Instagram followers and TikTok likes instantly for only $9.99. Text WIN to 78900 to enter now. Standard rates apply."
spam,"Ref: 4920492. You have won a guaranteed cash prize of $5,000 or a trip to Bahamas! Call 09050000301 to claim today."
spam,"You have received 1 new pending wire transfer of $4,500.00. Click here to confirm transaction details and accept funds."
spam,"ATTENTION: IRS Tax Refund Notification. You have an unclaimed refund of $1,840. Submit your tax identification form at http://irs-tax-refunds-gov.biz"
ham,"Dear Dr. Miller, Attached is the agenda for our upcoming quarterly business review. Cheers, Sophia"
ham,"Hi everyone, Thanks for the coffee catchup earlier! Let's follow up next week regarding the design. Cheers, Sophia"
spam,Warning: Your mailbox is 99% full. You will not be able to receive incoming emails. Click here to upgrade mailbox storage for free.
ham,Hey! Are we still on for lunch tomorrow around 12:30? Let me know which restaurant you prefer.
spam,Limited Time Offer: Your online banking password expires in 24 hours. Log in now to keep your account active. Click here immediately: http://promo-reward-portal.com
ham,"Hey Sarah, Thanks for the coffee catchup earlier! Let's follow up next week regarding the design. Have a great day, Sophia"
spam,Instant Cash Award: Claim your $500 gift card today by completing this 2-minute survey. Click here immediately: http://promo-reward-portal.com
spam,Account Notification: You won a brand new iPhone 15 Pro! Confirm your shipping address to receive delivery. Visit http://secure-portal-update.org to update your credentials immediately.
ham,Your ride with Uber has completed. Total charged: $14.25. View your trip receipt in the app.
ham,"Hello Team, Please submit your travel expense reports by the end of the month for reimbursement. Cheers, Mia"
ham,"Hi Robert, Please review the attached contract draft and let me know if you have any changes. Talk soon, Liam"
ham,The server maintenance has been successfully completed. All systems and database instances are fully operational.
spam,Warning: Your mailbox is 99% full. You will not be able to receive incoming emails. Click here to upgrade mailbox storage for free.
spam,Instant Cash Award: You have 1 pending Bitcoin payment of 0.35 BTC waiting in your crypto wallet. Call toll-free 1-800-555-9122 now to claim before midnight.
ham,"Dear Dr. Miller, The deployment to staging completed without any errors. Ready for QA testing. Cheers, Sophia"
ham,"Hey Sarah, The conference room for tomorrow's client presentation has been reserved. Thanks, Ava"
spam,HOT SINGLE WOMEN in your area are looking to chat tonight! Click to view verified private profiles: http://meet-singles-now.top
ham,"Hey Dave, do you have a few minutes this afternoon to help me debug the backend authentication issue?"
ham,"Hi John, hope you are having a productive week. Just following up on the quarterly budget report we discussed on Monday."
spam,"Work from home and earn $500 to $1,500 daily with no experience required! Flexible hours. Start immediately by clicking here."
ham,"Dear Dr. Miller, Please review the attached contract draft and let me know if you have any changes. Cheers, Noah"
ham,"Dear Customer, Let me know if 3:00 PM works for a quick 15-minute sync on the marketing campaign. Talk soon, Daniel"
ham,"Good afternoon Rachel, Can you send me the latest version of the spreadsheet when you get a chance? Cheers, Noah"
ham,"Hi everyone, Please submit your travel expense reports by the end of the month for reimbursement. Have a great day, Noah"
spam,"ACTION REQUIRED: Get 10,000 Instagram followers and TikTok likes instantly for only $9.99. Visit http://secure-portal-update.org to update your credentials immediately."
ham,"Hey buddy, Your library books are due back in 3 days. Renew online if you need more time. Warmly, Sophia"
ham,"Hi Alex, Your library books are due back in 3 days. Renew online if you need more time. Have a great day, Olivia"
ham,"Hi everyone, Thanks for the coffee catchup earlier! Let's follow up next week regarding the design. Have a great day, Ava"
spam,"Instant Cash Award: Your online banking password expires in 24 hours. Log in now to keep your account active. Hurry, offer expires in 6 hours! Act now."
ham,"Hey Sarah, The conference room for tomorrow's client presentation has been reserved. Cheers, Noah"
spam,"FINAL NOTICE: You have been pre-selected for a $25,000 unsecured personal loan at low interest rate. Visit http://secure-portal-update.org to update your credentials immediately."
spam,Final Notice: Your vehicle warranty has expired. Call 1-800-555-0199 immediately to renew coverage before your policy is cancelled.
ham,"Hey Sarah, I will be out of the office next Tuesday for a doctor appointment. Have a great day, Olivia"
spam,"FINAL NOTICE: Save 75% on health supplements, vitamins and male enhancement pills with free shipping. Visit http://secure-portal-update.org to update your credentials immediately."
ham,"Hi everyone, I will be out of the office next Tuesday for a doctor appointment. Cheers, Noah"
ham,"Good morning David, I reviewed your code changes and left a couple of minor comments on GitHub. Best regards, Daniel"
ham,"Hi everyone, I reviewed your code changes and left a couple of minor comments on GitHub. Have a great day, Daniel"
spam,Final Notice: Your vehicle warranty has expired. Call 1-800-555-0199 immediately to renew coverage before your policy is cancelled.
ham,"Hey buddy, The conference room for tomorrow's client presentation has been reserved. Have a great day, Lucas"
ham,"Hey Sarah, Here is the updated project roadmap following our team discussion yesterday. Have a great day, Noah"
ham,"Dear Customer, Attached is the agenda for our upcoming quarterly business review. Best regards, Daniel"
spam,"Congratulations! You have been selected to receive a $1,000 Walmart Gift Card! Click here to claim your prize now: http://claim-gift-now.com"
ham,"Hi everyone, I will be out of the office next Tuesday for a doctor appointment. Best regards, James"
spam,"SECURITY NOTICE: Urgent: Unrecognized login detected from Moscow, Russia. Secure your account now. Text WIN to 78900 to enter now. Standard rates apply."
spam,Final Notice: Your vehicle warranty has expired. Call 1-800-555-0199 immediately to renew coverage before your policy is cancelled.
ham,"Hi Alex, Please review the attached contract draft and let me know if you have any changes. Cheers, Daniel"
spam,WINNER!! As a valued customer you have been chosen to win a £900 prize reward! To claim call 09061701461. Claim code KL341. Valid 12 hours only.
spam,You're a winner! You won a brand new iPhone 15 Pro! Confirm your shipping address to receive delivery. Call toll-free 1-800-555-9122 now to claim before midnight.
ham,"Hey Mark, happy birthday! Hope you have a fantastic day celebrating with family and friends."
ham,"Hi Alex, Attached is the agenda for our upcoming quarterly business review. Sincerely, Olivia"
ham,The server maintenance has been successfully completed. All systems and database instances are fully operational.
spam,"You're a winner! Save 75% on health supplements, vitamins and male enhancement pills with free shipping. Text WIN to 78900 to enter now. Standard rates apply."
spam,"Dear customer, your parcel delivery is on hold due to unpaid customs fee of $2.99. Pay immediately to avoid return to sender: http://parcel-tracking-fees.com"
ham,"Good afternoon Rachel, Thanks for the coffee catchup earlier! Let's follow up next week regarding the design. Have a great day, Mia"
ham,"Dear Dr. Miller, Let me know if 3:00 PM works for a quick 15-minute sync on the marketing campaign. Warmly, Emma"
ham,"Hello Team, Please review the attached contract draft and let me know if you have any changes. Cheers, James"
ham,"Dear student, your assignment submission for CS 101 has been received and graded. Check the student portal for feedback."
ham,"Good afternoon Rachel, Here is the updated project roadmap following our team discussion yesterday. Warmly, Liam"
spam,"You're a winner! You have been pre-selected for a $25,000 unsecured personal loan at low interest rate. Download your prize confirmation certificate at http://rewards-winner.net"
spam,"URGENT ALERT: Urgent: Unrecognized login detected from Moscow, Russia. Secure your account now. Text WIN to 78900 to enter now. Standard rates apply."
ham,"Hey buddy, Can you send me the latest version of the spreadsheet when you get a chance? Thanks, Noah"
ham,"Hey Sarah, I will be out of the office next Tuesday for a doctor appointment. Have a great day, Lucas"
ham,"Thank you for attending our product demo yesterday. As requested, here is the recording link and technical whitepaper."
ham,"Hi Alex, Please submit your travel expense reports by the end of the month for reimbursement. Sincerely, Olivia"
ham,"Good afternoon Rachel, I will be out of the office next Tuesday for a doctor appointment. Best regards, Ava"
ham,"Hey Sarah, Please submit your travel expense reports by the end of the month for reimbursement. Have a great day, Lucas"
spam,"Dear customer, your parcel delivery is on hold due to unpaid customs fee of $2.99. Pay immediately to avoid return to sender: http://parcel-tracking-fees.com"
spam,URGENT: Your account has been temporarily locked due to suspicious login attempts. Verify your details immediately at http://security-bank-auth.com to restore access.
ham,"Dear Dr. Miller, I will be out of the office next Tuesday for a doctor appointment. Sincerely, Daniel"
ham,"Good morning Sarah, could you please review the attached slide deck before our client presentation at 2 PM?"
ham,"Hi Mom, I arrived safely at the hotel. The flight was on time and everything went smoothly. Talk to you tomorrow!"
spam,"Flash Sale! 90% off Designer Watches, Rolex, Omega, Gucci! Limited time clearance stock. Shop now at http://luxury-outlet-deals.shop"
ham,"Hi Robert, Let me know if 3:00 PM works for a quick 15-minute sync on the marketing campaign. Cheers, Olivia"
ham,"Hi Robert, Your library books are due back in 3 days. Renew online if you need more time. Talk soon, Daniel"
spam,"Dear customer, your parcel delivery is on hold due to unpaid customs fee of $2.99. Pay immediately to avoid return to sender: http://parcel-tracking-fees.com"
ham,"Hey buddy, Your library books are due back in 3 days. Renew online if you need more time. Talk soon, Emma"
spam,URGENT ALERT: Refinance your mortgage today and save hundreds every month. No closing costs! Visit http://secure-portal-update.org to update your credentials immediately.
ham,"Hello Team, Thanks for the coffee catchup earlier! Let's follow up next week regarding the design. Talk soon, Ava"
ham,"Hello Team, Attached is the agenda for our upcoming quarterly business review. Have a great day, Emma"
ham,"Dear Dr. Miller, Let me know if 3:00 PM works for a quick 15-minute sync on the marketing campaign. Best regards, Liam"
spam,You're a winner! You won a brand new iPhone 15 Pro! Confirm your shipping address to receive delivery. Download your prize confirmation certificate at http://rewards-winner.net
spam,"URGENT ALERT: Claim your $500 gift card today by completing this 2-minute survey. Reply with your full name, phone number, and mailing address to claim."
ham,"Hi Alex, Here is the updated project roadmap following our team discussion yesterday. Sincerely, Lucas"
ham,"Hey buddy, Thanks for the coffee catchup earlier! Let's follow up next week regarding the design. Thanks, Liam"
ham,"Good morning David, Please submit your travel expense reports by the end of the month for reimbursement. Warmly, Ava"
ham,"Good morning David, Thanks for the coffee catchup earlier! Let's follow up next week regarding the design. Sincerely, Ava"
ham,"Dear Customer, Your library books are due back in 3 days. Renew online if you need more time. Sincerely, Liam"
spam,SECURITY NOTICE: You have 1 pending Bitcoin payment of 0.35 BTC waiting in your crypto wallet. Call toll-free 1-800-555-9122 now to claim before midnight.
ham,"Dear Customer, Attached is the agenda for our upcoming quarterly business review. Talk soon, James"
ham,Hey! Are we still on for lunch tomorrow around 12:30? Let me know which restaurant you prefer.
spam,"Limited Time Offer: Earn up to $3,000 every week working just 2 hours a day from your phone or laptop. Click here immediately: http://promo-reward-portal.com"
ham,"Hi Alex, I reviewed your code changes and left a couple of minor comments on GitHub. Talk soon, Ava"
ham,"Hello Team, Please submit your travel expense reports by the end of the month for reimbursement. Cheers, James"
ham,"Hi everyone, the office will be closed this coming Friday for the national holiday. Have a wonderful long weekend!"
ham,"Dear Dr. Miller, Your library books are due back in 3 days. Renew online if you need more time. Cheers, James"
spam,"You have received 1 new pending wire transfer of $4,500.00. Click here to confirm transaction details and accept funds."
spam,"Account Notification: Earn up to $3,000 every week working just 2 hours a day from your phone or laptop. Call toll-free 1-800-555-9122 now to claim before midnight."
ham,"Hey buddy, Attached is the agenda for our upcoming quarterly business review. Cheers, Emma"
ham,"Hello Team, Your library books are due back in 3 days. Renew online if you need more time. Cheers, Noah"
spam,"Special Offer: Buy Viagra, Cialis and generic medication online without prescription. Fast discreet worldwide shipping. 80% discount."
spam,Limited Time Offer: You won a brand new iPhone 15 Pro! Confirm your shipping address to receive delivery. Text WIN to 78900 to enter now. Standard rates apply.
ham,"Hi everyone, the office will be closed this coming Friday for the national holiday. Have a wonderful long weekend!"
ham,"Hi everyone, Can you send me the latest version of the spreadsheet when you get a chance? Warmly, Mia"
ham,"Dear Customer, Attached is the agenda for our upcoming quarterly business review. Sincerely, James"
ham,"Hello Team, I will be out of the office next Tuesday for a doctor appointment. Talk soon, Noah"
ham,"Hi Alex, Your library books are due back in 3 days. Renew online if you need more time. Best regards, James"
ham,"Good afternoon Rachel, Can you send me the latest version of the spreadsheet when you get a chance? Thanks, Olivia"
ham,"Hi everyone, I will be out of the office next Tuesday for a doctor appointment. Have a great day, Sophia"
ham,The pull request for the email validation bug fix has been reviewed and merged into the main branch.
spam,Your Netflix subscription has expired. Update your billing credit card details to avoid service termination: http://netflix-account-renewal.com
spam,URGENT: Your account has been temporarily locked due to suspicious login attempts. Verify your details immediately at http://security-bank-auth.com to restore access.
spam,FREE entry into our £250 weekly competition just text the word WIN to 80086 NOW. 18+ T&Cs apply.
ham,"Hey Sarah, Can you send me the latest version of the spreadsheet when you get a chance? Cheers, Lucas"
ham,"Dear student, your assignment submission for CS 101 has been received and graded. Check the student portal for feedback."
spam,"Flash Sale! 90% off Designer Watches, Rolex, Omega, Gucci! Limited time clearance stock. Shop now at http://luxury-outlet-deals.shop"
ham,"Good afternoon Rachel, Please submit your travel expense reports by the end of the month for reimbursement. Thanks, Olivia"
ham,"Dear Dr. Miller, Please submit your travel expense reports by the end of the month for reimbursement. Talk soon, Olivia"
ham,"Dear Dr. Miller, Your library books are due back in 3 days. Renew online if you need more time. Sincerely, Lucas"
ham,"Hey buddy, Can you send me the latest version of the spreadsheet when you get a chance? Best regards, Daniel"
ham,"Hi team, just a quick reminder to submit your timesheets by 5 PM today for payroll processing."
spam,"FINAL NOTICE: Hot discount deals on electronics, smartphones and laptops. Order now while stock lasts. Download your prize confirmation certificate at http://rewards-winner.net"
ham,"Hi Robert, The deployment to staging completed without any errors. Ready for QA testing. Thanks, Lucas"
ham,"Good morning David, Can you send me the latest version of the spreadsheet when you get a chance? Thanks, Mia"
spam,"Work from home and earn $500 to $1,500 daily with no experience required! Flexible hours. Start immediately by clicking here."
ham,"Hi everyone, the office will be closed this coming Friday for the national holiday. Have a wonderful long weekend!"
spam,Your Netflix subscription has expired. Update your billing credit card details to avoid service termination: http://netflix-account-renewal.com
ham,"Dear Dr. Miller, Please review the attached contract draft and let me know if you have any changes. Thanks, Liam"
spam,"Dear Winner, You have inherited $8.5 Million USD from a deceased relative. Reply with your passport and bank info to start transfer process."
ham,"Dear Customer, Please submit your travel expense reports by the end of the month for reimbursement. Talk soon, Mia"
spam,"Dear customer, your parcel delivery is on hold due to unpaid customs fee of $2.99. Pay immediately to avoid return to sender: http://parcel-tracking-fees.com"
ham,"Good morning David, Can you send me the latest version of the spreadsheet when you get a chance? Sincerely, James"
ham,"Hi Robert, I will be out of the office next Tuesday for a doctor appointment. Sincerely, James"
ham,"Hi Robert, Can you send me the latest version of the spreadsheet when you get a chance? Talk soon, Noah"
ham,"Hello Team, Thanks for the coffee catchup earlier! Let's follow up next week regarding the design. Best regards, Mia"
ham,"Hey Dave, do you have a few minutes this afternoon to help me debug the backend authentication issue?"
ham,"Hey Dave, do you have a few minutes this afternoon to help me debug the backend authentication issue?"
ham,"Hi Michael, can you please send me the updated contact information for the vendor? We need to finalize the contract."
ham,The pull request for the email validation bug fix has been reviewed and merged into the main branch.
ham,"Hi John, hope you are having a productive week. Just following up on the quarterly budget report we discussed on Monday."
ham,The server maintenance has been successfully completed. All systems and database instances are fully operational.
spam,"Instant Cash Award: Your Apple ID has been locked for security reasons. Click here to verify your identity. Hurry, offer expires in 6 hours! Act now."
ham,"Hi everyone, The conference room for tomorrow's client presentation has been reserved. Sincerely, Sophia"
ham,"Hi John, hope you are having a productive week. Just following up on the quarterly budget report we discussed on Monday."
spam,"ACTION REQUIRED: Urgent: Unrecognized login detected from Moscow, Russia. Secure your account now. Visit http://secure-portal-update.org to update your credentials immediately."
ham,Please find attached your monthly bank statement for the period ending March 31st. Thank you for banking with us.
ham,"Dear Customer, Let me know if 3:00 PM works for a quick 15-minute sync on the marketing campaign. Talk soon, Olivia"
ham,"Hey buddy, Please submit your travel expense reports by the end of the month for reimbursement. Have a great day, Daniel"
ham,"Hi everyone, Please review the attached contract draft and let me know if you have any changes. Sincerely, Mia"
ham,"Good morning David, Let me know if 3:00 PM works for a quick 15-minute sync on the marketing campaign. Warmly, Ava"
ham,"Hi everyone, Your library books are due back in 3 days. Renew online if you need more time. Sincerely, Olivia"
ham,"Thank you for attending our product demo yesterday. As requested, here is the recording link and technical whitepaper."
ham,"Hi Robert, I reviewed your code changes and left a couple of minor comments on GitHub. Warmly, Ava"
ham,"Dear Customer, Please review the attached contract draft and let me know if you have any changes. Cheers, Daniel"
ham,"Hello Team, Thanks for the coffee catchup earlier! Let's follow up next week regarding the design. Sincerely, Emma"
spam,"Ref: 4920492. You have won a guaranteed cash prize of $5,000 or a trip to Bahamas! Call 09050000301 to claim today."
ham,"Dear Customer, The conference room for tomorrow's client presentation has been reserved. Warmly, Emma"
spam,Final Notice: Your vehicle warranty has expired. Call 1-800-555-0199 immediately to renew coverage before your policy is cancelled.
ham,"Good afternoon Rachel, Please submit your travel expense reports by the end of the month for reimbursement. Have a great day, Mia"
spam,Instant Cash Award: Claim your $500 gift card today by completing this 2-minute survey. Call toll-free 1-800-555-9122 now to claim before midnight.
spam,"Ref: 4920492. You have won a guaranteed cash prize of $5,000 or a trip to Bahamas! Call 09050000301 to claim today."
ham,"Good afternoon Rachel, Thanks for the coffee catchup earlier! Let's follow up next week regarding the design. Thanks, Noah"
ham,"Hey buddy, I reviewed your code changes and left a couple of minor comments on GitHub. Warmly, Olivia"
ham,"Hi Alex, Your library books are due back in 3 days. Renew online if you need more time. Thanks, Sophia"
ham,"Hey buddy, I will be out of the office next Tuesday for a doctor appointment. Best regards, Lucas"
ham,"Hey buddy, The deployment to staging completed without any errors. Ready for QA testing. Talk soon, Liam"
ham,"Hey buddy, Your library books are due back in 3 days. Renew online if you need more time. Have a great day, Daniel"
ham,Your order #48291 has shipped! You can track your package delivery progress directly through the official carrier website.
spam,"EXCLUSIVE PROMOTION: Earn up to $3,000 every week working just 2 hours a day from your phone or laptop. Text WIN to 78900 to enter now. Standard rates apply."
ham,"Dear Customer, Your library books are due back in 3 days. Renew online if you need more time. Warmly, Olivia"
ham,"Hey buddy, The conference room for tomorrow's client presentation has been reserved. Best regards, Sophia"
ham,"Hey buddy, Please submit your travel expense reports by the end of the month for reimbursement. Have a great day, Liam"
ham,Your order #48291 has shipped! You can track your package delivery progress directly through the official carrier website.
ham,"Hello Team, Thanks for the coffee catchup earlier! Let's follow up next week regarding the design. Talk soon, Mia"
spam,"CONGRATULATIONS! Get 10,000 Instagram followers and TikTok likes instantly for only $9.99. Click here immediately: http://promo-reward-portal.com"
spam,"EXCLUSIVE PROMOTION: Your online banking password expires in 24 hours. Log in now to keep your account active. Hurry, offer expires in 6 hours! Act now."
ham,"Hi Robert, I reviewed your code changes and left a couple of minor comments on GitHub. Cheers, Noah"
ham,"Hi Robert, The conference room for tomorrow's client presentation has been reserved. Have a great day, James"
ham,"Good afternoon Rachel, Please submit your travel expense reports by the end of the month for reimbursement. Have a great day, Lucas"
ham,"Hi everyone, The conference room for tomorrow's client presentation has been reserved. Best regards, Olivia"
ham,"Hi Alex, Can you send me the latest version of the spreadsheet when you get a chance? Cheers, Liam"
ham,"Dear Dr. Miller, Your library books are due back in 3 days. Renew online if you need more time. Have a great day, Lucas"
spam,Exclusive Invitation: Double your cryptocurrency investments in just 48 hours with our automated Bitcoin trading bot! Join VIP club now.
ham,"Hi Robert, Attached is the agenda for our upcoming quarterly business review. Thanks, Noah"
ham,"Hey buddy, Please submit your travel expense reports by the end of the month for reimbursement. Thanks, Olivia"
ham,"Hey buddy, Please review the attached contract draft and let me know if you have any changes. Best regards, Olivia"
ham,"Thank you for attending our product demo yesterday. As requested, here is the recording link and technical whitepaper."
ham,"Hi Mom, I arrived safely at the hotel. The flight was on time and everything went smoothly. Talk to you tomorrow!"
ham,"Hey Sarah, Your library books are due back in 3 days. Renew online if you need more time. Sincerely, James"
spam,"ATTENTION: IRS Tax Refund Notification. You have an unclaimed refund of $1,840. Submit your tax identification form at http://irs-tax-refunds-gov.biz"
ham,The pull request for the email validation bug fix has been reviewed and merged into the main branch.
spam,URGENT ALERT: You have 1 pending Bitcoin payment of 0.35 BTC waiting in your crypto wallet. Text WIN to 78900 to enter now. Standard rates apply.
ham,"Good afternoon Rachel, The deployment to staging completed without any errors. Ready for QA testing. Warmly, Lucas"
ham,"Good afternoon Rachel, I will be out of the office next Tuesday for a doctor appointment. Best regards, Liam"
ham,"Good morning David, The conference room for tomorrow's client presentation has been reserved. Have a great day, Noah"
ham,"Hi Robert, Here is the updated project roadmap following our team discussion yesterday. Thanks, Lucas"
spam,"FINAL NOTICE: Get 10,000 Instagram followers and TikTok likes instantly for only $9.99. Download your prize confirmation certificate at http://rewards-winner.net"
ham,"Good afternoon Rachel, Here is the updated project roadmap following our team discussion yesterday. Cheers, Mia"
spam,URGENT ALERT: Refinance your mortgage today and save hundreds every month. No closing costs! Text WIN to 78900 to enter now. Standard rates apply.
spam,"FINAL NOTICE: Your online banking password expires in 24 hours. Log in now to keep your account active. Reply with your full name, phone number, and mailing address to claim."
ham,"Dear Dr. Miller, Thanks for the coffee catchup earlier! Let's follow up next week regarding the design. Talk soon, Ava"
ham,"Hello Team, I will be out of the office next Tuesday for a doctor appointment. Warmly, Emma"
ham,Hey! Are we still on for lunch tomorrow around 12:30? Let me know which restaurant you prefer.
spam,"Work from home and earn $500 to $1,500 daily with no experience required! Flexible hours. Start immediately by clicking here."
spam,Instant Cash Award: Refinance your mortgage today and save hundreds every month. No closing costs! Text WIN to 78900 to enter now. Standard rates apply.
spam,You're a winner! Your Apple ID has been locked for security reasons. Click here to verify your identity. Click here immediately: http://promo-reward-portal.com
ham,"Dear Dr. Miller, I will be out of the office next Tuesday for a doctor appointment. Warmly, Olivia"
ham,"Hi Michael, can you please send me the updated contact information for the vendor? We need to finalize the contract."
ham,"Good afternoon Rachel, I will be out of the office next Tuesday for a doctor appointment. Talk soon, Olivia"
ham,"Hi everyone, I will be out of the office next Tuesday for a doctor appointment. Warmly, Lucas"
spam,"EXCLUSIVE PROMOTION: Urgent: Unrecognized login detected from Moscow, Russia. Secure your account now. Reply with your full name, phone number, and mailing address to claim."
ham,"Hi Alex, I reviewed your code changes and left a couple of minor comments on GitHub. Talk soon, Emma"
ham,"Good morning David, Please review the attached contract draft and let me know if you have any changes. Thanks, Liam"
spam,"Account Notification: Your online banking password expires in 24 hours. Log in now to keep your account active. Hurry, offer expires in 6 hours! Act now."
ham,"Good morning David, Thanks for the coffee catchup earlier! Let's follow up next week regarding the design. Thanks, James"
ham,"Hey buddy, The conference room for tomorrow's client presentation has been reserved. Best regards, Sophia"
spam,"CONGRATULATIONS! Save 75% on health supplements, vitamins and male enhancement pills with free shipping. Visit http://secure-portal-update.org to update your credentials immediately."
ham,"Good morning David, The conference room for tomorrow's client presentation has been reserved. Best regards, Olivia"
spam,"Special Offer: Buy Viagra, Cialis and generic medication online without prescription. Fast discreet worldwide shipping. 80% discount."
spam,"Special Offer: Buy Viagra, Cialis and generic medication online without prescription. Fast discreet worldwide shipping. 80% discount."
ham,"Hi Robert, The deployment to staging completed without any errors. Ready for QA testing. Cheers, Mia"
ham,"Dear Dr. Miller, Thanks for the coffee catchup earlier! Let's follow up next week regarding the design. Have a great day, Noah"
ham,"Hey buddy, The conference room for tomorrow's client presentation has been reserved. Best regards, Ava"
ham,"Good morning David, Can you send me the latest version of the spreadsheet when you get a chance? Thanks, James"
ham,"Good morning Sarah, could you please review the attached slide deck before our client presentation at 2 PM?"
ham,"Hi everyone, Please submit your travel expense reports by the end of the month for reimbursement. Have a great day, Mia"
spam,"SECURITY NOTICE: You have 1 pending Bitcoin payment of 0.35 BTC waiting in your crypto wallet. Hurry, offer expires in 6 hours! Act now."
ham,Your order #48291 has shipped! You can track your package delivery progress directly through the official carrier website.
ham,"Good morning David, Here is the updated project roadmap following our team discussion yesterday. Sincerely, Ava"
ham,Hey! Are we still on for lunch tomorrow around 12:30? Let me know which restaurant you prefer.
ham,"Dear Customer, Can you send me the latest version of the spreadsheet when you get a chance? Warmly, Lucas"
spam,"Get pre-approved for an instant cash loan of up to $50,000 with 0% APR for the first 12 months! Apply online today at http://fast-instant-cash.net"
ham,"Dear Dr. Miller, I reviewed your code changes and left a couple of minor comments on GitHub. Have a great day, Olivia"
ham,"Hey Sarah, I will be out of the office next Tuesday for a doctor appointment. Talk soon, Olivia"
ham,"Good morning David, Can you send me the latest version of the spreadsheet when you get a chance? Talk soon, James"
ham,"Hey buddy, Please review the attached contract draft and let me know if you have any changes. Cheers, James"
ham,"Hello Team, Attached is the agenda for our upcoming quarterly business review. Sincerely, Olivia"
ham,"Good morning David, Please review the attached contract draft and let me know if you have any changes. Have a great day, Sophia"
ham,Your order #48291 has shipped! You can track your package delivery progress directly through the official carrier website.
ham,"Hi Alex, Please review the attached contract draft and let me know if you have any changes. Thanks, Emma"
ham,"Good morning David, I will be out of the office next Tuesday for a doctor appointment. Thanks, Olivia"
ham,"Thank you for attending our product demo yesterday. As requested, here is the recording link and technical whitepaper."
spam,"You have received 1 new pending wire transfer of $4,500.00. Click here to confirm transaction details and accept funds."
ham,"Good afternoon Rachel, Your library books are due back in 3 days. Renew online if you need more time. Have a great day, Sophia"
ham,"Hello Team, Thanks for the coffee catchup earlier! Let's follow up next week regarding the design. Thanks, Daniel"
ham,"Hi Robert, Let me know if 3:00 PM works for a quick 15-minute sync on the marketing campaign. Best regards, Ava"
ham,"Good morning David, Please review the attached contract draft and let me know if you have any changes. Cheers, Ava"
spam,"Dear customer, your parcel delivery is on hold due to unpaid customs fee of $2.99. Pay immediately to avoid return to sender: http://parcel-tracking-fees.com"
ham,"Hi Robert, I will be out of the office next Tuesday for a doctor appointment. Cheers, Ava"
spam,"Limited Time Offer: Hot discount deals on electronics, smartphones and laptops. Order now while stock lasts. Reply with your full name, phone number, and mailing address to claim."
spam,Account Notification: Refinance your mortgage today and save hundreds every month. No closing costs! Download your prize confirmation certificate at http://rewards-winner.net
spam,FREE entry into our £250 weekly competition just text the word WIN to 80086 NOW. 18+ T&Cs apply.
spam,Final Notice: Your vehicle warranty has expired. Call 1-800-555-0199 immediately to renew coverage before your policy is cancelled.
spam,"Dear customer, your parcel delivery is on hold due to unpaid customs fee of $2.99. Pay immediately to avoid return to sender: http://parcel-tracking-fees.com"
ham,"Hi Robert, The conference room for tomorrow's client presentation has been reserved. Warmly, James"
spam,"EXCLUSIVE PROMOTION: Urgent: Unrecognized login detected from Moscow, Russia. Secure your account now. Call toll-free 1-800-555-9122 now to claim before midnight."
ham,"Dear Dr. Miller, Please submit your travel expense reports by the end of the month for reimbursement. Cheers, Sophia"
spam,CONGRATULATIONS! Your online banking password expires in 24 hours. Log in now to keep your account active. Download your prize confirmation certificate at http://rewards-winner.net
spam,You're a winner! Claim your $500 gift card today by completing this 2-minute survey. Text WIN to 78900 to enter now. Standard rates apply.
spam,Warning: Your mailbox is 99% full. You will not be able to receive incoming emails. Click here to upgrade mailbox storage for free.
ham,"Good afternoon Rachel, I reviewed your code changes and left a couple of minor comments on GitHub. Best regards, Liam"
ham,"Hi Alex, I reviewed your code changes and left a couple of minor comments on GitHub. Have a great day, Liam"
ham,"Hi Robert, Please review the attached contract draft and let me know if you have any changes. Have a great day, Liam"
ham,"Hi Alex, Can you send me the latest version of the spreadsheet when you get a chance? Thanks, Liam"
spam,Warning: Your mailbox is 99% full. You will not be able to receive incoming emails. Click here to upgrade mailbox storage for free.
ham,"Dear Customer, I reviewed your code changes and left a couple of minor comments on GitHub. Best regards, Mia"
ham,"Hello Team, Can you send me the latest version of the spreadsheet when you get a chance? Have a great day, Mia"
ham,"Dear Dr. Miller, Please submit your travel expense reports by the end of the month for reimbursement. Sincerely, Lucas"
ham,"Hi Alex, The conference room for tomorrow's client presentation has been reserved. Have a great day, Mia"
spam,"Ref: 4920492. You have won a guaranteed cash prize of $5,000 or a trip to Bahamas! Call 09050000301 to claim today."
ham,"Good morning David, Your library books are due back in 3 days. Renew online if you need more time. Best regards, James"
ham,"Dear Customer, Please review the attached contract draft and let me know if you have any changes. Thanks, Sophia"
spam,FINAL NOTICE: You have 1 pending Bitcoin payment of 0.35 BTC waiting in your crypto wallet. Call toll-free 1-800-555-9122 now to claim before midnight.
spam,"EXCLUSIVE PROMOTION: Get 10,000 Instagram followers and TikTok likes instantly for only $9.99. Click here immediately: http://promo-reward-portal.com"
ham,"Hey buddy, Thanks for the coffee catchup earlier! Let's follow up next week regarding the design. Have a great day, Olivia"
spam,"EXCLUSIVE PROMOTION: You have 1 pending Bitcoin payment of 0.35 BTC waiting in your crypto wallet. Hurry, offer expires in 6 hours! Act now."
ham,"Hello Team, I will be out of the office next Tuesday for a doctor appointment. Talk soon, Mia"
spam,"SECURITY NOTICE: Your Apple ID has been locked for security reasons. Click here to verify your identity. Reply with your full name, phone number, and mailing address to claim."
ham,"Hi Robert, Your library books are due back in 3 days. Renew online if you need more time. Have a great day, Olivia"
ham,"Hi Robert, I reviewed your code changes and left a couple of minor comments on GitHub. Talk soon, Lucas"
ham,"Good afternoon Rachel, Can you send me the latest version of the spreadsheet when you get a chance? Talk soon, James"
ham,"Dear Customer, Your library books are due back in 3 days. Renew online if you need more time. Thanks, Emma"
ham,"Hi everyone, Here is the updated project roadmap following our team discussion yesterday. Sincerely, Liam"
ham,"Hi Mom, I arrived safely at the hotel. The flight was on time and everything went smoothly. Talk to you tomorrow!"
ham,"Dear Dr. Miller, Let me know if 3:00 PM works for a quick 15-minute sync on the marketing campaign. Talk soon, Noah"
spam,WINNER!! As a valued customer you have been chosen to win a £900 prize reward! To claim call 09061701461. Claim code KL341. Valid 12 hours only.
ham,"Dear Dr. Miller, Attached is the agenda for our upcoming quarterly business review. Cheers, Daniel"
spam,"You're a winner! Save 75% on health supplements, vitamins and male enhancement pills with free shipping. Reply with your full name, phone number, and mailing address to claim."
ham,"Hey buddy, The conference room for tomorrow's client presentation has been reserved. Thanks, Liam"
ham,Your ride with Uber has completed. Total charged: $14.25. View your trip receipt in the app.
ham,"Good morning David, Can you send me the latest version of the spreadsheet when you get a chance? Have a great day, Olivia"
spam,"Ref: 4920492. You have won a guaranteed cash prize of $5,000 or a trip to Bahamas! Call 09050000301 to claim today."
ham,"Dear student, your assignment submission for CS 101 has been received and graded. Check the student portal for feedback."
ham,"Good afternoon Rachel, Thanks for the coffee catchup earlier! Let's follow up next week regarding the design. Sincerely, Daniel"
spam,Account Notification: Your Apple ID has been locked for security reasons. Click here to verify your identity. Click here immediately: http://promo-reward-portal.com
ham,"Hi John, hope you are having a productive week. Just following up on the quarterly budget report we discussed on Monday."
ham,"Dear Dr. Miller, The conference room for tomorrow's client presentation has been reserved. Sincerely, Liam"
spam,"FINAL NOTICE: Earn up to $3,000 every week working just 2 hours a day from your phone or laptop. Text WIN to 78900 to enter now. Standard rates apply."
ham,Your ride with Uber has completed. Total charged: $14.25. View your trip receipt in the app.
ham,"Good afternoon Rachel, Attached is the agenda for our upcoming quarterly business review. Warmly, Daniel"
ham,"Hi Alex, Attached is the agenda for our upcoming quarterly business review. Warmly, Daniel"
ham,"Hi Alex, Thanks for the coffee catchup earlier! Let's follow up next week regarding the design. Have a great day, Noah"
ham,"Hi everyone, Your library books are due back in 3 days. Renew online if you need more time. Warmly, Mia"
ham,"Dear Customer, The conference room for tomorrow's client presentation has been reserved. Sincerely, Noah"
spam,You're a winner! You won a brand new iPhone 15 Pro! Confirm your shipping address to receive delivery. Visit http://secure-portal-update.org to update your credentials immediately.
spam,"SECURITY NOTICE: Your online banking password expires in 24 hours. Log in now to keep your account active. Hurry, offer expires in 6 hours! Act now."
ham,"Dear student, your assignment submission for CS 101 has been received and graded. Check the student portal for feedback."
ham,"Hi everyone, Thanks for the coffee catchup earlier! Let's follow up next week regarding the design. Thanks, James"
spam,You're a winner! You won a brand new iPhone 15 Pro! Confirm your shipping address to receive delivery. Click here immediately: http://promo-reward-portal.com
ham,"Hi Alex, Your library books are due back in 3 days. Renew online if you need more time. Thanks, Emma"
spam,"SECURITY NOTICE: You have been pre-selected for a $25,000 unsecured personal loan at low interest rate. Text WIN to 78900 to enter now. Standard rates apply."
ham,Your ride with Uber has completed. Total charged: $14.25. View your trip receipt in the app.
spam,"Limited Time Offer: You have been pre-selected for a $25,000 unsecured personal loan at low interest rate. Hurry, offer expires in 6 hours! Act now."
spam,ACTION REQUIRED: You won a brand new iPhone 15 Pro! Confirm your shipping address to receive delivery. Click here immediately: http://promo-reward-portal.com
ham,"Hey Dave, do you have a few minutes this afternoon to help me debug the backend authentication issue?"
ham,"Hello Team, Let me know if 3:00 PM works for a quick 15-minute sync on the marketing campaign. Have a great day, Daniel"
ham,"Hello Team, I will be out of the office next Tuesday for a doctor appointment. Talk soon, Lucas"
ham,"Hi team, please find attached the meeting notes and action items from today's sprint planning session."
ham,"Hi Robert, Let me know if 3:00 PM works for a quick 15-minute sync on the marketing campaign. Have a great day, Ava"
ham,"Dear patient, this is a friendly reminder of your upcoming dental appointment scheduled for Thursday at 10:00 AM."
ham,"Hi everyone, Thanks for the coffee catchup earlier! Let's follow up next week regarding the design. Thanks, Olivia"
ham,"Hi Robert, Thanks for the coffee catchup earlier! Let's follow up next week regarding the design. Sincerely, Lucas"
spam,"Account Notification: Earn up to $3,000 every week working just 2 hours a day from your phone or laptop. Hurry, offer expires in 6 hours! Act now."
ham,"Hi everyone, Your library books are due back in 3 days. Renew online if you need more time. Cheers, Liam"
ham,"Hi Robert, The deployment to staging completed without any errors. Ready for QA testing. Thanks, Lucas"
ham,"Dear Customer, Attached is the agenda for our upcoming quarterly business review. Warmly, Noah"
ham,"Good afternoon Rachel, Attached is the agenda for our upcoming quarterly business review. Sincerely, James"
spam,Limited Time Offer: You won a brand new iPhone 15 Pro! Confirm your shipping address to receive delivery. Call toll-free 1-800-555-9122 now to claim before midnight.
ham,"Good morning David, Please submit your travel expense reports by the end of the month for reimbursement. Cheers, Daniel"
ham,"Hi team, please find attached the meeting notes and action items from today's sprint planning session."
ham,"Hi everyone, The deployment to staging completed without any errors. Ready for QA testing. Warmly, Sophia"
spam,"Get pre-approved for an instant cash loan of up to $50,000 with 0% APR for the first 12 months! Apply online today at http://fast-instant-cash.net"
spam,CONGRATULATIONS! You have 1 pending Bitcoin payment of 0.35 BTC waiting in your crypto wallet. Click here immediately: http://promo-reward-portal.com
ham,"Hi Alex, Here is the updated project roadmap following our team discussion yesterday. Sincerely, James"
spam,Instant Cash Award: You have 1 pending Bitcoin payment of 0.35 BTC waiting in your crypto wallet. Text WIN to 78900 to enter now. Standard rates apply.
ham,Reminder: The weekly engineering team standup will start in 15 minutes in Conference Room B and on Zoom.
ham,"Dear Customer, I will be out of the office next Tuesday for a doctor appointment. Sincerely, Liam"
spam,"Get pre-approved for an instant cash loan of up to $50,000 with 0% APR for the first 12 months! Apply online today at http://fast-instant-cash.net"
ham,"Hi Alex, The conference room for tomorrow's client presentation has been reserved. Thanks, Lucas"
ham,"Hi Robert, The conference room for tomorrow's client presentation has been reserved. Talk soon, Emma"
spam,Guaranteed Weight Loss! Drop 20 pounds in 2 weeks without diet or exercise. 100% natural miracle supplement. Order now for 70% off!
ham,"Hi everyone, the office will be closed this coming Friday for the national holiday. Have a wonderful long weekend!"
ham,"Hey Sarah, Let me know if 3:00 PM works for a quick 15-minute sync on the marketing campaign. Cheers, Lucas"
spam,"SECURITY NOTICE: Your online banking password expires in 24 hours. Log in now to keep your account active. Reply with your full name, phone number, and mailing address to claim."
ham,"Hey Sarah, I will be out of the office next Tuesday for a doctor appointment. Best regards, Olivia"
spam,URGENT ALERT: Your online banking password expires in 24 hours. Log in now to keep your account active. Download your prize confirmation certificate at http://rewards-winner.net
spam,SECURITY NOTICE: You have 1 pending Bitcoin payment of 0.35 BTC waiting in your crypto wallet. Call toll-free 1-800-555-9122 now to claim before midnight.
spam,"Limited Time Offer: Get 10,000 Instagram followers and TikTok likes instantly for only $9.99. Reply with your full name, phone number, and mailing address to claim."
spam,"SECURITY NOTICE: You have 1 pending Bitcoin payment of 0.35 BTC waiting in your crypto wallet. Hurry, offer expires in 6 hours! Act now."
ham,"Dear Dr. Miller, The deployment to staging completed without any errors. Ready for QA testing. Thanks, James"
ham,Your order #48291 has shipped! You can track your package delivery progress directly through the official carrier website.
spam,"Limited Time Offer: Get 10,000 Instagram followers and TikTok likes instantly for only $9.99. Hurry, offer expires in 6 hours! Act now."
spam,"Instant Cash Award: Your online banking password expires in 24 hours. Log in now to keep your account active. Hurry, offer expires in 6 hours! Act now."
spam,URGENT: Your account has been temporarily locked due to suspicious login attempts. Verify your details immediately at http://security-bank-auth.com to restore access.
spam,Your Netflix subscription has expired. Update your billing credit card details to avoid service termination: http://netflix-account-renewal.com
spam,"Flash Sale! 90% off Designer Watches, Rolex, Omega, Gucci! Limited time clearance stock. Shop now at http://luxury-outlet-deals.shop"
ham,"Hi Michael, can you please send me the updated contact information for the vendor? We need to finalize the contract."
ham,"Good morning David, Attached is the agenda for our upcoming quarterly business review. Cheers, Ava"
ham,"Good morning David, Your library books are due back in 3 days. Renew online if you need more time. Thanks, Ava"
ham,"Hey Sarah, Let me know if 3:00 PM works for a quick 15-minute sync on the marketing campaign. Warmly, Daniel"
ham,"Good morning David, Can you send me the latest version of the spreadsheet when you get a chance? Have a great day, Sophia"
ham,"Good afternoon Rachel, The deployment to staging completed without any errors. Ready for QA testing. Sincerely, Lucas"
spam,"Limited Time Offer: Hot discount deals on electronics, smartphones and laptops. Order now while stock lasts. Call toll-free 1-800-555-9122 now to claim before midnight."
ham,"Dear Customer, Please submit your travel expense reports by the end of the month for reimbursement. Have a great day, Sophia"
ham,"Hi Alex, Thanks for the coffee catchup earlier! Let's follow up next week regarding the design. Best regards, James"
spam,"Account Notification: Save 75% on health supplements, vitamins and male enhancement pills with free shipping. Text WIN to 78900 to enter now. Standard rates apply."
ham,"Hi everyone, Please review the attached contract draft and let me know if you have any changes. Warmly, Liam"
ham,"Hello Team, Here is the updated project roadmap following our team discussion yesterday. Thanks, Liam"
ham,"Hey buddy, The conference room for tomorrow's client presentation has been reserved. Best regards, Ava"
ham,"Hi everyone, Here is the updated project roadmap following our team discussion yesterday. Have a great day, Noah"
ham,"Hi everyone, Please submit your travel expense reports by the end of the month for reimbursement. Have a great day, Mia"
ham,"Hey buddy, The conference room for tomorrow's client presentation has been reserved. Sincerely, Daniel"
ham,"Dear Customer, Attached is the agenda for our upcoming quarterly business review. Thanks, Emma"
ham,"Hello Team, Attached is the agenda for our upcoming quarterly business review. Warmly, Liam"
ham,"Hi Alex, The conference room for tomorrow's client presentation has been reserved. Sincerely, Liam"
ham,"Hey buddy, Please review the attached contract draft and let me know if you have any changes. Sincerely, Sophia"
spam,"EXCLUSIVE PROMOTION: Urgent: Unrecognized login detected from Moscow, Russia. Secure your account now. Visit http://secure-portal-update.org to update your credentials immediately."
ham,"Dear Dr. Miller, Please submit your travel expense reports by the end of the month for reimbursement. Cheers, James"
ham,"Thank you for attending our product demo yesterday. As requested, here is the recording link and technical whitepaper."
ham,"Hi Alex, I will be out of the office next Tuesday for a doctor appointment. Have a great day, Sophia"
ham,"Hey buddy, I will be out of the office next Tuesday for a doctor appointment. Best regards, Olivia"
ham,Your order #48291 has shipped! You can track your package delivery progress directly through the official carrier website.
ham,"Good morning David, Please review the attached contract draft and let me know if you have any changes. Sincerely, Emma"
ham,"Hey Sarah, Your library books are due back in 3 days. Renew online if you need more time. Warmly, Sophia"
ham,"Hi team, please find attached the meeting notes and action items from today's sprint planning session."
ham,"Hi Michael, can you please send me the updated contact information for the vendor? We need to finalize the contract."
ham,"Dear Customer, Here is the updated project roadmap following our team discussion yesterday. Thanks, Emma"
ham,"Hi everyone, Please review the attached contract draft and let me know if you have any changes. Sincerely, Ava"
ham,"Dear Dr. Miller, I will be out of the office next Tuesday for a doctor appointment. Talk soon, Lucas"
spam,"Instant Cash Award: Hot discount deals on electronics, smartphones and laptops. Order now while stock lasts. Text WIN to 78900 to enter now. Standard rates apply."
ham,"Good morning David, The conference room for tomorrow's client presentation has been reserved. Sincerely, Olivia"
ham,"Good afternoon Rachel, Please submit your travel expense reports by the end of the month for reimbursement. Cheers, Sophia"
ham,"Good morning David, Your library books are due back in 3 days. Renew online if you need more time. Thanks, Emma"
spam,FREE entry into our £250 weekly competition just text the word WIN to 80086 NOW. 18+ T&Cs apply.
ham,"Hey Mark, happy birthday! Hope you have a fantastic day celebrating with family and friends."
ham,"Good morning David, The deployment to staging completed without any errors. Ready for QA testing. Sincerely, Sophia"
ham,"Hi team, just a quick reminder to submit your timesheets by 5 PM today for payroll processing."
spam,Final Notice: Your vehicle warranty has expired. Call 1-800-555-0199 immediately to renew coverage before your policy is cancelled.
ham,"Dear Customer, Let me know if 3:00 PM works for a quick 15-minute sync on the marketing campaign. Cheers, Olivia"
ham,"Hey buddy, The conference room for tomorrow's client presentation has been reserved. Warmly, Sophia"
ham,Reminder: The weekly engineering team standup will start in 15 minutes in Conference Room B and on Zoom.
ham,"Good afternoon Rachel, I reviewed your code changes and left a couple of minor comments on GitHub. Have a great day, Olivia"
ham,"Hello Team, Your library books are due back in 3 days. Renew online if you need more time. Warmly, Mia"
ham,"Hi everyone, I reviewed your code changes and left a couple of minor comments on GitHub. Talk soon, Olivia"
ham,"Hi Alex, I will be out of the office next Tuesday for a doctor appointment. Warmly, Ava"
spam,You're a winner! Your Apple ID has been locked for security reasons. Click here to verify your identity. Visit http://secure-portal-update.org to update your credentials immediately.
ham,"Dear Customer, Please review the attached contract draft and let me know if you have any changes. Talk soon, James"
ham,"Good morning David, Let me know if 3:00 PM works for a quick 15-minute sync on the marketing campaign. Thanks, Emma"
ham,"Good afternoon Rachel, Let me know if 3:00 PM works for a quick 15-minute sync on the marketing campaign. Sincerely, Ava"
ham,"Good afternoon Rachel, Attached is the agenda for our upcoming quarterly business review. Warmly, Liam"
ham,"Hello Team, The conference room for tomorrow's client presentation has been reserved. Cheers, Noah"
ham,"Hey buddy, Please submit your travel expense reports by the end of the month for reimbursement. Warmly, Emma"
ham,"Hi Alex, I reviewed your code changes and left a couple of minor comments on GitHub. Talk soon, Ava"
ham,Reminder: The weekly engineering team standup will start in 15 minutes in Conference Room B and on Zoom.
spam,Instant Cash Award: You have 1 pending Bitcoin payment of 0.35 BTC waiting in your crypto wallet. Download your prize confirmation certificate at http://rewards-winner.net
ham,"Hi Alex, Here is the updated project roadmap following our team discussion yesterday. Thanks, Lucas"
ham,"Hello Team, Let me know if 3:00 PM works for a quick 15-minute sync on the marketing campaign. Best regards, Lucas"
spam,Warning: Your mailbox is 99% full. You will not be able to receive incoming emails. Click here to upgrade mailbox storage for free.
ham,"Dear Dr. Miller, Please submit your travel expense reports by the end of the month for reimbursement. Cheers, Lucas"
ham,"Hi John, hope you are having a productive week. Just following up on the quarterly budget report we discussed on Monday."
ham,"Hey buddy, The deployment to staging completed without any errors. Ready for QA testing. Sincerely, Sophia"
ham,"Hi Alex, Please submit your travel expense reports by the end of the month for reimbursement. Warmly, Mia"
ham,"Hi Mom, I arrived safely at the hotel. The flight was on time and everything went smoothly. Talk to you tomorrow!"
ham,"Hi Mom, I arrived safely at the hotel. The flight was on time and everything went smoothly. Talk to you tomorrow!"
spam,"Congratulations! You have been selected to receive a $1,000 Walmart Gift Card! Click here to claim your prize now: http://claim-gift-now.com"
ham,"Hi team, please find attached the meeting notes and action items from today's sprint planning session."
spam,"Special Offer: Buy Viagra, Cialis and generic medication online without prescription. Fast discreet worldwide shipping. 80% discount."
spam,"Special Offer: Buy Viagra, Cialis and generic medication online without prescription. Fast discreet worldwide shipping. 80% discount."
ham,"Hey Sarah, I will be out of the office next Tuesday for a doctor appointment. Sincerely, Lucas"
ham,"Hi Alex, I reviewed your code changes and left a couple of minor comments on GitHub. Have a great day, Noah"
ham,"Hi Robert, Please review the attached contract draft and let me know if you have any changes. Thanks, Sophia"
spam,Limited Time Offer: You won a brand new iPhone 15 Pro! Confirm your shipping address to receive delivery. Download your prize confirmation certificate at http://rewards-winner.net
spam,URGENT: Your account has been temporarily locked due to suspicious login attempts. Verify your details immediately at http://security-bank-auth.com to restore access.
ham,"Dear Dr. Miller, The conference room for tomorrow's client presentation has been reserved. Cheers, Daniel"
ham,"Hi everyone, the office will be closed this coming Friday for the national holiday. Have a wonderful long weekend!"
ham,Your ride with Uber has completed. Total charged: $14.25. View your trip receipt in the app.
spam,"Urgent Alert: Suspicious transaction of $899.00 detected on your Amazon account. If this was not you, call fraud prevention immediately at 1-888-234-5678."
ham,"Dear Customer, Please submit your travel expense reports by the end of the month for reimbursement. Talk soon, Lucas"
ham,"Dear Dr. Miller, The deployment to staging completed without any errors. Ready for QA testing. Talk soon, James"
spam,"Get pre-approved for an instant cash loan of up to $50,000 with 0% APR for the first 12 months! Apply online today at http://fast-instant-cash.net"
spam,You're a winner! Your online banking password expires in 24 hours. Log in now to keep your account active. Call toll-free 1-800-555-9122 now to claim before midnight.
ham,"Dear Customer, The deployment to staging completed without any errors. Ready for QA testing. Thanks, Emma"
ham,"Hi team, just a quick reminder to submit your timesheets by 5 PM today for payroll processing."
spam,FREE entry into our £250 weekly competition just text the word WIN to 80086 NOW. 18+ T&Cs apply.
ham,"Hey buddy, Attached is the agenda for our upcoming quarterly business review. Talk soon, Noah"
ham,"Hi everyone, The deployment to staging completed without any errors. Ready for QA testing. Best regards, Lucas"
spam,"Congratulations! You have been selected to receive a $1,000 Walmart Gift Card! Click here to claim your prize now: http://claim-gift-now.com"
spam,"SECURITY NOTICE: Hot discount deals on electronics, smartphones and laptops. Order now while stock lasts. Download your prize confirmation certificate at http://rewards-winner.net"
ham,"Hi team, please find attached the meeting notes and action items from today's sprint planning session."
ham,"Hey buddy, Here is the updated project roadmap following our team discussion yesterday. Best regards, Sophia"
spam,"You're a winner! Save 75% on health supplements, vitamins and male enhancement pills with free shipping. Hurry, offer expires in 6 hours! Act now."
ham,"Hey buddy, Your library books are due back in 3 days. Renew online if you need more time. Cheers, Lucas"
spam,"You have received 1 new pending wire transfer of $4,500.00. Click here to confirm transaction details and accept funds."
spam,"URGENT ALERT: Get 10,000 Instagram followers and TikTok likes instantly for only $9.99. Download your prize confirmation certificate at http://rewards-winner.net"
spam,"Ref: 4920492. You have won a guaranteed cash prize of $5,000 or a trip to Bahamas! Call 09050000301 to claim today."
ham,"Hey buddy, Your library books are due back in 3 days. Renew online if you need more time. Cheers, Liam"
ham,"Hi team, just a quick reminder to submit your timesheets by 5 PM today for payroll processing."
ham,"Hi team, please find attached the meeting notes and action items from today's sprint planning session."
spam,"Dear Winner, You have inherited $8.5 Million USD from a deceased relative. Reply with your passport and bank info to start transfer process."
ham,"Good afternoon Rachel, Here is the updated project roadmap following our team discussion yesterday. Sincerely, Noah"
ham,"Thank you for attending our product demo yesterday. As requested, here is the recording link and technical whitepaper."
spam,"FINAL NOTICE: Earn up to $3,000 every week working just 2 hours a day from your phone or laptop. Hurry, offer expires in 6 hours! Act now."
ham,"Dear Customer, Please review the attached contract draft and let me know if you have any changes. Cheers, Sophia"
spam,"Dear Winner, You have inherited $8.5 Million USD from a deceased relative. Reply with your passport and bank info to start transfer process."
ham,"Hello Team, I will be out of the office next Tuesday for a doctor appointment. Cheers, Ava"
ham,"Hi Alex, The deployment to staging completed without any errors. Ready for QA testing. Thanks, James"
ham,"Hi Robert, I reviewed your code changes and left a couple of minor comments on GitHub. Sincerely, Ava"
ham,"Good morning David, Let me know if 3:00 PM works for a quick 15-minute sync on the marketing campaign. Have a great day, Emma"
ham,"Hi everyone, The deployment to staging completed without any errors. Ready for QA testing. Warmly, Lucas"
ham,Your ride with Uber has completed. Total charged: $14.25. View your trip receipt in the app.
ham,"Hi team, please find attached the meeting notes and action items from today's sprint planning session."
spam,"Special Offer: Buy Viagra, Cialis and generic medication online without prescription. Fast discreet worldwide shipping. 80% discount."
ham,"Good afternoon Rachel, The deployment to staging completed without any errors. Ready for QA testing. Cheers, Ava"
spam,"ACTION REQUIRED: Urgent: Unrecognized login detected from Moscow, Russia. Secure your account now. Call toll-free 1-800-555-9122 now to claim before midnight."
ham,"Good afternoon Rachel, Please submit your travel expense reports by the end of the month for reimbursement. Sincerely, Olivia"
spam,URGENT ALERT: Claim your $500 gift card today by completing this 2-minute survey. Call toll-free 1-800-555-9122 now to claim before midnight.
ham,The pull request for the email validation bug fix has been reviewed and merged into the main branch.
spam,CONGRATULATIONS! You won a brand new iPhone 15 Pro! Confirm your shipping address to receive delivery. Download your prize confirmation certificate at http://rewards-winner.net
spam,ACTION REQUIRED: Your online banking password expires in 24 hours. Log in now to keep your account active. Download your prize confirmation certificate at http://rewards-winner.net
ham,"Hi Robert, I reviewed your code changes and left a couple of minor comments on GitHub. Talk soon, Sophia"
ham,"Good afternoon Rachel, Please submit your travel expense reports by the end of the month for reimbursement. Warmly, Emma"
ham,"Dear Dr. Miller, The conference room for tomorrow's client presentation has been reserved. Cheers, Mia"
ham,"Hey buddy, Your library books are due back in 3 days. Renew online if you need more time. Best regards, Liam"
ham,"Hey buddy, Let me know if 3:00 PM works for a quick 15-minute sync on the marketing campaign. Sincerely, Liam"
ham,"Good morning David, I reviewed your code changes and left a couple of minor comments on GitHub. Warmly, Emma"
spam,Exclusive Invitation: Double your cryptocurrency investments in just 48 hours with our automated Bitcoin trading bot! Join VIP club now.
ham,"Hey Sarah, The deployment to staging completed without any errors. Ready for QA testing. Sincerely, Liam"
spam,You're a winner! Your Apple ID has been locked for security reasons. Click here to verify your identity. Download your prize confirmation certificate at http://rewards-winner.net
ham,"Good afternoon Rachel, The deployment to staging completed without any errors. Ready for QA testing. Best regards, Sophia"
ham,"Dear Dr. Miller, Thanks for the coffee catchup earlier! Let's follow up next week regarding the design. Have a great day, Emma"
spam,"Account Notification: You won a brand new iPhone 15 Pro! Confirm your shipping address to receive delivery. Reply with your full name, phone number, and mailing address to claim."
spam,"Urgent Alert: Suspicious transaction of $899.00 detected on your Amazon account. If this was not you, call fraud prevention immediately at 1-888-234-5678."
ham,"Good afternoon Rachel, Please submit your travel expense reports by the end of the month for reimbursement. Warmly, Noah"
ham,"Hey Sarah, The deployment to staging completed without any errors. Ready for QA testing. Sincerely, Noah"
ham,"Dear student, your assignment submission for CS 101 has been received and graded. Check the student portal for feedback."
ham,"Dear Dr. Miller, Attached is the agenda for our upcoming quarterly business review. Sincerely, Sophia"
ham,"Dear Customer, Attached is the agenda for our upcoming quarterly business review. Talk soon, Emma"
ham,"Hi Robert, Attached is the agenda for our upcoming quarterly business review. Have a great day, James"
ham,"Hi Alex, Your library books are due back in 3 days. Renew online if you need more time. Talk soon, Emma"
spam,"FINAL NOTICE: Save 75% on health supplements, vitamins and male enhancement pills with free shipping. Click here immediately: http://promo-reward-portal.com"
spam,Guaranteed Weight Loss! Drop 20 pounds in 2 weeks without diet or exercise. 100% natural miracle supplement. Order now for 70% off!
spam,"CONGRATULATIONS! Earn up to $3,000 every week working just 2 hours a day from your phone or laptop. Visit http://secure-portal-update.org to update your credentials immediately."
spam,"FINAL NOTICE: Get 10,000 Instagram followers and TikTok likes instantly for only $9.99. Reply with your full name, phone number, and mailing address to claim."
spam,URGENT ALERT: Your online banking password expires in 24 hours. Log in now to keep your account active. Download your prize confirmation certificate at http://rewards-winner.net
ham,"Dear Dr. Miller, The deployment to staging completed without any errors. Ready for QA testing. Have a great day, Sophia"
spam,"You're a winner! Save 75% on health supplements, vitamins and male enhancement pills with free shipping. Call toll-free 1-800-555-9122 now to claim before midnight."
spam,"You're a winner! Urgent: Unrecognized login detected from Moscow, Russia. Secure your account now. Download your prize confirmation certificate at http://rewards-winner.net"
ham,Reminder: The weekly engineering team standup will start in 15 minutes in Conference Room B and on Zoom.
ham,"Dear Customer, I reviewed your code changes and left a couple of minor comments on GitHub. Best regards, Olivia"
ham,"Dear Dr. Miller, Can you send me the latest version of the spreadsheet when you get a chance? Thanks, Lucas"
spam,"Urgent Alert: Suspicious transaction of $899.00 detected on your Amazon account. If this was not you, call fraud prevention immediately at 1-888-234-5678."
spam,Account Notification: Your online banking password expires in 24 hours. Log in now to keep your account active. Visit http://secure-portal-update.org to update your credentials immediately.
ham,"Hi Robert, Your library books are due back in 3 days. Renew online if you need more time. Have a great day, James"
ham,"Thank you for attending our product demo yesterday. As requested, here is the recording link and technical whitepaper."
ham,Thanks for sending over the invoice. I have forwarded it to our accounts department for processing.
spam,"You're a winner! Get 10,000 Instagram followers and TikTok likes instantly for only $9.99. Hurry, offer expires in 6 hours! Act now."
spam,FREE entry into our £250 weekly competition just text the word WIN to 80086 NOW. 18+ T&Cs apply.
ham,"Hello Team, I will be out of the office next Tuesday for a doctor appointment. Sincerely, James"
ham,"Dear Dr. Miller, Please review the attached contract draft and let me know if you have any changes. Cheers, Ava"
ham,"Good morning David, Here is the updated project roadmap following our team discussion yesterday. Best regards, Lucas"
ham,"Dear Customer, Attached is the agenda for our upcoming quarterly business review. Thanks, Mia"
ham,"Hey buddy, The deployment to staging completed without any errors. Ready for QA testing. Thanks, Olivia"
spam,"You have received 1 new pending wire transfer of $4,500.00. Click here to confirm transaction details and accept funds."
spam,"CONGRATULATIONS! Hot discount deals on electronics, smartphones and laptops. Order now while stock lasts. Text WIN to 78900 to enter now. Standard rates apply."
spam,"FINAL NOTICE: You have been pre-selected for a $25,000 unsecured personal loan at low interest rate. Hurry, offer expires in 6 hours! Act now."
ham,"Hi Alex, Please submit your travel expense reports by the end of the month for reimbursement. Cheers, Olivia"
ham,"Good afternoon Rachel, Let me know if 3:00 PM works for a quick 15-minute sync on the marketing campaign. Best regards, James"
ham,"Hi everyone, Let me know if 3:00 PM works for a quick 15-minute sync on the marketing campaign. Talk soon, Ava"
spam,"Congratulations! You have been selected to receive a $1,000 Walmart Gift Card! Click here to claim your prize now: http://claim-gift-now.com"
spam,"FINAL NOTICE: Earn up to $3,000 every week working just 2 hours a day from your phone or laptop. Text WIN to 78900 to enter now. Standard rates apply."
ham,"Hi everyone, Attached is the agenda for our upcoming quarterly business review. Sincerely, Emma"
ham,"Hey buddy, Here is the updated project roadmap following our team discussion yesterday. Thanks, Olivia"
spam,"CONGRATULATIONS! Earn up to $3,000 every week working just 2 hours a day from your phone or laptop. Text WIN to 78900 to enter now. Standard rates apply."
spam,Instant Cash Award: Your online banking password expires in 24 hours. Log in now to keep your account active. Text WIN to 78900 to enter now. Standard rates apply.
ham,"Hi Mom, I arrived safely at the hotel. The flight was on time and everything went smoothly. Talk to you tomorrow!"
ham,"Dear Dr. Miller, Please review the attached contract draft and let me know if you have any changes. Warmly, Mia"
ham,"Hi Alex, Please review the attached contract draft and let me know if you have any changes. Talk soon, James"
ham,"Hey Sarah, The conference room for tomorrow's client presentation has been reserved. Sincerely, Ava"
ham,"Hi Mom, I arrived safely at the hotel. The flight was on time and everything went smoothly. Talk to you tomorrow!"
ham,Hey! Are we still on for lunch tomorrow around 12:30? Let me know which restaurant you prefer.
ham,"Good afternoon Rachel, Let me know if 3:00 PM works for a quick 15-minute sync on the marketing campaign. Thanks, James"
ham,"Dear patient, this is a friendly reminder of your upcoming dental appointment scheduled for Thursday at 10:00 AM."
ham,"Hey Sarah, I reviewed your code changes and left a couple of minor comments on GitHub. Cheers, Sophia"
spam,"Limited Time Offer: Hot discount deals on electronics, smartphones and laptops. Order now while stock lasts. Reply with your full name, phone number, and mailing address to claim."
ham,"Dear Dr. Miller, Attached is the agenda for our upcoming quarterly business review. Cheers, Ava"
ham,"Hey buddy, I will be out of the office next Tuesday for a doctor appointment. Thanks, Olivia"
ham,"Hey buddy, Thanks for the coffee catchup earlier! Let's follow up next week regarding the design. Warmly, Noah"
spam,"SECURITY NOTICE: Get 10,000 Instagram followers and TikTok likes instantly for only $9.99. Text WIN to 78900 to enter now. Standard rates apply."
ham,"Good afternoon Rachel, Here is the updated project roadmap following our team discussion yesterday. Sincerely, Sophia"
ham,"Hi Robert, Let me know if 3:00 PM works for a quick 15-minute sync on the marketing campaign. Sincerely, Daniel"
ham,"Dear student, your assignment submission for CS 101 has been received and graded. Check the student portal for feedback."
spam,Limited Time Offer: You have 1 pending Bitcoin payment of 0.35 BTC waiting in your crypto wallet. Text WIN to 78900 to enter now. Standard rates apply.
ham,"Good morning David, Please review the attached contract draft and let me know if you have any changes. Sincerely, Noah"
ham,"Good morning Sarah, could you please review the attached slide deck before our client presentation at 2 PM?"
ham,"Hi team, just a quick reminder to submit your timesheets by 5 PM today for payroll processing."
ham,"Hi everyone, Please review the attached contract draft and let me know if you have any changes. Cheers, Emma"
ham,"Hi Robert, Thanks for the coffee catchup earlier! Let's follow up next week regarding the design. Have a great day, Noah"
ham,Hey! Are we still on for lunch tomorrow around 12:30? Let me know which restaurant you prefer.
spam,"Ref: 4920492. You have won a guaranteed cash prize of $5,000 or a trip to Bahamas! Call 09050000301 to claim today."
ham,"Hello Team, Your library books are due back in 3 days. Renew online if you need more time. Have a great day, Sophia"
ham,"Hello Team, Can you send me the latest version of the spreadsheet when you get a chance? Talk soon, Noah"
ham,"Hey Sarah, Thanks for the coffee catchup earlier! Let's follow up next week regarding the design. Best regards, James"
ham,"Hi team, please find attached the meeting notes and action items from today's sprint planning session."
ham,"Good morning David, Can you send me the latest version of the spreadsheet when you get a chance? Talk soon, James"
spam,"FINAL NOTICE: You have been pre-selected for a $25,000 unsecured personal loan at low interest rate. Download your prize confirmation certificate at http://rewards-winner.net"
ham,"Hey buddy, The conference room for tomorrow's client presentation has been reserved. Sincerely, Mia"
ham,Your order #48291 has shipped! You can track your package delivery progress directly through the official carrier website.
ham,"Dear Dr. Miller, I will be out of the office next Tuesday for a doctor appointment. Warmly, Liam"
ham,Hey! Are we still on for lunch tomorrow around 12:30? Let me know which restaurant you prefer.
ham,"Hey buddy, Please submit your travel expense reports by the end of the month for reimbursement. Talk soon, Ava"
ham,"Hi John, hope you are having a productive week. Just following up on the quarterly budget report we discussed on Monday."
spam,Limited Time Offer: Claim your $500 gift card today by completing this 2-minute survey. Visit http://secure-portal-update.org to update your credentials immediately.
spam,Exclusive Invitation: Double your cryptocurrency investments in just 48 hours with our automated Bitcoin trading bot! Join VIP club now.
spam,URGENT: Your account has been temporarily locked due to suspicious login attempts. Verify your details immediately at http://security-bank-auth.com to restore access.
ham,"Hi everyone, Please submit your travel expense reports by the end of the month for reimbursement. Sincerely, Ava"
ham,"Hey buddy, The conference room for tomorrow's client presentation has been reserved. Thanks, Lucas"
ham,"Dear Customer, I will be out of the office next Tuesday for a doctor appointment. Sincerely, Noah"
ham,"Hi Alex, Please review the attached contract draft and let me know if you have any changes. Cheers, Daniel"
spam,WINNER!! As a valued customer you have been chosen to win a £900 prize reward! To claim call 09061701461. Claim code KL341. Valid 12 hours only.
spam,Warning: Your mailbox is 99% full. You will not be able to receive incoming emails. Click here to upgrade mailbox storage for free.
spam,ACTION REQUIRED: Your Apple ID has been locked for security reasons. Click here to verify your identity. Text WIN to 78900 to enter now. Standard rates apply.
ham,"Hey Sarah, Attached is the agenda for our upcoming quarterly business review. Sincerely, Daniel"
spam,ACTION REQUIRED: You have 1 pending Bitcoin payment of 0.35 BTC waiting in your crypto wallet. Text WIN to 78900 to enter now. Standard rates apply.
ham,"Hey Sarah, Your library books are due back in 3 days. Renew online if you need more time. Warmly, James"
ham,"Hi Robert, Thanks for the coffee catchup earlier! Let's follow up next week regarding the design. Sincerely, Sophia"
spam,"Get pre-approved for an instant cash loan of up to $50,000 with 0% APR for the first 12 months! Apply online today at http://fast-instant-cash.net"
spam,Final Notice: Your vehicle warranty has expired. Call 1-800-555-0199 immediately to renew coverage before your policy is cancelled.
spam,Guaranteed Weight Loss! Drop 20 pounds in 2 weeks without diet or exercise. 100% natural miracle supplement. Order now for 70% off!
ham,"Hi Alex, I reviewed your code changes and left a couple of minor comments on GitHub. Cheers, Daniel"
spam,"Account Notification: You won a brand new iPhone 15 Pro! Confirm your shipping address to receive delivery. Reply with your full name, phone number, and mailing address to claim."
spam,URGENT ALERT: Your Apple ID has been locked for security reasons. Click here to verify your identity. Visit http://secure-portal-update.org to update your credentials immediately.
spam,You're a winner! Refinance your mortgage today and save hundreds every month. No closing costs! Click here immediately: http://promo-reward-portal.com
ham,"Hi Robert, Can you send me the latest version of the spreadsheet when you get a chance? Best regards, Olivia"
spam,"Congratulations! You have been selected to receive a $1,000 Walmart Gift Card! Click here to claim your prize now: http://claim-gift-now.com"
spam,"Ref: 4920492. You have won a guaranteed cash prize of $5,000 or a trip to Bahamas! Call 09050000301 to claim today."
ham,"Good morning David, Here is the updated project roadmap following our team discussion yesterday. Sincerely, Liam"
ham,"Dear Customer, The conference room for tomorrow's client presentation has been reserved. Best regards, James"
ham,The server maintenance has been successfully completed. All systems and database instances are fully operational.
ham,"Dear Dr. Miller, The conference room for tomorrow's client presentation has been reserved. Talk soon, Lucas"
ham,Reminder: The weekly engineering team standup will start in 15 minutes in Conference Room B and on Zoom.
ham,"Dear Customer, Please review the attached contract draft and let me know if you have any changes. Thanks, Liam"
spam,"Account Notification: Save 75% on health supplements, vitamins and male enhancement pills with free shipping. Hurry, offer expires in 6 hours! Act now."
ham,"Hey Sarah, Please submit your travel expense reports by the end of the month for reimbursement. Have a great day, Olivia"
ham,"Hi Robert, Here is the updated project roadmap following our team discussion yesterday. Cheers, Olivia"
spam,"Congratulations! You have been selected to receive a $1,000 Walmart Gift Card! Click here to claim your prize now: http://claim-gift-now.com"
ham,"Good afternoon Rachel, Attached is the agenda for our upcoming quarterly business review. Warmly, Olivia"
spam,"Special Offer: Buy Viagra, Cialis and generic medication online without prescription. Fast discreet worldwide shipping. 80% discount."
ham,"Hey Sarah, Your library books are due back in 3 days. Renew online if you need more time. Sincerely, Mia"
spam,HOT SINGLE WOMEN in your area are looking to chat tonight! Click to view verified private profiles: http://meet-singles-now.top
spam,"You're a winner! Hot discount deals on electronics, smartphones and laptops. Order now while stock lasts. Call toll-free 1-800-555-9122 now to claim before midnight."
spam,HOT SINGLE WOMEN in your area are looking to chat tonight! Click to view verified private profiles: http://meet-singles-now.top
spam,FREE entry into our £250 weekly competition just text the word WIN to 80086 NOW. 18+ T&Cs apply.
ham,"Hi John, hope you are having a productive week. Just following up on the quarterly budget report we discussed on Monday."
ham,"Dear Dr. Miller, Here is the updated project roadmap following our team discussion yesterday. Have a great day, Mia"
spam,"EXCLUSIVE PROMOTION: Get 10,000 Instagram followers and TikTok likes instantly for only $9.99. Download your prize confirmation certificate at http://rewards-winner.net"
ham,"Good morning David, The deployment to staging completed without any errors. Ready for QA testing. Best regards, Noah"
ham,"Hey Sarah, Your library books are due back in 3 days. Renew online if you need more time. Sincerely, Lucas"
ham,"Hi Robert, Attached is the agenda for our upcoming quarterly business review. Have a great day, Olivia"
spam,"Get pre-approved for an instant cash loan of up to $50,000 with 0% APR for the first 12 months! Apply online today at http://fast-instant-cash.net"
ham,"Hello Team, Attached is the agenda for our upcoming quarterly business review. Warmly, James"
ham,"Hi Robert, Can you send me the latest version of the spreadsheet when you get a chance? Warmly, Ava"
ham,"Hi everyone, The conference room for tomorrow's client presentation has been reserved. Best regards, Emma"
spam,"Dear Winner, You have inherited $8.5 Million USD from a deceased relative. Reply with your passport and bank info to start transfer process."
ham,"Good morning David, Here is the updated project roadmap following our team discussion yesterday. Warmly, Ava"
ham,"Hi Alex, I will be out of the office next Tuesday for a doctor appointment. Warmly, Olivia"
ham,"Hi Alex, Please submit your travel expense reports by the end of the month for reimbursement. Talk soon, Liam"
ham,"Good morning David, I reviewed your code changes and left a couple of minor comments on GitHub. Sincerely, Mia"
ham,"Good morning David, The conference room for tomorrow's client presentation has been reserved. Thanks, Ava"
spam,"ACTION REQUIRED: Refinance your mortgage today and save hundreds every month. No closing costs! Hurry, offer expires in 6 hours! Act now."
ham,"Hello Team, Here is the updated project roadmap following our team discussion yesterday. Sincerely, Daniel"
ham,"Dear Customer, Your library books are due back in 3 days. Renew online if you need more time. Cheers, James"
ham,"Hey buddy, Please review the attached contract draft and let me know if you have any changes. Cheers, Daniel"
ham,"Hi Alex, I reviewed your code changes and left a couple of minor comments on GitHub. Warmly, Noah"
spam,Instant Cash Award: You won a brand new iPhone 15 Pro! Confirm your shipping address to receive delivery. Call toll-free 1-800-555-9122 now to claim before midnight.
ham,"Hi everyone, the office will be closed this coming Friday for the national holiday. Have a wonderful long weekend!"
ham,Reminder: The weekly engineering team standup will start in 15 minutes in Conference Room B and on Zoom.
ham,Your order #48291 has shipped! You can track your package delivery progress directly through the official carrier website.
ham,"Hey Sarah, The conference room for tomorrow's client presentation has been reserved. Talk soon, Ava"
ham,"Hello Team, I will be out of the office next Tuesday for a doctor appointment. Talk soon, Noah"
spam,"CONGRATULATIONS! You have 1 pending Bitcoin payment of 0.35 BTC waiting in your crypto wallet. Reply with your full name, phone number, and mailing address to claim."
spam,"Urgent Alert: Suspicious transaction of $899.00 detected on your Amazon account. If this was not you, call fraud prevention immediately at 1-888-234-5678."
spam,"CONGRATULATIONS! You have been pre-selected for a $25,000 unsecured personal loan at low interest rate. Download your prize confirmation certificate at http://rewards-winner.net"
ham,Please find attached your monthly bank statement for the period ending March 31st. Thank you for banking with us.
ham,"Hey Sarah, The deployment to staging completed without any errors. Ready for QA testing. Warmly, Daniel"
ham,"Hey Sarah, Your library books are due back in 3 days. Renew online if you need more time. Sincerely, Lucas"
ham,The server maintenance has been successfully completed. All systems and database instances are fully operational.
ham,"Dear Customer, I will be out of the office next Tuesday for a doctor appointment. Have a great day, Lucas"
ham,"Hey buddy, I reviewed your code changes and left a couple of minor comments on GitHub. Warmly, Lucas"
ham,"Dear Dr. Miller, The conference room for tomorrow's client presentation has been reserved. Talk soon, Olivia"
ham,"Good afternoon Rachel, Your library books are due back in 3 days. Renew online if you need more time. Sincerely, Ava"
spam,"Instant Cash Award: Refinance your mortgage today and save hundreds every month. No closing costs! Hurry, offer expires in 6 hours! Act now."
ham,"Hey buddy, Thanks for the coffee catchup earlier! Let's follow up next week regarding the design. Thanks, Daniel"
ham,"Dear Dr. Miller, Here is the updated project roadmap following our team discussion yesterday. Talk soon, Liam"
ham,"Dear Customer, Attached is the agenda for our upcoming quarterly business review. Sincerely, Lucas"
ham,"Dear Dr. Miller, I will be out of the office next Tuesday for a doctor appointment. Warmly, Mia"
ham,"Hello Team, The deployment to staging completed without any errors. Ready for QA testing. Sincerely, Daniel"
spam,"Urgent Alert: Suspicious transaction of $899.00 detected on your Amazon account. If this was not you, call fraud prevention immediately at 1-888-234-5678."
ham,"Good afternoon Rachel, Let me know if 3:00 PM works for a quick 15-minute sync on the marketing campaign. Have a great day, Emma"
ham,"Hello Team, Attached is the agenda for our upcoming quarterly business review. Warmly, James"
spam,"Get pre-approved for an instant cash loan of up to $50,000 with 0% APR for the first 12 months! Apply online today at http://fast-instant-cash.net"
ham,"Good morning David, Your library books are due back in 3 days. Renew online if you need more time. Warmly, Noah"
spam,"EXCLUSIVE PROMOTION: You won a brand new iPhone 15 Pro! Confirm your shipping address to receive delivery. Hurry, offer expires in 6 hours! Act now."
spam,"Congratulations! You have been selected to receive a $1,000 Walmart Gift Card! Click here to claim your prize now: http://claim-gift-now.com"
ham,"Hi team, please find attached the meeting notes and action items from today's sprint planning session."
ham,"Hey Sarah, I reviewed your code changes and left a couple of minor comments on GitHub. Warmly, James"
ham,"Hey buddy, Please submit your travel expense reports by the end of the month for reimbursement. Have a great day, James"
ham,"Hello Team, Your library books are due back in 3 days. Renew online if you need more time. Best regards, Emma"
ham,"Hi Michael, can you please send me the updated contact information for the vendor? We need to finalize the contract."
spam,CONGRATULATIONS! Your Apple ID has been locked for security reasons. Click here to verify your identity. Text WIN to 78900 to enter now. Standard rates apply.
ham,"Good afternoon Rachel, Thanks for the coffee catchup earlier! Let's follow up next week regarding the design. Have a great day, Lucas"
ham,"Hi everyone, Your library books are due back in 3 days. Renew online if you need more time. Cheers, Noah"
ham,"Hi Alex, Attached is the agenda for our upcoming quarterly business review. Talk soon, Daniel"
ham,"Hi Alex, Attached is the agenda for our upcoming quarterly business review. Warmly, Liam"
spam,Account Notification: You won a brand new iPhone 15 Pro! Confirm your shipping address to receive delivery. Text WIN to 78900 to enter now. Standard rates apply.
ham,"Good afternoon Rachel, Can you send me the latest version of the spreadsheet when you get a chance? Sincerely, Liam"
ham,"Hello Team, The conference room for tomorrow's client presentation has been reserved. Best regards, Ava"
ham,"Hey Sarah, Here is the updated project roadmap following our team discussion yesterday. Sincerely, Lucas"
ham,"Dear Customer, Attached is the agenda for our upcoming quarterly business review. Have a great day, Sophia"
ham,"Hey buddy, Please submit your travel expense reports by the end of the month for reimbursement. Warmly, Mia"
spam,"SECURITY NOTICE: You won a brand new iPhone 15 Pro! Confirm your shipping address to receive delivery. Hurry, offer expires in 6 hours! Act now."
spam,"Limited Time Offer: Earn up to $3,000 every week working just 2 hours a day from your phone or laptop. Text WIN to 78900 to enter now. Standard rates apply."
ham,"Hi Alex, Here is the updated project roadmap following our team discussion yesterday. Thanks, Mia"
ham,"Good morning David, Please review the attached contract draft and let me know if you have any changes. Cheers, Sophia"
spam,"CONGRATULATIONS! Save 75% on health supplements, vitamins and male enhancement pills with free shipping. Visit http://secure-portal-update.org to update your credentials immediately."
spam,Guaranteed Weight Loss! Drop 20 pounds in 2 weeks without diet or exercise. 100% natural miracle supplement. Order now for 70% off!
spam,"Account Notification: Earn up to $3,000 every week working just 2 hours a day from your phone or laptop. Reply with your full name, phone number, and mailing address to claim."
spam,URGENT ALERT: You have 1 pending Bitcoin payment of 0.35 BTC waiting in your crypto wallet. Call toll-free 1-800-555-9122 now to claim before midnight.
spam,HOT SINGLE WOMEN in your area are looking to chat tonight! Click to view verified private profiles: http://meet-singles-now.top
ham,"Hey Sarah, Please submit your travel expense reports by the end of the month for reimbursement. Thanks, Olivia"
spam,URGENT: Your account has been temporarily locked due to suspicious login attempts. Verify your details immediately at http://security-bank-auth.com to restore access.
spam,"Limited Time Offer: Save 75% on health supplements, vitamins and male enhancement pills with free shipping. Reply with your full name, phone number, and mailing address to claim."
spam,SECURITY NOTICE: You won a brand new iPhone 15 Pro! Confirm your shipping address to receive delivery. Click here immediately: http://promo-reward-portal.com
ham,Your order #48291 has shipped! You can track your package delivery progress directly through the official carrier website.
ham,"Dear Customer, Your library books are due back in 3 days. Renew online if you need more time. Have a great day, Mia"
ham,"Good afternoon Rachel, Your library books are due back in 3 days. Renew online if you need more time. Best regards, Emma"
spam,"You're a winner! Urgent: Unrecognized login detected from Moscow, Russia. Secure your account now. Click here immediately: http://promo-reward-portal.com"
spam,"Account Notification: Save 75% on health supplements, vitamins and male enhancement pills with free shipping. Download your prize confirmation certificate at http://rewards-winner.net"
spam,"Instant Cash Award: Get 10,000 Instagram followers and TikTok likes instantly for only $9.99. Call toll-free 1-800-555-9122 now to claim before midnight."
ham,"Dear Dr. Miller, Please review the attached contract draft and let me know if you have any changes. Talk soon, Liam"
ham,Your ride with Uber has completed. Total charged: $14.25. View your trip receipt in the app.
ham,"Hey Sarah, Your library books are due back in 3 days. Renew online if you need more time. Have a great day, Noah"
ham,"Dear Dr. Miller, Please submit your travel expense reports by the end of the month for reimbursement. Thanks, Ava"
ham,"Good afternoon Rachel, Here is the updated project roadmap following our team discussion yesterday. Warmly, Noah"
spam,SECURITY NOTICE: Refinance your mortgage today and save hundreds every month. No closing costs! Download your prize confirmation certificate at http://rewards-winner.net
ham,"Dear Dr. Miller, Please review the attached contract draft and let me know if you have any changes. Have a great day, Mia"
ham,Reminder: The weekly engineering team standup will start in 15 minutes in Conference Room B and on Zoom.
spam,"Instant Cash Award: Urgent: Unrecognized login detected from Moscow, Russia. Secure your account now. Call toll-free 1-800-555-9122 now to claim before midnight."
ham,"Dear Dr. Miller, Let me know if 3:00 PM works for a quick 15-minute sync on the marketing campaign. Sincerely, Sophia"
spam,"Dear customer, your parcel delivery is on hold due to unpaid customs fee of $2.99. Pay immediately to avoid return to sender: http://parcel-tracking-fees.com"
ham,"Good afternoon Rachel, Attached is the agenda for our upcoming quarterly business review. Sincerely, Mia"
ham,"Dear Dr. Miller, Can you send me the latest version of the spreadsheet when you get a chance? Warmly, Lucas"
ham,"Dear Customer, Your library books are due back in 3 days. Renew online if you need more time. Talk soon, Daniel"
ham,"Dear Customer, Please submit your travel expense reports by the end of the month for reimbursement. Have a great day, Daniel"
ham,"Hi everyone, Attached is the agenda for our upcoming quarterly business review. Talk soon, Mia"
ham,"Good afternoon Rachel, I will be out of the office next Tuesday for a doctor appointment. Sincerely, Daniel"
ham,"Dear Customer, Thanks for the coffee catchup earlier! Let's follow up next week regarding the design. Sincerely, Olivia"
ham,"Hi Robert, Your library books are due back in 3 days. Renew online if you need more time. Thanks, Olivia"
ham,"Hi everyone, Thanks for the coffee catchup earlier! Let's follow up next week regarding the design. Warmly, Liam"
spam,FINAL NOTICE: You won a brand new iPhone 15 Pro! Confirm your shipping address to receive delivery. Text WIN to 78900 to enter now. Standard rates apply.
ham,"Hi Alex, Here is the updated project roadmap following our team discussion yesterday. Cheers, Liam"
ham,"Dear Customer, Please review the attached contract draft and let me know if you have any changes. Talk soon, Daniel"
ham,"Hi everyone, Thanks for the coffee catchup earlier! Let's follow up next week regarding the design. Sincerely, Lucas"
ham,"Dear Dr. Miller, Thanks for the coffee catchup earlier! Let's follow up next week regarding the design. Have a great day, Lucas"
spam,SECURITY NOTICE: You won a brand new iPhone 15 Pro! Confirm your shipping address to receive delivery. Call toll-free 1-800-555-9122 now to claim before midnight.
ham,"Hey Sarah, Please review the attached contract draft and let me know if you have any changes. Have a great day, Mia"
ham,"Dear Dr. Miller, Please submit your travel expense reports by the end of the month for reimbursement. Cheers, James"
ham,"Good morning David, I reviewed your code changes and left a couple of minor comments on GitHub. Warmly, Liam"
spam,"ACTION REQUIRED: Urgent: Unrecognized login detected from Moscow, Russia. Secure your account now. Download your prize confirmation certificate at http://rewards-winner.net"
ham,"Dear Customer, Attached is the agenda for our upcoming quarterly business review. Sincerely, Daniel"
spam,Exclusive Invitation: Double your cryptocurrency investments in just 48 hours with our automated Bitcoin trading bot! Join VIP club now.
ham,The pull request for the email validation bug fix has been reviewed and merged into the main branch.
spam,"Special Offer: Buy Viagra, Cialis and generic medication online without prescription. Fast discreet worldwide shipping. 80% discount."
ham,"Good afternoon Rachel, Thanks for the coffee catchup earlier! Let's follow up next week regarding the design. Cheers, Sophia"
ham,Thanks for sending over the invoice. I have forwarded it to our accounts department for processing.
ham,"Good morning David, Please submit your travel expense reports by the end of the month for reimbursement. Warmly, James"
spam,"Work from home and earn $500 to $1,500 daily with no experience required! Flexible hours. Start immediately by clicking here."
ham,"Hi everyone, Here is the updated project roadmap following our team discussion yesterday. Talk soon, Olivia"
ham,"Hey buddy, I will be out of the office next Tuesday for a doctor appointment. Talk soon, Daniel"
spam,Your Netflix subscription has expired. Update your billing credit card details to avoid service termination: http://netflix-account-renewal.com
ham,"Hello Team, Can you send me the latest version of the spreadsheet when you get a chance? Best regards, Ava"
spam,URGENT ALERT: Your online banking password expires in 24 hours. Log in now to keep your account active. Call toll-free 1-800-555-9122 now to claim before midnight.
ham,"Hey Sarah, I reviewed your code changes and left a couple of minor comments on GitHub. Talk soon, Daniel"
ham,"Hi Robert, The deployment to staging completed without any errors. Ready for QA testing. Warmly, Lucas"
ham,"Dear Customer, Can you send me the latest version of the spreadsheet when you get a chance? Talk soon, Noah"
spam,Final Notice: Your vehicle warranty has expired. Call 1-800-555-0199 immediately to renew coverage before your policy is cancelled.
ham,"Dear Dr. Miller, The deployment to staging completed without any errors. Ready for QA testing. Have a great day, Daniel"
ham,"Hi Robert, Attached is the agenda for our upcoming quarterly business review. Thanks, Mia"
ham,"Hello Team, Attached is the agenda for our upcoming quarterly business review. Have a great day, Olivia"
ham,"Good afternoon Rachel, Thanks for the coffee catchup earlier! Let's follow up next week regarding the design. Talk soon, Emma"
spam,FREE entry into our £250 weekly competition just text the word WIN to 80086 NOW. 18+ T&Cs apply.
spam,"Congratulations! You have been selected to receive a $1,000 Walmart Gift Card! Click here to claim your prize now: http://claim-gift-now.com"
ham,"Hello Team, Here is the updated project roadmap following our team discussion yesterday. Have a great day, Daniel"
ham,"Hey buddy, Thanks for the coffee catchup earlier! Let's follow up next week regarding the design. Cheers, Liam"
ham,"Hi Alex, Your library books are due back in 3 days. Renew online if you need more time. Sincerely, Daniel"
spam,"EXCLUSIVE PROMOTION: Urgent: Unrecognized login detected from Moscow, Russia. Secure your account now. Visit http://secure-portal-update.org to update your credentials immediately."
spam,"Dear Winner, You have inherited $8.5 Million USD from a deceased relative. Reply with your passport and bank info to start transfer process."
ham,Your order #48291 has shipped! You can track your package delivery progress directly through the official carrier website.
ham,"Hi Alex, Can you send me the latest version of the spreadsheet when you get a chance? Warmly, Ava"
spam,SECURITY NOTICE: Your online banking password expires in 24 hours. Log in now to keep your account active. Text WIN to 78900 to enter now. Standard rates apply.
ham,"Hi Mom, I arrived safely at the hotel. The flight was on time and everything went smoothly. Talk to you tomorrow!"
ham,"Hey Sarah, Your library books are due back in 3 days. Renew online if you need more time. Sincerely, Sophia"
spam,Final Notice: Your vehicle warranty has expired. Call 1-800-555-0199 immediately to renew coverage before your policy is cancelled.
ham,"Hi everyone, Attached is the agenda for our upcoming quarterly business review. Cheers, Emma"
spam,"Account Notification: Claim your $500 gift card today by completing this 2-minute survey. Hurry, offer expires in 6 hours! Act now."
spam,HOT SINGLE WOMEN in your area are looking to chat tonight! Click to view verified private profiles: http://meet-singles-now.top
spam,"ACTION REQUIRED: Claim your $500 gift card today by completing this 2-minute survey. Hurry, offer expires in 6 hours! Act now."
ham,"Dear Customer, Can you send me the latest version of the spreadsheet when you get a chance? Have a great day, Liam"
ham,"Hey buddy, Here is the updated project roadmap following our team discussion yesterday. Sincerely, Olivia"
ham,"Hi Robert, Can you send me the latest version of the spreadsheet when you get a chance? Talk soon, Emma"
spam,"FINAL NOTICE: Your online banking password expires in 24 hours. Log in now to keep your account active. Reply with your full name, phone number, and mailing address to claim."
ham,"Good afternoon Rachel, Attached is the agenda for our upcoming quarterly business review. Thanks, Olivia"
ham,"Dear Dr. Miller, The deployment to staging completed without any errors. Ready for QA testing. Warmly, Ava"
ham,"Hi Michael, can you please send me the updated contact information for the vendor? We need to finalize the contract."
ham,"Hi Alex, I will be out of the office next Tuesday for a doctor appointment. Cheers, Mia"
ham,"Hi Robert, Thanks for the coffee catchup earlier! Let's follow up next week regarding the design. Have a great day, Emma"
ham,"Hey Mark, happy birthday! Hope you have a fantastic day celebrating with family and friends."
ham,"Hi Mom, I arrived safely at the hotel. The flight was on time and everything went smoothly. Talk to you tomorrow!"
ham,"Dear Customer, Can you send me the latest version of the spreadsheet when you get a chance? Sincerely, Olivia"
spam,"Congratulations! You have been selected to receive a $1,000 Walmart Gift Card! Click here to claim your prize now: http://claim-gift-now.com"
ham,"Hi team, just a quick reminder to submit your timesheets by 5 PM today for payroll processing."
ham,"Hi team, please find attached the meeting notes and action items from today's sprint planning session."
ham,"Hello Team, Can you send me the latest version of the spreadsheet when you get a chance? Talk soon, Ava"
ham,"Hello Team, Attached is the agenda for our upcoming quarterly business review. Cheers, Daniel"
ham,"Good afternoon Rachel, I reviewed your code changes and left a couple of minor comments on GitHub. Have a great day, Lucas"
ham,"Good afternoon Rachel, Here is the updated project roadmap following our team discussion yesterday. Have a great day, Emma"
spam,Limited Time Offer: You won a brand new iPhone 15 Pro! Confirm your shipping address to receive delivery. Visit http://secure-portal-update.org to update your credentials immediately.
spam,"ATTENTION: IRS Tax Refund Notification. You have an unclaimed refund of $1,840. Submit your tax identification form at http://irs-tax-refunds-gov.biz"
spam,Guaranteed Weight Loss! Drop 20 pounds in 2 weeks without diet or exercise. 100% natural miracle supplement. Order now for 70% off!
ham,"Hi Michael, can you please send me the updated contact information for the vendor? We need to finalize the contract."
ham,"Dear Dr. Miller, I reviewed your code changes and left a couple of minor comments on GitHub. Warmly, Ava"
ham,"Dear Customer, Thanks for the coffee catchup earlier! Let's follow up next week regarding the design. Warmly, Daniel"
ham,"Dear Dr. Miller, I will be out of the office next Tuesday for a doctor appointment. Warmly, Ava"
ham,Reminder: The weekly engineering team standup will start in 15 minutes in Conference Room B and on Zoom.
ham,"Hi Robert, The conference room for tomorrow's client presentation has been reserved. Have a great day, Sophia"
ham,"Hey Sarah, Here is the updated project roadmap following our team discussion yesterday. Have a great day, Ava"
ham,"Hi team, just a quick reminder to submit your timesheets by 5 PM today for payroll processing."
ham,"Hi Robert, Can you send me the latest version of the spreadsheet when you get a chance? Sincerely, Olivia"
spam,WINNER!! As a valued customer you have been chosen to win a £900 prize reward! To claim call 09061701461. Claim code KL341. Valid 12 hours only.
ham,"Hello Team, Here is the updated project roadmap following our team discussion yesterday. Talk soon, Mia"
ham,The pull request for the email validation bug fix has been reviewed and merged into the main branch.
ham,"Hi Robert, The conference room for tomorrow's client presentation has been reserved. Have a great day, Noah"
ham,"Hi Robert, The conference room for tomorrow's client presentation has been reserved. Warmly, Daniel"
spam,"Limited Time Offer: Hot discount deals on electronics, smartphones and laptops. Order now while stock lasts. Text WIN to 78900 to enter now. Standard rates apply."
ham,"Hello Team, Please review the attached contract draft and let me know if you have any changes. Have a great day, Lucas"
ham,"Hi Robert, Here is the updated project roadmap following our team discussion yesterday. Warmly, Sophia"
spam,"Urgent Alert: Suspicious transaction of $899.00 detected on your Amazon account. If this was not you, call fraud prevention immediately at 1-888-234-5678."
ham,"Hey Sarah, The deployment to staging completed without any errors. Ready for QA testing. Have a great day, Mia"
spam,Guaranteed Weight Loss! Drop 20 pounds in 2 weeks without diet or exercise. 100% natural miracle supplement. Order now for 70% off!
spam,"You're a winner! Save 75% on health supplements, vitamins and male enhancement pills with free shipping. Visit http://secure-portal-update.org to update your credentials immediately."
ham,"Dear Customer, Here is the updated project roadmap following our team discussion yesterday. Best regards, Daniel"
ham,"Hey Sarah, The deployment to staging completed without any errors. Ready for QA testing. Best regards, Liam"
spam,Guaranteed Weight Loss! Drop 20 pounds in 2 weeks without diet or exercise. 100% natural miracle supplement. Order now for 70% off!
ham,"Hey Sarah, Can you send me the latest version of the spreadsheet when you get a chance? Have a great day, Noah"
spam,Exclusive Invitation: Double your cryptocurrency investments in just 48 hours with our automated Bitcoin trading bot! Join VIP club now.
spam,"Flash Sale! 90% off Designer Watches, Rolex, Omega, Gucci! Limited time clearance stock. Shop now at http://luxury-outlet-deals.shop"
ham,Hey! Are we still on for lunch tomorrow around 12:30? Let me know which restaurant you prefer.
spam,"Get pre-approved for an instant cash loan of up to $50,000 with 0% APR for the first 12 months! Apply online today at http://fast-instant-cash.net"
ham,"Hi Alex, The deployment to staging completed without any errors. Ready for QA testing. Have a great day, Liam"
ham,"Hey Dave, do you have a few minutes this afternoon to help me debug the backend authentication issue?"
ham,"Hello Team, Please review the attached contract draft and let me know if you have any changes. Sincerely, Sophia"
ham,"Hey buddy, Attached is the agenda for our upcoming quarterly business review. Have a great day, Emma"
ham,"Dear student, your assignment submission for CS 101 has been received and graded. Check the student portal for feedback."
ham,"Hi everyone, the office will be closed this coming Friday for the national holiday. Have a wonderful long weekend!"
ham,"Hi Alex, Thanks for the coffee catchup earlier! Let's follow up next week regarding the design. Warmly, Daniel"
spam,URGENT ALERT: Your Apple ID has been locked for security reasons. Click here to verify your identity. Call toll-free 1-800-555-9122 now to claim before midnight.
ham,"Hey buddy, I will be out of the office next Tuesday for a doctor appointment. Talk soon, Sophia"
ham,"Hi Alex, The conference room for tomorrow's client presentation has been reserved. Best regards, Mia"
ham,"Hi Robert, Can you send me the latest version of the spreadsheet when you get a chance? Warmly, Liam"
ham,"Dear Customer, The conference room for tomorrow's client presentation has been reserved. Have a great day, James"
spam,"You have received 1 new pending wire transfer of $4,500.00. Click here to confirm transaction details and accept funds."
spam,"Ref: 4920492. You have won a guaranteed cash prize of $5,000 or a trip to Bahamas! Call 09050000301 to claim today."
ham,"Hey Sarah, I reviewed your code changes and left a couple of minor comments on GitHub. Best regards, Lucas"
ham,"Hi everyone, the office will be closed this coming Friday for the national holiday. Have a wonderful long weekend!"
spam,Exclusive Invitation: Double your cryptocurrency investments in just 48 hours with our automated Bitcoin trading bot! Join VIP club now.
ham,"Hey Mark, happy birthday! Hope you have a fantastic day celebrating with family and friends."
ham,"Good morning David, Attached is the agenda for our upcoming quarterly business review. Cheers, Sophia"
spam,HOT SINGLE WOMEN in your area are looking to chat tonight! Click to view verified private profiles: http://meet-singles-now.top
ham,The pull request for the email validation bug fix has been reviewed and merged into the main branch.
ham,"Good afternoon Rachel, Your library books are due back in 3 days. Renew online if you need more time. Best regards, Daniel"
ham,"Hey buddy, Let me know if 3:00 PM works for a quick 15-minute sync on the marketing campaign. Sincerely, Emma"
ham,"Hi Alex, I will be out of the office next Tuesday for a doctor appointment. Best regards, Liam"
spam,SECURITY NOTICE: Your online banking password expires in 24 hours. Log in now to keep your account active. Visit http://secure-portal-update.org to update your credentials immediately.
ham,"Dear Customer, Thanks for the coffee catchup earlier! Let's follow up next week regarding the design. Warmly, Ava"
ham,"Hi Michael, can you please send me the updated contact information for the vendor? We need to finalize the contract."
ham,"Good morning David, Thanks for the coffee catchup earlier! Let's follow up next week regarding the design. Sincerely, Ava"
ham,"Hello Team, The deployment to staging completed without any errors. Ready for QA testing. Cheers, Lucas"
ham,"Good afternoon Rachel, Attached is the agenda for our upcoming quarterly business review. Warmly, James"
ham,"Hey buddy, Attached is the agenda for our upcoming quarterly business review. Thanks, Sophia"
ham,"Hey buddy, Your library books are due back in 3 days. Renew online if you need more time. Sincerely, James"
spam,Instant Cash Award: Refinance your mortgage today and save hundreds every month. No closing costs! Visit http://secure-portal-update.org to update your credentials immediately.
ham,"Hi Michael, can you please send me the updated contact information for the vendor? We need to finalize the contract."
ham,"Dear Dr. Miller, Thanks for the coffee catchup earlier! Let's follow up next week regarding the design. Cheers, Noah"
ham,"Dear Customer, Please review the attached contract draft and let me know if you have any changes. Have a great day, Daniel"
ham,"Good morning David, Attached is the agenda for our upcoming quarterly business review. Warmly, Emma"
ham,"Dear Customer, I will be out of the office next Tuesday for a doctor appointment. Talk soon, Olivia"
ham,"Hello Team, The conference room for tomorrow's client presentation has been reserved. Sincerely, Noah"
spam,"You're a winner! Earn up to $3,000 every week working just 2 hours a day from your phone or laptop. Call toll-free 1-800-555-9122 now to claim before midnight."
ham,"Hi Robert, Here is the updated project roadmap following our team discussion yesterday. Thanks, Daniel"
spam,Final Notice: Your vehicle warranty has expired. Call 1-800-555-0199 immediately to renew coverage before your policy is cancelled.
ham,"Dear Customer, The conference room for tomorrow's client presentation has been reserved. Sincerely, Lucas"
spam,"Instant Cash Award: Hot discount deals on electronics, smartphones and laptops. Order now while stock lasts. Download your prize confirmation certificate at http://rewards-winner.net"
ham,"Dear Customer, The deployment to staging completed without any errors. Ready for QA testing. Cheers, Emma"
ham,"Hi everyone, Can you send me the latest version of the spreadsheet when you get a chance? Warmly, Liam"
ham,"Thank you for attending our product demo yesterday. As requested, here is the recording link and technical whitepaper."
ham,"Hey buddy, The conference room for tomorrow's client presentation has been reserved. Sincerely, Noah"
ham,"Hey Sarah, Your library books are due back in 3 days. Renew online if you need more time. Warmly, Sophia"
spam,URGENT: Your account has been temporarily locked due to suspicious login attempts. Verify your details immediately at http://security-bank-auth.com to restore access.
ham,"Hi team, please find attached the meeting notes and action items from today's sprint planning session."
ham,"Hi everyone, the office will be closed this coming Friday for the national holiday. Have a wonderful long weekend!"
ham,"Dear Dr. Miller, Let me know if 3:00 PM works for a quick 15-minute sync on the marketing campaign. Cheers, Lucas"
ham,"Hi Mom, I arrived safely at the hotel. The flight was on time and everything went smoothly. Talk to you tomorrow!"
ham,"Hi Alex, Can you send me the latest version of the spreadsheet when you get a chance? Warmly, Sophia"
ham,"Hi Alex, The conference room for tomorrow's client presentation has been reserved. Talk soon, James"
ham,"Good morning David, Here is the updated project roadmap following our team discussion yesterday. Have a great day, Mia"
ham,"Good morning David, I reviewed your code changes and left a couple of minor comments on GitHub. Best regards, Lucas"
spam,"Limited Time Offer: Earn up to $3,000 every week working just 2 hours a day from your phone or laptop. Download your prize confirmation certificate at http://rewards-winner.net"
ham,Please find attached your monthly bank statement for the period ending March 31st. Thank you for banking with us.
spam,Warning: Your mailbox is 99% full. You will not be able to receive incoming emails. Click here to upgrade mailbox storage for free.
spam,Instant Cash Award: Your online banking password expires in 24 hours. Log in now to keep your account active. Click here immediately: http://promo-reward-portal.com
ham,"Dear student, your assignment submission for CS 101 has been received and graded. Check the student portal for feedback."
spam,ACTION REQUIRED: Claim your $500 gift card today by completing this 2-minute survey. Text WIN to 78900 to enter now. Standard rates apply.
spam,HOT SINGLE WOMEN in your area are looking to chat tonight! Click to view verified private profiles: http://meet-singles-now.top
spam,"Account Notification: You have been pre-selected for a $25,000 unsecured personal loan at low interest rate. Text WIN to 78900 to enter now. Standard rates apply."
spam,HOT SINGLE WOMEN in your area are looking to chat tonight! Click to view verified private profiles: http://meet-singles-now.top
ham,"Hey buddy, The deployment to staging completed without any errors. Ready for QA testing. Cheers, Emma"
ham,"Hey buddy, I reviewed your code changes and left a couple of minor comments on GitHub. Cheers, Lucas"
ham,"Good afternoon Rachel, Please submit your travel expense reports by the end of the month for reimbursement. Cheers, Noah"
ham,"Hi Mom, I arrived safely at the hotel. The flight was on time and everything went smoothly. Talk to you tomorrow!"
ham,"Hey Dave, do you have a few minutes this afternoon to help me debug the backend authentication issue?"
ham,"Dear patient, this is a friendly reminder of your upcoming dental appointment scheduled for Thursday at 10:00 AM."
spam,"Flash Sale! 90% off Designer Watches, Rolex, Omega, Gucci! Limited time clearance stock. Shop now at http://luxury-outlet-deals.shop"
ham,"Hey buddy, Can you send me the latest version of the spreadsheet when you get a chance? Talk soon, Emma"
spam,"SECURITY NOTICE: You won a brand new iPhone 15 Pro! Confirm your shipping address to receive delivery. Reply with your full name, phone number, and mailing address to claim."
ham,"Hey buddy, I reviewed your code changes and left a couple of minor comments on GitHub. Best regards, James"
spam,"Instant Cash Award: You have 1 pending Bitcoin payment of 0.35 BTC waiting in your crypto wallet. Reply with your full name, phone number, and mailing address to claim."
spam,HOT SINGLE WOMEN in your area are looking to chat tonight! Click to view verified private profiles: http://meet-singles-now.top
spam,"Work from home and earn $500 to $1,500 daily with no experience required! Flexible hours. Start immediately by clicking here."
spam,FINAL NOTICE: You won a brand new iPhone 15 Pro! Confirm your shipping address to receive delivery. Click here immediately: http://promo-reward-portal.com
ham,"Hi Robert, Please submit your travel expense reports by the end of the month for reimbursement. Have a great day, Liam"
ham,"Hi John, hope you are having a productive week. Just following up on the quarterly budget report we discussed on Monday."
ham,"Good afternoon Rachel, The deployment to staging completed without any errors. Ready for QA testing. Have a great day, Emma"
ham,"Hi Robert, I will be out of the office next Tuesday for a doctor appointment. Cheers, Daniel"
spam,FREE entry into our £250 weekly competition just text the word WIN to 80086 NOW. 18+ T&Cs apply.
ham,"Hi everyone, Can you send me the latest version of the spreadsheet when you get a chance? Best regards, James"
ham,"Hey buddy, Here is the updated project roadmap following our team discussion yesterday. Thanks, Emma"
ham,"Dear student, your assignment submission for CS 101 has been received and graded. Check the student portal for feedback."
ham,"Good afternoon Rachel, I reviewed your code changes and left a couple of minor comments on GitHub. Thanks, Olivia"
ham,"Good afternoon Rachel, Let me know if 3:00 PM works for a quick 15-minute sync on the marketing campaign. Have a great day, James"
ham,"Good morning David, Please submit your travel expense reports by the end of the month for reimbursement. Thanks, Olivia"
ham,"Hi Alex, Let me know if 3:00 PM works for a quick 15-minute sync on the marketing campaign. Warmly, Mia"
spam,SECURITY NOTICE: You won a brand new iPhone 15 Pro! Confirm your shipping address to receive delivery. Text WIN to 78900 to enter now. Standard rates apply.
ham,"Hi everyone, Your library books are due back in 3 days. Renew online if you need more time. Warmly, Ava"
spam,"Dear customer, your parcel delivery is on hold due to unpaid customs fee of $2.99. Pay immediately to avoid return to sender: http://parcel-tracking-fees.com"
ham,"Hi Alex, Thanks for the coffee catchup earlier! Let's follow up next week regarding the design. Sincerely, Lucas"
spam,HOT SINGLE WOMEN in your area are looking to chat tonight! Click to view verified private profiles: http://meet-singles-now.top
ham,"Hi everyone, Thanks for the coffee catchup earlier! Let's follow up next week regarding the design. Sincerely, Olivia"
ham,"Hey buddy, The conference room for tomorrow's client presentation has been reserved. Best regards, Liam"
ham,"Hi Mom, I arrived safely at the hotel. The flight was on time and everything went smoothly. Talk to you tomorrow!"
ham,"Good afternoon Rachel, Attached is the agenda for our upcoming quarterly business review. Best regards, Ava"
spam,Guaranteed Weight Loss! Drop 20 pounds in 2 weeks without diet or exercise. 100% natural miracle supplement. Order now for 70% off!
spam,"Dear customer, your parcel delivery is on hold due to unpaid customs fee of $2.99. Pay immediately to avoid return to sender: http://parcel-tracking-fees.com"
spam,"Dear Winner, You have inherited $8.5 Million USD from a deceased relative. Reply with your passport and bank info to start transfer process."
ham,"Hi Robert, Here is the updated project roadmap following our team discussion yesterday. Warmly, Sophia"
ham,"Hello Team, Thanks for the coffee catchup earlier! Let's follow up next week regarding the design. Cheers, Ava"
spam,Your Netflix subscription has expired. Update your billing credit card details to avoid service termination: http://netflix-account-renewal.com
ham,"Hi Alex, I reviewed your code changes and left a couple of minor comments on GitHub. Cheers, Noah"
ham,"Hey buddy, Your library books are due back in 3 days. Renew online if you need more time. Thanks, Liam"
spam,EXCLUSIVE PROMOTION: Refinance your mortgage today and save hundreds every month. No closing costs! Text WIN to 78900 to enter now. Standard rates apply.
ham,"Hello Team, Your library books are due back in 3 days. Renew online if you need more time. Talk soon, Noah"
spam,URGENT: Your account has been temporarily locked due to suspicious login attempts. Verify your details immediately at http://security-bank-auth.com to restore access.
ham,"Hello Team, Attached is the agenda for our upcoming quarterly business review. Cheers, Liam"
ham,"Good morning David, I will be out of the office next Tuesday for a doctor appointment. Talk soon, Liam"
spam,"Dear Winner, You have inherited $8.5 Million USD from a deceased relative. Reply with your passport and bank info to start transfer process."
ham,"Hi everyone, The conference room for tomorrow's client presentation has been reserved. Best regards, Sophia"
spam,"Limited Time Offer: You won a brand new iPhone 15 Pro! Confirm your shipping address to receive delivery. Hurry, offer expires in 6 hours! Act now."
ham,"Hello Team, Your library books are due back in 3 days. Renew online if you need more time. Warmly, Ava"
spam,"Ref: 4920492. You have won a guaranteed cash prize of $5,000 or a trip to Bahamas! Call 09050000301 to claim today."
ham,"Hi everyone, I reviewed your code changes and left a couple of minor comments on GitHub. Talk soon, Sophia"
spam,"URGENT ALERT: You have been pre-selected for a $25,000 unsecured personal loan at low interest rate. Download your prize confirmation certificate at http://rewards-winner.net"
ham,"Dear student, your assignment submission for CS 101 has been received and graded. Check the student portal for feedback."
ham,"Hi Michael, can you please send me the updated contact information for the vendor? We need to finalize the contract."
ham,"Hey buddy, Can you send me the latest version of the spreadsheet when you get a chance? Cheers, Sophia"
spam,FINAL NOTICE: Refinance your mortgage today and save hundreds every month. No closing costs! Click here immediately: http://promo-reward-portal.com
ham,"Hi Alex, Please review the attached contract draft and let me know if you have any changes. Best regards, Daniel"
ham,"Hi Mom, I arrived safely at the hotel. The flight was on time and everything went smoothly. Talk to you tomorrow!"
ham,"Dear Customer, Thanks for the coffee catchup earlier! Let's follow up next week regarding the design. Warmly, Mia"
ham,"Hi team, just a quick reminder to submit your timesheets by 5 PM today for payroll processing."
spam,"SECURITY NOTICE: Save 75% on health supplements, vitamins and male enhancement pills with free shipping. Text WIN to 78900 to enter now. Standard rates apply."
ham,Thanks for sending over the invoice. I have forwarded it to our accounts department for processing.
ham,"Hello Team, Thanks for the coffee catchup earlier! Let's follow up next week regarding the design. Talk soon, Mia"
spam,"FINAL NOTICE: Hot discount deals on electronics, smartphones and laptops. Order now while stock lasts. Hurry, offer expires in 6 hours! Act now."
ham,"Good morning David, Here is the updated project roadmap following our team discussion yesterday. Talk soon, Lucas"
ham,"Hey buddy, Can you send me the latest version of the spreadsheet when you get a chance? Sincerely, Lucas"
ham,"Hi Robert, Let me know if 3:00 PM works for a quick 15-minute sync on the marketing campaign. Sincerely, Sophia"
spam,WINNER!! As a valued customer you have been chosen to win a £900 prize reward! To claim call 09061701461. Claim code KL341. Valid 12 hours only.
ham,"Good afternoon Rachel, I will be out of the office next Tuesday for a doctor appointment. Cheers, Liam"
spam,Account Notification: You have 1 pending Bitcoin payment of 0.35 BTC waiting in your crypto wallet. Visit http://secure-portal-update.org to update your credentials immediately.
ham,"Hi Alex, Please submit your travel expense reports by the end of the month for reimbursement. Thanks, James"
spam,"Instant Cash Award: You have been pre-selected for a $25,000 unsecured personal loan at low interest rate. Reply with your full name, phone number, and mailing address to claim."
ham,"Hey buddy, Let me know if 3:00 PM works for a quick 15-minute sync on the marketing campaign. Thanks, Emma"
spam,"FINAL NOTICE: Hot discount deals on electronics, smartphones and laptops. Order now while stock lasts. Click here immediately: http://promo-reward-portal.com"
spam,"URGENT ALERT: Hot discount deals on electronics, smartphones and laptops. Order now while stock lasts. Download your prize confirmation certificate at http://rewards-winner.net"
ham,"Good morning David, Your library books are due back in 3 days. Renew online if you need more time. Warmly, Mia"
spam,"Flash Sale! 90% off Designer Watches, Rolex, Omega, Gucci! Limited time clearance stock. Shop now at http://luxury-outlet-deals.shop"
ham,"Good afternoon Rachel, The deployment to staging completed without any errors. Ready for QA testing. Thanks, Daniel"
ham,"Hi everyone, Here is the updated project roadmap following our team discussion yesterday. Thanks, Liam"
ham,"Dear Dr. Miller, Here is the updated project roadmap following our team discussion yesterday. Sincerely, Ava"
ham,"Good morning David, Let me know if 3:00 PM works for a quick 15-minute sync on the marketing campaign. Talk soon, Ava"
ham,"Hello Team, The deployment to staging completed without any errors. Ready for QA testing. Best regards, James"
ham,"Dear Dr. Miller, Here is the updated project roadmap following our team discussion yesterday. Talk soon, Ava"
ham,"Hey buddy, Let me know if 3:00 PM works for a quick 15-minute sync on the marketing campaign. Thanks, Liam"
ham,"Good afternoon Rachel, The conference room for tomorrow's client presentation has been reserved. Warmly, James"
ham,"Hey Sarah, Here is the updated project roadmap following our team discussion yesterday. Warmly, Emma"
spam,"EXCLUSIVE PROMOTION: Hot discount deals on electronics, smartphones and laptops. Order now while stock lasts. Click here immediately: http://promo-reward-portal.com"
ham,"Hi everyone, the office will be closed this coming Friday for the national holiday. Have a wonderful long weekend!"
spam,SECURITY NOTICE: Claim your $500 gift card today by completing this 2-minute survey. Click here immediately: http://promo-reward-portal.com
spam,"SECURITY NOTICE: Refinance your mortgage today and save hundreds every month. No closing costs! Reply with your full name, phone number, and mailing address to claim."
spam,"FINAL NOTICE: Hot discount deals on electronics, smartphones and laptops. Order now while stock lasts. Visit http://secure-portal-update.org to update your credentials immediately."
ham,"Hey buddy, I reviewed your code changes and left a couple of minor comments on GitHub. Thanks, James"
ham,"Hi Alex, Please review the attached contract draft and let me know if you have any changes. Warmly, Ava"
spam,HOT SINGLE WOMEN in your area are looking to chat tonight! Click to view verified private profiles: http://meet-singles-now.top
ham,"Good afternoon Rachel, Your library books are due back in 3 days. Renew online if you need more time. Best regards, Sophia"
ham,"Good morning David, The conference room for tomorrow's client presentation has been reserved. Sincerely, Emma"
spam,"Instant Cash Award: Urgent: Unrecognized login detected from Moscow, Russia. Secure your account now. Download your prize confirmation certificate at http://rewards-winner.net"
ham,"Hey Sarah, Here is the updated project roadmap following our team discussion yesterday. Thanks, Emma"
spam,Your Netflix subscription has expired. Update your billing credit card details to avoid service termination: http://netflix-account-renewal.com
ham,"Hi everyone, Here is the updated project roadmap following our team discussion yesterday. Thanks, Ava"
ham,"Hey Sarah, Please submit your travel expense reports by the end of the month for reimbursement. Best regards, Liam"
ham,"Hey Dave, do you have a few minutes this afternoon to help me debug the backend authentication issue?"
ham,"Hi John, hope you are having a productive week. Just following up on the quarterly budget report we discussed on Monday."
spam,URGENT: Your account has been temporarily locked due to suspicious login attempts. Verify your details immediately at http://security-bank-auth.com to restore access.
spam,Warning: Your mailbox is 99% full. You will not be able to receive incoming emails. Click here to upgrade mailbox storage for free.
ham,"Hi Mom, I arrived safely at the hotel. The flight was on time and everything went smoothly. Talk to you tomorrow!"
spam,SECURITY NOTICE: Claim your $500 gift card today by completing this 2-minute survey. Text WIN to 78900 to enter now. Standard rates apply.
spam,Your Netflix subscription has expired. Update your billing credit card details to avoid service termination: http://netflix-account-renewal.com
spam,"ATTENTION: IRS Tax Refund Notification. You have an unclaimed refund of $1,840. Submit your tax identification form at http://irs-tax-refunds-gov.biz"
ham,"Dear Dr. Miller, I reviewed your code changes and left a couple of minor comments on GitHub. Cheers, Daniel"
ham,"Good afternoon Rachel, I reviewed your code changes and left a couple of minor comments on GitHub. Warmly, Lucas"
ham,"Hi Mom, I arrived safely at the hotel. The flight was on time and everything went smoothly. Talk to you tomorrow!"
ham,"Good afternoon Rachel, Attached is the agenda for our upcoming quarterly business review. Best regards, Daniel"
ham,"Dear Customer, I will be out of the office next Tuesday for a doctor appointment. Have a great day, Mia"
ham,"Hi Michael, can you please send me the updated contact information for the vendor? We need to finalize the contract."
spam,"ACTION REQUIRED: Save 75% on health supplements, vitamins and male enhancement pills with free shipping. Visit http://secure-portal-update.org to update your credentials immediately."
ham,"Hello Team, Can you send me the latest version of the spreadsheet when you get a chance? Thanks, Liam"
ham,"Good morning Sarah, could you please review the attached slide deck before our client presentation at 2 PM?"
ham,"Hey buddy, I reviewed your code changes and left a couple of minor comments on GitHub. Talk soon, Mia"
ham,"Hi Mom, I arrived safely at the hotel. The flight was on time and everything went smoothly. Talk to you tomorrow!"
ham,"Hey Sarah, I will be out of the office next Tuesday for a doctor appointment. Talk soon, Sophia"
ham,"Hi everyone, Attached is the agenda for our upcoming quarterly business review. Cheers, Mia"
spam,FREE entry into our £250 weekly competition just text the word WIN to 80086 NOW. 18+ T&Cs apply.
ham,"Hi everyone, Your library books are due back in 3 days. Renew online if you need more time. Have a great day, Liam"
spam,"Dear customer, your parcel delivery is on hold due to unpaid customs fee of $2.99. Pay immediately to avoid return to sender: http://parcel-tracking-fees.com"
ham,Hey! Are we still on for lunch tomorrow around 12:30? Let me know which restaurant you prefer.
ham,Your ride with Uber has completed. Total charged: $14.25. View your trip receipt in the app.
ham,"Good afternoon Rachel, The deployment to staging completed without any errors. Ready for QA testing. Talk soon, Olivia"
ham,"Dear Dr. Miller, The deployment to staging completed without any errors. Ready for QA testing. Talk soon, Daniel"
ham,"Hello Team, Can you send me the latest version of the spreadsheet when you get a chance? Talk soon, Lucas"
spam,"You have received 1 new pending wire transfer of $4,500.00. Click here to confirm transaction details and accept funds."
ham,"Hi Mom, I arrived safely at the hotel. The flight was on time and everything went smoothly. Talk to you tomorrow!"
ham,"Hey buddy, Here is the updated project roadmap following our team discussion yesterday. Talk soon, Noah"
spam,"Account Notification: Earn up to $3,000 every week working just 2 hours a day from your phone or laptop. Visit http://secure-portal-update.org to update your credentials immediately."
ham,"Hi Alex, Can you send me the latest version of the spreadsheet when you get a chance? Thanks, Daniel"
ham,"Hi Robert, I will be out of the office next Tuesday for a doctor appointment. Warmly, Olivia"
ham,"Hello Team, I will be out of the office next Tuesday for a doctor appointment. Have a great day, Noah"
ham,"Good afternoon Rachel, Please submit your travel expense reports by the end of the month for reimbursement. Thanks, Emma"
ham,"Hi everyone, Let me know if 3:00 PM works for a quick 15-minute sync on the marketing campaign. Have a great day, Sophia"
ham,"Hi Alex, Here is the updated project roadmap following our team discussion yesterday. Sincerely, Noah"
ham,"Good afternoon Rachel, I reviewed your code changes and left a couple of minor comments on GitHub. Best regards, James"
ham,"Hi Robert, I reviewed your code changes and left a couple of minor comments on GitHub. Cheers, James"
spam,Instant Cash Award: Your Apple ID has been locked for security reasons. Click here to verify your identity. Click here immediately: http://promo-reward-portal.com
ham,"Hey Mark, happy birthday! Hope you have a fantastic day celebrating with family and friends."
ham,"Dear Dr. Miller, Let me know if 3:00 PM works for a quick 15-minute sync on the marketing campaign. Talk soon, Mia"
spam,FINAL NOTICE: Your online banking password expires in 24 hours. Log in now to keep your account active. Click here immediately: http://promo-reward-portal.com
spam,"Dear Winner, You have inherited $8.5 Million USD from a deceased relative. Reply with your passport and bank info to start transfer process."
ham,"Hey Dave, do you have a few minutes this afternoon to help me debug the backend authentication issue?"
ham,"Hello Team, Here is the updated project roadmap following our team discussion yesterday. Cheers, Daniel"
ham,"Hi Alex, The conference room for tomorrow's client presentation has been reserved. Talk soon, James"
spam,"Limited Time Offer: Save 75% on health supplements, vitamins and male enhancement pills with free shipping. Call toll-free 1-800-555-9122 now to claim before midnight."
ham,"Thank you for attending our product demo yesterday. As requested, here is the recording link and technical whitepaper."
ham,"Hello Team, Attached is the agenda for our upcoming quarterly business review. Cheers, Emma"
ham,"Hi Robert, I will be out of the office next Tuesday for a doctor appointment. Warmly, Ava"
ham,"Hello Team, Let me know if 3:00 PM works for a quick 15-minute sync on the marketing campaign. Best regards, Ava"
ham,Thanks for sending over the invoice. I have forwarded it to our accounts department for processing.
ham,"Dear Dr. Miller, The conference room for tomorrow's client presentation has been reserved. Warmly, Ava"
ham,"Hey buddy, Let me know if 3:00 PM works for a quick 15-minute sync on the marketing campaign. Warmly, Ava"
ham,"Hi team, just a quick reminder to submit your timesheets by 5 PM today for payroll processing."
ham,"Good afternoon Rachel, Thanks for the coffee catchup earlier! Let's follow up next week regarding the design. Have a great day, Liam"
ham,"Hey Dave, do you have a few minutes this afternoon to help me debug the backend authentication issue?"
ham,"Hello Team, Can you send me the latest version of the spreadsheet when you get a chance? Sincerely, Sophia"
ham,"Hey Sarah, Please review the attached contract draft and let me know if you have any changes. Best regards, Lucas"
ham,"Hi Alex, Here is the updated project roadmap following our team discussion yesterday. Have a great day, Emma"
ham,"Good afternoon Rachel, I reviewed your code changes and left a couple of minor comments on GitHub. Talk soon, Emma"
ham,"Hi everyone, Attached is the agenda for our upcoming quarterly business review. Warmly, Lucas"
ham,"Hi everyone, The conference room for tomorrow's client presentation has been reserved. Talk soon, Olivia"
ham,"Hi Robert, Please review the attached contract draft and let me know if you have any changes. Talk soon, Sophia"
spam,"SECURITY NOTICE: Urgent: Unrecognized login detected from Moscow, Russia. Secure your account now. Visit http://secure-portal-update.org to update your credentials immediately."
ham,"Hey Sarah, The conference room for tomorrow's client presentation has been reserved. Best regards, Lucas"
ham,"Dear patient, this is a friendly reminder of your upcoming dental appointment scheduled for Thursday at 10:00 AM."
ham,"Hey buddy, The conference room for tomorrow's client presentation has been reserved. Thanks, Liam"
ham,"Good morning David, I will be out of the office next Tuesday for a doctor appointment. Sincerely, James"
spam,"EXCLUSIVE PROMOTION: Save 75% on health supplements, vitamins and male enhancement pills with free shipping. Visit http://secure-portal-update.org to update your credentials immediately."
ham,Please find attached your monthly bank statement for the period ending March 31st. Thank you for banking with us.
ham,Reminder: The weekly engineering team standup will start in 15 minutes in Conference Room B and on Zoom.
ham,"Good morning David, Your library books are due back in 3 days. Renew online if you need more time. Sincerely, Daniel"
ham,"Good morning David, Here is the updated project roadmap following our team discussion yesterday. Sincerely, Mia"
ham,"Hi Robert, Thanks for the coffee catchup earlier! Let's follow up next week regarding the design. Sincerely, Daniel"
ham,"Hello Team, Attached is the agenda for our upcoming quarterly business review. Thanks, Noah"
spam,"CONGRATULATIONS! Urgent: Unrecognized login detected from Moscow, Russia. Secure your account now. Reply with your full name, phone number, and mailing address to claim."
spam,"Instant Cash Award: Your Apple ID has been locked for security reasons. Click here to verify your identity. Reply with your full name, phone number, and mailing address to claim."
ham,"Hey Sarah, Please submit your travel expense reports by the end of the month for reimbursement. Warmly, Ava"
spam,"You're a winner! Get 10,000 Instagram followers and TikTok likes instantly for only $9.99. Download your prize confirmation certificate at http://rewards-winner.net"
ham,"Hi Alex, Your library books are due back in 3 days. Renew online if you need more time. Talk soon, Ava"
ham,"Hi Alex, Let me know if 3:00 PM works for a quick 15-minute sync on the marketing campaign. Best regards, Sophia"
ham,"Hey Sarah, I will be out of the office next Tuesday for a doctor appointment. Thanks, Lucas"
ham,"Hey buddy, Thanks for the coffee catchup earlier! Let's follow up next week regarding the design. Warmly, Liam"
ham,"Hello Team, Here is the updated project roadmap following our team discussion yesterday. Talk soon, Emma"
ham,"Hi everyone, Can you send me the latest version of the spreadsheet when you get a chance? Cheers, Noah"
ham,"Dear Dr. Miller, Attached is the agenda for our upcoming quarterly business review. Thanks, Olivia"
ham,"Hello Team, The conference room for tomorrow's client presentation has been reserved. Best regards, Olivia"
ham,"Hi Robert, Please submit your travel expense reports by the end of the month for reimbursement. Sincerely, Lucas"
spam,"URGENT ALERT: Earn up to $3,000 every week working just 2 hours a day from your phone or laptop. Download your prize confirmation certificate at http://rewards-winner.net"
spam,"URGENT ALERT: Refinance your mortgage today and save hundreds every month. No closing costs! Reply with your full name, phone number, and mailing address to claim."
ham,"Hey Sarah, I will be out of the office next Tuesday for a doctor appointment. Have a great day, Daniel"
spam,"EXCLUSIVE PROMOTION: Get 10,000 Instagram followers and TikTok likes instantly for only $9.99. Hurry, offer expires in 6 hours! Act now."
ham,"Hey Sarah, Please submit your travel expense reports by the end of the month for reimbursement. Cheers, Emma"
ham,"Good morning David, Let me know if 3:00 PM works for a quick 15-minute sync on the marketing campaign. Best regards, James"
ham,Reminder: The weekly engineering team standup will start in 15 minutes in Conference Room B and on Zoom.
ham,"Hello Team, Here is the updated project roadmap following our team discussion yesterday. Best regards, Olivia"
spam,URGENT ALERT: Your Apple ID has been locked for security reasons. Click here to verify your identity. Text WIN to 78900 to enter now. Standard rates apply.
ham,"Hi Alex, Can you send me the latest version of the spreadsheet when you get a chance? Sincerely, Ava"
ham,"Hey buddy, Here is the updated project roadmap following our team discussion yesterday. Have a great day, Noah"
ham,"Thank you for attending our product demo yesterday. As requested, here is the recording link and technical whitepaper."
ham,"Good afternoon Rachel, Your library books are due back in 3 days. Renew online if you need more time. Warmly, James"
ham,"Hello Team, Thanks for the coffee catchup earlier! Let's follow up next week regarding the design. Thanks, Sophia"
spam,"ACTION REQUIRED: Urgent: Unrecognized login detected from Moscow, Russia. Secure your account now. Call toll-free 1-800-555-9122 now to claim before midnight."
ham,"Hey Sarah, I reviewed your code changes and left a couple of minor comments on GitHub. Warmly, Emma"
spam,"ACTION REQUIRED: Urgent: Unrecognized login detected from Moscow, Russia. Secure your account now. Click here immediately: http://promo-reward-portal.com"
ham,Hey! Are we still on for lunch tomorrow around 12:30? Let me know which restaurant you prefer.
ham,"Dear Dr. Miller, Thanks for the coffee catchup earlier! Let's follow up next week regarding the design. Talk soon, Sophia"
ham,"Hi everyone, Attached is the agenda for our upcoming quarterly business review. Sincerely, Daniel"
ham,"Dear Dr. Miller, I will be out of the office next Tuesday for a doctor appointment. Warmly, Sophia"
spam,"SECURITY NOTICE: Earn up to $3,000 every week working just 2 hours a day from your phone or laptop. Text WIN to 78900 to enter now. Standard rates apply."
ham,"Hey buddy, I will be out of the office next Tuesday for a doctor appointment. Cheers, Olivia"
spam,"Dear customer, your parcel delivery is on hold due to unpaid customs fee of $2.99. Pay immediately to avoid return to sender: http://parcel-tracking-fees.com"
spam,"You're a winner! Urgent: Unrecognized login detected from Moscow, Russia. Secure your account now. Text WIN to 78900 to enter now. Standard rates apply."
spam,CONGRATULATIONS! Your online banking password expires in 24 hours. Log in now to keep your account active. Click here immediately: http://promo-reward-portal.com
ham,"Hi everyone, the office will be closed this coming Friday for the national holiday. Have a wonderful long weekend!"
spam,Warning: Your mailbox is 99% full. You will not be able to receive incoming emails. Click here to upgrade mailbox storage for free.
ham,"Hi everyone, Thanks for the coffee catchup earlier! Let's follow up next week regarding the design. Talk soon, Sophia"
ham,"Good morning David, The deployment to staging completed without any errors. Ready for QA testing. Warmly, Mia"
ham,"Good morning David, Let me know if 3:00 PM works for a quick 15-minute sync on the marketing campaign. Cheers, Emma"
ham,"Hello Team, I will be out of the office next Tuesday for a doctor appointment. Cheers, Liam"
spam,URGENT: Your account has been temporarily locked due to suspicious login attempts. Verify your details immediately at http://security-bank-auth.com to restore access.
ham,"Hey buddy, Thanks for the coffee catchup earlier! Let's follow up next week regarding the design. Sincerely, Sophia"
spam,"Special Offer: Buy Viagra, Cialis and generic medication online without prescription. Fast discreet worldwide shipping. 80% discount."
ham,"Dear Dr. Miller, The conference room for tomorrow's client presentation has been reserved. Thanks, Liam"
ham,"Hey buddy, The conference room for tomorrow's client presentation has been reserved. Warmly, Sophia"
ham,"Hi team, please find attached the meeting notes and action items from today's sprint planning session."
spam,"CONGRATULATIONS! You have been pre-selected for a $25,000 unsecured personal loan at low interest rate. Call toll-free 1-800-555-9122 now to claim before midnight."
ham,"Hey Sarah, Let me know if 3:00 PM works for a quick 15-minute sync on the marketing campaign. Thanks, Emma"
ham,"Dear student, your assignment submission for CS 101 has been received and graded. Check the student portal for feedback."
spam,FINAL NOTICE: You won a brand new iPhone 15 Pro! Confirm your shipping address to receive delivery. Download your prize confirmation certificate at http://rewards-winner.net
ham,"Hi team, please find attached the meeting notes and action items from today's sprint planning session."
ham,"Hi everyone, Thanks for the coffee catchup earlier! Let's follow up next week regarding the design. Thanks, Liam"
spam,"FINAL NOTICE: Hot discount deals on electronics, smartphones and laptops. Order now while stock lasts. Download your prize confirmation certificate at http://rewards-winner.net"
spam,You're a winner! You have 1 pending Bitcoin payment of 0.35 BTC waiting in your crypto wallet. Visit http://secure-portal-update.org to update your credentials immediately.
ham,"Hi team, just a quick reminder to submit your timesheets by 5 PM today for payroll processing."
ham,"Hey Sarah, Please submit your travel expense reports by the end of the month for reimbursement. Talk soon, James"
spam,"Congratulations! You have been selected to receive a $1,000 Walmart Gift Card! Click here to claim your prize now: http://claim-gift-now.com"
ham,"Good afternoon Rachel, Please review the attached contract draft and let me know if you have any changes. Best regards, Liam"
ham,"Dear patient, this is a friendly reminder of your upcoming dental appointment scheduled for Thursday at 10:00 AM."
ham,"Thank you for attending our product demo yesterday. As requested, here is the recording link and technical whitepaper."
ham,"Hey Sarah, The conference room for tomorrow's client presentation has been reserved. Cheers, Daniel"
ham,"Hi everyone, Attached is the agenda for our upcoming quarterly business review. Have a great day, Daniel"
ham,"Dear Dr. Miller, The conference room for tomorrow's client presentation has been reserved. Thanks, Ava"
ham,"Hello Team, Please review the attached contract draft and let me know if you have any changes. Best regards, Liam"
ham,"Hi John, hope you are having a productive week. Just following up on the quarterly budget report we discussed on Monday."
spam,"Dear customer, your parcel delivery is on hold due to unpaid customs fee of $2.99. Pay immediately to avoid return to sender: http://parcel-tracking-fees.com"
spam,Account Notification: You won a brand new iPhone 15 Pro! Confirm your shipping address to receive delivery. Click here immediately: http://promo-reward-portal.com
ham,"Hi everyone, The deployment to staging completed without any errors. Ready for QA testing. Thanks, Olivia"
ham,"Hey Sarah, Let me know if 3:00 PM works for a quick 15-minute sync on the marketing campaign. Cheers, Mia"
ham,"Good afternoon Rachel, The conference room for tomorrow's client presentation has been reserved. Talk soon, Emma"
spam,"Get pre-approved for an instant cash loan of up to $50,000 with 0% APR for the first 12 months! Apply online today at http://fast-instant-cash.net"
spam,"Special Offer: Buy Viagra, Cialis and generic medication online without prescription. Fast discreet worldwide shipping. 80% discount."
ham,The server maintenance has been successfully completed. All systems and database instances are fully operational.
ham,"Hi Robert, Please review the attached contract draft and let me know if you have any changes. Sincerely, James"
ham,"Hi everyone, Please submit your travel expense reports by the end of the month for reimbursement. Talk soon, James"
ham,"Hi John, hope you are having a productive week. Just following up on the quarterly budget report we discussed on Monday."
spam,"Account Notification: Save 75% on health supplements, vitamins and male enhancement pills with free shipping. Click here immediately: http://promo-reward-portal.com"
spam,Account Notification: Refinance your mortgage today and save hundreds every month. No closing costs! Call toll-free 1-800-555-9122 now to claim before midnight.
ham,"Hello Team, The conference room for tomorrow's client presentation has been reserved. Have a great day, Liam"
ham,"Good morning David, I reviewed your code changes and left a couple of minor comments on GitHub. Talk soon, James"
ham,"Hi Robert, I will be out of the office next Tuesday for a doctor appointment. Best regards, Daniel"
spam,FREE entry into our £250 weekly competition just text the word WIN to 80086 NOW. 18+ T&Cs apply.
ham,Reminder: The weekly engineering team standup will start in 15 minutes in Conference Room B and on Zoom.
spam,WINNER!! As a valued customer you have been chosen to win a £900 prize reward! To claim call 09061701461. Claim code KL341. Valid 12 hours only.
ham,"Hey Mark, happy birthday! Hope you have a fantastic day celebrating with family and friends."
ham,Please find attached your monthly bank statement for the period ending March 31st. Thank you for banking with us.
ham,"Good morning David, The conference room for tomorrow's client presentation has been reserved. Warmly, Emma"
spam,Final Notice: Your vehicle warranty has expired. Call 1-800-555-0199 immediately to renew coverage before your policy is cancelled.
ham,"Hey Sarah, Your library books are due back in 3 days. Renew online if you need more time. Best regards, Sophia"
ham,"Hey buddy, The conference room for tomorrow's client presentation has been reserved. Best regards, Sophia"
ham,Reminder: The weekly engineering team standup will start in 15 minutes in Conference Room B and on Zoom.
ham,"Hello Team, I will be out of the office next Tuesday for a doctor appointment. Talk soon, James"
ham,"Hi Robert, I reviewed your code changes and left a couple of minor comments on GitHub. Best regards, Lucas"
spam,CONGRATULATIONS! You won a brand new iPhone 15 Pro! Confirm your shipping address to receive delivery. Call toll-free 1-800-555-9122 now to claim before midnight.
ham,"Hello Team, I will be out of the office next Tuesday for a doctor appointment. Have a great day, Olivia"
spam,You're a winner! Your online banking password expires in 24 hours. Log in now to keep your account active. Call toll-free 1-800-555-9122 now to claim before midnight.
ham,Thanks for sending over the invoice. I have forwarded it to our accounts department for processing.
spam,HOT SINGLE WOMEN in your area are looking to chat tonight! Click to view verified private profiles: http://meet-singles-now.top
spam,"EXCLUSIVE PROMOTION: Get 10,000 Instagram followers and TikTok likes instantly for only $9.99. Reply with your full name, phone number, and mailing address to claim."
ham,Thanks for sending over the invoice. I have forwarded it to our accounts department for processing.
ham,"Hey Sarah, Your library books are due back in 3 days. Renew online if you need more time. Warmly, James"
ham,"Dear Customer, I reviewed your code changes and left a couple of minor comments on GitHub. Thanks, Lucas"
spam,"FINAL NOTICE: You have 1 pending Bitcoin payment of 0.35 BTC waiting in your crypto wallet. Reply with your full name, phone number, and mailing address to claim."
ham,Thanks for sending over the invoice. I have forwarded it to our accounts department for processing.
spam,"ACTION REQUIRED: Save 75% on health supplements, vitamins and male enhancement pills with free shipping. Hurry, offer expires in 6 hours! Act now."
ham,"Hey Sarah, The conference room for tomorrow's client presentation has been reserved. Thanks, Olivia"
spam,WINNER!! As a valued customer you have been chosen to win a £900 prize reward! To claim call 09061701461. Claim code KL341. Valid 12 hours only.
ham,"Hi Alex, The deployment to staging completed without any errors. Ready for QA testing. Sincerely, Mia"
spam,FREE entry into our £250 weekly competition just text the word WIN to 80086 NOW. 18+ T&Cs apply.
ham,"Hi Robert, Here is the updated project roadmap following our team discussion yesterday. Sincerely, Sophia"
ham,The server maintenance has been successfully completed. All systems and database instances are fully operational.
ham,"Hi team, just a quick reminder to submit your timesheets by 5 PM today for payroll processing."
ham,Your order #48291 has shipped! You can track your package delivery progress directly through the official carrier website.
ham,"Hi Robert, I will be out of the office next Tuesday for a doctor appointment. Sincerely, Daniel"
ham,"Hey buddy, Please submit your travel expense reports by the end of the month for reimbursement. Thanks, James"
ham,"Dear Customer, Can you send me the latest version of the spreadsheet when you get a chance? Talk soon, Liam"
ham,"Hey Sarah, Can you send me the latest version of the spreadsheet when you get a chance? Sincerely, Liam"
spam,"Congratulations! You have been selected to receive a $1,000 Walmart Gift Card! Click here to claim your prize now: http://claim-gift-now.com"
spam,"You're a winner! You have been pre-selected for a $25,000 unsecured personal loan at low interest rate. Hurry, offer expires in 6 hours! Act now."
spam,Guaranteed Weight Loss! Drop 20 pounds in 2 weeks without diet or exercise. 100% natural miracle supplement. Order now for 70% off!
ham,"Hey Sarah, The deployment to staging completed without any errors. Ready for QA testing. Thanks, Daniel"
ham,"Dear Customer, Please submit your travel expense reports by the end of the month for reimbursement. Sincerely, Ava"
spam,"Special Offer: Buy Viagra, Cialis and generic medication online without prescription. Fast discreet worldwide shipping. 80% discount."
spam,WINNER!! As a valued customer you have been chosen to win a £900 prize reward! To claim call 09061701461. Claim code KL341. Valid 12 hours only.
ham,The server maintenance has been successfully completed. All systems and database instances are fully operational.
ham,"Dear Customer, Your library books are due back in 3 days. Renew online if you need more time. Talk soon, Daniel"
ham,"Hi team, just a quick reminder to submit your timesheets by 5 PM today for payroll processing."
spam,EXCLUSIVE PROMOTION: Your online banking password expires in 24 hours. Log in now to keep your account active. Call toll-free 1-800-555-9122 now to claim before midnight.
ham,"Hi everyone, Please submit your travel expense reports by the end of the month for reimbursement. Talk soon, Daniel"
ham,"Dear Customer, Please review the attached contract draft and let me know if you have any changes. Sincerely, Olivia"
ham,"Hello Team, Thanks for the coffee catchup earlier! Let's follow up next week regarding the design. Have a great day, Noah"
ham,"Hi everyone, I reviewed your code changes and left a couple of minor comments on GitHub. Warmly, Noah"
ham,"Hello Team, Can you send me the latest version of the spreadsheet when you get a chance? Cheers, James"
ham,"Hello Team, Please submit your travel expense reports by the end of the month for reimbursement. Talk soon, Lucas"
ham,"Thank you for attending our product demo yesterday. As requested, here is the recording link and technical whitepaper."
ham,"Dear Customer, Can you send me the latest version of the spreadsheet when you get a chance? Cheers, Noah"
ham,"Hey Sarah, Let me know if 3:00 PM works for a quick 15-minute sync on the marketing campaign. Sincerely, Daniel"
ham,"Hello Team, Attached is the agenda for our upcoming quarterly business review. Thanks, Liam"
ham,"Good morning David, Please review the attached contract draft and let me know if you have any changes. Have a great day, Ava"
spam,EXCLUSIVE PROMOTION: Your online banking password expires in 24 hours. Log in now to keep your account active. Call toll-free 1-800-555-9122 now to claim before midnight.
ham,"Hi Alex, Can you send me the latest version of the spreadsheet when you get a chance? Talk soon, Daniel"
spam,"Ref: 4920492. You have won a guaranteed cash prize of $5,000 or a trip to Bahamas! Call 09050000301 to claim today."
spam,"ACTION REQUIRED: Hot discount deals on electronics, smartphones and laptops. Order now while stock lasts. Hurry, offer expires in 6 hours! Act now."
spam,WINNER!! As a valued customer you have been chosen to win a £900 prize reward! To claim call 09061701461. Claim code KL341. Valid 12 hours only.
ham,"Good afternoon Rachel, I will be out of the office next Tuesday for a doctor appointment. Best regards, Mia"
ham,"Good morning Sarah, could you please review the attached slide deck before our client presentation at 2 PM?"
spam,SECURITY NOTICE: Your online banking password expires in 24 hours. Log in now to keep your account active. Visit http://secure-portal-update.org to update your credentials immediately.
ham,"Hi Alex, I will be out of the office next Tuesday for a doctor appointment. Have a great day, James"
ham,"Hi Robert, The conference room for tomorrow's client presentation has been reserved. Have a great day, Emma"
spam,Warning: Your mailbox is 99% full. You will not be able to receive incoming emails. Click here to upgrade mailbox storage for free.
spam,"ACTION REQUIRED: Urgent: Unrecognized login detected from Moscow, Russia. Secure your account now. Hurry, offer expires in 6 hours! Act now."
ham,"Hey buddy, Let me know if 3:00 PM works for a quick 15-minute sync on the marketing campaign. Warmly, James"
spam,WINNER!! As a valued customer you have been chosen to win a £900 prize reward! To claim call 09061701461. Claim code KL341. Valid 12 hours only.
ham,"Hi Robert, Thanks for the coffee catchup earlier! Let's follow up next week regarding the design. Talk soon, Noah"
ham,"Hi Alex, Can you send me the latest version of the spreadsheet when you get a chance? Warmly, Liam"
spam,"Get pre-approved for an instant cash loan of up to $50,000 with 0% APR for the first 12 months! Apply online today at http://fast-instant-cash.net"
ham,"Hey Sarah, The deployment to staging completed without any errors. Ready for QA testing. Best regards, Noah"
spam,CONGRATULATIONS! You have 1 pending Bitcoin payment of 0.35 BTC waiting in your crypto wallet. Call toll-free 1-800-555-9122 now to claim before midnight.
spam,SECURITY NOTICE: Your online banking password expires in 24 hours. Log in now to keep your account active. Download your prize confirmation certificate at http://rewards-winner.net
ham,"Good afternoon Rachel, Let me know if 3:00 PM works for a quick 15-minute sync on the marketing campaign. Talk soon, James"
ham,Your ride with Uber has completed. Total charged: $14.25. View your trip receipt in the app.
ham,"Good morning David, Please submit your travel expense reports by the end of the month for reimbursement. Have a great day, Ava"
ham,"Hi everyone, Please review the attached contract draft and let me know if you have any changes. Cheers, James"
spam,"Instant Cash Award: Earn up to $3,000 every week working just 2 hours a day from your phone or laptop. Hurry, offer expires in 6 hours! Act now."
ham,"Good afternoon Rachel, The deployment to staging completed without any errors. Ready for QA testing. Cheers, Mia"
ham,"Hi everyone, Thanks for the coffee catchup earlier! Let's follow up next week regarding the design. Talk soon, Mia"
spam,"Dear customer, your parcel delivery is on hold due to unpaid customs fee of $2.99. Pay immediately to avoid return to sender: http://parcel-tracking-fees.com"
ham,"Hi Michael, can you please send me the updated contact information for the vendor? We need to finalize the contract."
ham,"Good morning David, Can you send me the latest version of the spreadsheet when you get a chance? Warmly, Liam"
ham,"Good morning Sarah, could you please review the attached slide deck before our client presentation at 2 PM?"
spam,FREE entry into our £250 weekly competition just text the word WIN to 80086 NOW. 18+ T&Cs apply.
ham,"Hi everyone, Can you send me the latest version of the spreadsheet when you get a chance? Have a great day, Lucas"
ham,"Hi team, just a quick reminder to submit your timesheets by 5 PM today for payroll processing."
ham,"Hey buddy, Your library books are due back in 3 days. Renew online if you need more time. Sincerely, Noah"
ham,"Hi Robert, Here is the updated project roadmap following our team discussion yesterday. Cheers, Lucas"
ham,"Dear Dr. Miller, Let me know if 3:00 PM works for a quick 15-minute sync on the marketing campaign. Warmly, Emma"
ham,"Good morning David, I will be out of the office next Tuesday for a doctor appointment. Sincerely, Noah"
ham,"Dear Dr. Miller, I reviewed your code changes and left a couple of minor comments on GitHub. Talk soon, Lucas"
ham,"Hey Sarah, Thanks for the coffee catchup earlier! Let's follow up next week regarding the design. Cheers, James"
ham,"Hi Robert, Thanks for the coffee catchup earlier! Let's follow up next week regarding the design. Talk soon, Olivia"
ham,"Good morning David, Thanks for the coffee catchup earlier! Let's follow up next week regarding the design. Talk soon, Olivia"
spam,"URGENT ALERT: You won a brand new iPhone 15 Pro! Confirm your shipping address to receive delivery. Reply with your full name, phone number, and mailing address to claim."
ham,"Dear Customer, Thanks for the coffee catchup earlier! Let's follow up next week regarding the design. Best regards, James"
spam,Warning: Your mailbox is 99% full. You will not be able to receive incoming emails. Click here to upgrade mailbox storage for free.
ham,"Dear Dr. Miller, I reviewed your code changes and left a couple of minor comments on GitHub. Sincerely, Lucas"
spam,"Instant Cash Award: Urgent: Unrecognized login detected from Moscow, Russia. Secure your account now. Download your prize confirmation certificate at http://rewards-winner.net"
spam,"Limited Time Offer: Urgent: Unrecognized login detected from Moscow, Russia. Secure your account now. Reply with your full name, phone number, and mailing address to claim."
spam,FREE entry into our £250 weekly competition just text the word WIN to 80086 NOW. 18+ T&Cs apply.
spam,ACTION REQUIRED: Refinance your mortgage today and save hundreds every month. No closing costs! Call toll-free 1-800-555-9122 now to claim before midnight.
spam,Account Notification: Claim your $500 gift card today by completing this 2-minute survey. Click here immediately: http://promo-reward-portal.com
ham,"Good afternoon Rachel, The deployment to staging completed without any errors. Ready for QA testing. Have a great day, Daniel"
spam,Guaranteed Weight Loss! Drop 20 pounds in 2 weeks without diet or exercise. 100% natural miracle supplement. Order now for 70% off!
ham,"Hey Sarah, I will be out of the office next Tuesday for a doctor appointment. Cheers, Noah"
ham,"Hi Alex, Your library books are due back in 3 days. Renew online if you need more time. Sincerely, Liam"
ham,"Good afternoon Rachel, Your library books are due back in 3 days. Renew online if you need more time. Best regards, Lucas"
spam,CONGRATULATIONS! Refinance your mortgage today and save hundreds every month. No closing costs! Call toll-free 1-800-555-9122 now to claim before midnight.
ham,"Hey buddy, Can you send me the latest version of the spreadsheet when you get a chance? Warmly, Olivia"
spam,SECURITY NOTICE: You won a brand new iPhone 15 Pro! Confirm your shipping address to receive delivery. Visit http://secure-portal-update.org to update your credentials immediately.
ham,"Hi Robert, Attached is the agenda for our upcoming quarterly business review. Sincerely, Lucas"
ham,"Good morning David, Thanks for the coffee catchup earlier! Let's follow up next week regarding the design. Talk soon, Liam"
ham,"Hi everyone, The conference room for tomorrow's client presentation has been reserved. Warmly, Emma"
ham,"Hi team, please find attached the meeting notes and action items from today's sprint planning session."
ham,"Hello Team, Attached is the agenda for our upcoming quarterly business review. Thanks, Liam"
spam,Exclusive Invitation: Double your cryptocurrency investments in just 48 hours with our automated Bitcoin trading bot! Join VIP club now.
ham,Thanks for sending over the invoice. I have forwarded it to our accounts department for processing.
ham,"Hello Team, I reviewed your code changes and left a couple of minor comments on GitHub. Warmly, Noah"
ham,"Hi John, hope you are having a productive week. Just following up on the quarterly budget report we discussed on Monday."
ham,"Dear Dr. Miller, Thanks for the coffee catchup earlier! Let's follow up next week regarding the design. Cheers, Mia"
ham,"Hi Robert, Can you send me the latest version of the spreadsheet when you get a chance? Thanks, Olivia"
ham,"Dear Dr. Miller, Please submit your travel expense reports by the end of the month for reimbursement. Talk soon, Lucas"
ham,"Hi team, please find attached the meeting notes and action items from today's sprint planning session."
spam,"FINAL NOTICE: Hot discount deals on electronics, smartphones and laptops. Order now while stock lasts. Text WIN to 78900 to enter now. Standard rates apply."
spam,"Flash Sale! 90% off Designer Watches, Rolex, Omega, Gucci! Limited time clearance stock. Shop now at http://luxury-outlet-deals.shop"
ham,"Hi everyone, Attached is the agenda for our upcoming quarterly business review. Warmly, Daniel"
ham,"Dear Dr. Miller, Here is the updated project roadmap following our team discussion yesterday. Thanks, Lucas"
spam,"Congratulations! You have been selected to receive a $1,000 Walmart Gift Card! Click here to claim your prize now: http://claim-gift-now.com"
ham,Please find attached your monthly bank statement for the period ending March 31st. Thank you for banking with us.
ham,"Dear Dr. Miller, Your library books are due back in 3 days. Renew online if you need more time. Have a great day, Liam"
ham,"Good morning David, I will be out of the office next Tuesday for a doctor appointment. Cheers, Ava"
ham,"Dear student, your assignment submission for CS 101 has been received and graded. Check the student portal for feedback."
spam,Final Notice: Your vehicle warranty has expired. Call 1-800-555-0199 immediately to renew coverage before your policy is cancelled.
ham,"Hi Alex, I will be out of the office next Tuesday for a doctor appointment. Sincerely, Lucas"
ham,"Hi Robert, Please submit your travel expense reports by the end of the month for reimbursement. Sincerely, Ava"
ham,"Hi Robert, Your library books are due back in 3 days. Renew online if you need more time. Warmly, Emma"
ham,"Hey Sarah, Can you send me the latest version of the spreadsheet when you get a chance? Thanks, James"
ham,"Hi Robert, Let me know if 3:00 PM works for a quick 15-minute sync on the marketing campaign. Sincerely, Olivia"
ham,"Good afternoon Rachel, Thanks for the coffee catchup earlier! Let's follow up next week regarding the design. Best regards, Olivia"
ham,"Good morning David, I reviewed your code changes and left a couple of minor comments on GitHub. Cheers, Olivia"
spam,"Account Notification: Save 75% on health supplements, vitamins and male enhancement pills with free shipping. Reply with your full name, phone number, and mailing address to claim."
ham,"Good morning David, The conference room for tomorrow's client presentation has been reserved. Warmly, James"
ham,"Hey buddy, Please submit your travel expense reports by the end of the month for reimbursement. Cheers, Olivia"
ham,"Good afternoon Rachel, The conference room for tomorrow's client presentation has been reserved. Talk soon, Emma"
ham,"Hi Robert, Can you send me the latest version of the spreadsheet when you get a chance? Have a great day, Ava"
ham,"Hey Sarah, Please submit your travel expense reports by the end of the month for reimbursement. Sincerely, Ava"
ham,"Hey buddy, I will be out of the office next Tuesday for a doctor appointment. Warmly, Liam"
spam,"You're a winner! You have been pre-selected for a $25,000 unsecured personal loan at low interest rate. Call toll-free 1-800-555-9122 now to claim before midnight."
spam,"Account Notification: Get 10,000 Instagram followers and TikTok likes instantly for only $9.99. Call toll-free 1-800-555-9122 now to claim before midnight."
ham,"Hi everyone, Let me know if 3:00 PM works for a quick 15-minute sync on the marketing campaign. Talk soon, Lucas"
spam,Exclusive Invitation: Double your cryptocurrency investments in just 48 hours with our automated Bitcoin trading bot! Join VIP club now.
ham,"Dear Dr. Miller, Can you send me the latest version of the spreadsheet when you get a chance? Best regards, James"
ham,Reminder: The weekly engineering team standup will start in 15 minutes in Conference Room B and on Zoom.
ham,"Hi Michael, can you please send me the updated contact information for the vendor? We need to finalize the contract."
ham,Reminder: The weekly engineering team standup will start in 15 minutes in Conference Room B and on Zoom.
ham,"Hi everyone, the office will be closed this coming Friday for the national holiday. Have a wonderful long weekend!"
ham,"Hey Sarah, I reviewed your code changes and left a couple of minor comments on GitHub. Thanks, Lucas"
spam,Exclusive Invitation: Double your cryptocurrency investments in just 48 hours with our automated Bitcoin trading bot! Join VIP club now.
ham,"Hey Sarah, Can you send me the latest version of the spreadsheet when you get a chance? Cheers, James"
ham,"Hey buddy, I will be out of the office next Tuesday for a doctor appointment. Cheers, Ava"
ham,"Hey buddy, Please review the attached contract draft and let me know if you have any changes. Have a great day, Olivia"
ham,The server maintenance has been successfully completed. All systems and database instances are fully operational.
ham,"Hi everyone, Please review the attached contract draft and let me know if you have any changes. Talk soon, Noah"
ham,"Hello Team, I reviewed your code changes and left a couple of minor comments on GitHub. Thanks, James"
ham,"Dear Customer, Here is the updated project roadmap following our team discussion yesterday. Cheers, Olivia"
ham,"Good afternoon Rachel, Thanks for the coffee catchup earlier! Let's follow up next week regarding the design. Talk soon, Daniel"
spam,"Congratulations! You have been selected to receive a $1,000 Walmart Gift Card! Click here to claim your prize now: http://claim-gift-now.com"
ham,Hey! Are we still on for lunch tomorrow around 12:30? Let me know which restaurant you prefer.
spam,"ACTION REQUIRED: You have been pre-selected for a $25,000 unsecured personal loan at low interest rate. Text WIN to 78900 to enter now. Standard rates apply."
ham,"Hey buddy, Please review the attached contract draft and let me know if you have any changes. Sincerely, Noah"
ham,Thanks for sending over the invoice. I have forwarded it to our accounts department for processing.
ham,"Hi everyone, Please review the attached contract draft and let me know if you have any changes. Talk soon, Lucas"
spam,"Dear Winner, You have inherited $8.5 Million USD from a deceased relative. Reply with your passport and bank info to start transfer process."
spam,"ATTENTION: IRS Tax Refund Notification. You have an unclaimed refund of $1,840. Submit your tax identification form at http://irs-tax-refunds-gov.biz"
ham,"Good morning David, Let me know if 3:00 PM works for a quick 15-minute sync on the marketing campaign. Sincerely, James"
ham,"Hey Dave, do you have a few minutes this afternoon to help me debug the backend authentication issue?"
ham,"Good afternoon Rachel, Thanks for the coffee catchup earlier! Let's follow up next week regarding the design. Have a great day, Liam"
ham,"Hi Alex, Please submit your travel expense reports by the end of the month for reimbursement. Sincerely, James"
ham,"Hi Robert, Please submit your travel expense reports by the end of the month for reimbursement. Thanks, Emma"
ham,"Good morning David, Can you send me the latest version of the spreadsheet when you get a chance? Thanks, Lucas"
ham,"Hey buddy, The conference room for tomorrow's client presentation has been reserved. Have a great day, Lucas"
ham,"Hey Dave, do you have a few minutes this afternoon to help me debug the backend authentication issue?"
ham,"Good afternoon Rachel, Thanks for the coffee catchup earlier! Let's follow up next week regarding the design. Have a great day, Sophia"
ham,"Hi Alex, I will be out of the office next Tuesday for a doctor appointment. Talk soon, Sophia"
ham,"Good morning David, Attached is the agenda for our upcoming quarterly business review. Have a great day, Daniel"
spam,"You have received 1 new pending wire transfer of $4,500.00. Click here to confirm transaction details and accept funds."
spam,"Instant Cash Award: Earn up to $3,000 every week working just 2 hours a day from your phone or laptop. Visit http://secure-portal-update.org to update your credentials immediately."
ham,"Good morning David, I will be out of the office next Tuesday for a doctor appointment. Warmly, Emma"
ham,"Hello Team, Let me know if 3:00 PM works for a quick 15-minute sync on the marketing campaign. Have a great day, Olivia"
spam,"CONGRATULATIONS! You have been pre-selected for a $25,000 unsecured personal loan at low interest rate. Reply with your full name, phone number, and mailing address to claim."
spam,"Account Notification: Get 10,000 Instagram followers and TikTok likes instantly for only $9.99. Hurry, offer expires in 6 hours! Act now."
spam,"Instant Cash Award: You won a brand new iPhone 15 Pro! Confirm your shipping address to receive delivery. Reply with your full name, phone number, and mailing address to claim."
ham,The pull request for the email validation bug fix has been reviewed and merged into the main branch.
spam,"Get pre-approved for an instant cash loan of up to $50,000 with 0% APR for the first 12 months! Apply online today at http://fast-instant-cash.net"
spam,"Flash Sale! 90% off Designer Watches, Rolex, Omega, Gucci! Limited time clearance stock. Shop now at http://luxury-outlet-deals.shop"
ham,"Hey buddy, Can you send me the latest version of the spreadsheet when you get a chance? Cheers, Lucas"
ham,"Hey Mark, happy birthday! Hope you have a fantastic day celebrating with family and friends."
spam,URGENT: Your account has been temporarily locked due to suspicious login attempts. Verify your details immediately at http://security-bank-auth.com to restore access.
ham,Your order #48291 has shipped! You can track your package delivery progress directly through the official carrier website.
ham,"Hi team, just a quick reminder to submit your timesheets by 5 PM today for payroll processing."
spam,FREE entry into our £250 weekly competition just text the word WIN to 80086 NOW. 18+ T&Cs apply.
ham,"Good morning David, Attached is the agenda for our upcoming quarterly business review. Talk soon, Sophia"
spam,"Congratulations! You have been selected to receive a $1,000 Walmart Gift Card! Click here to claim your prize now: http://claim-gift-now.com"
spam,"Dear Winner, You have inherited $8.5 Million USD from a deceased relative. Reply with your passport and bank info to start transfer process."
ham,"Dear Customer, Please submit your travel expense reports by the end of the month for reimbursement. Sincerely, James"
ham,"Dear Dr. Miller, I reviewed your code changes and left a couple of minor comments on GitHub. Sincerely, Mia"
ham,"Hi everyone, Here is the updated project roadmap following our team discussion yesterday. Thanks, Ava"
ham,"Hi everyone, I will be out of the office next Tuesday for a doctor appointment. Cheers, James"
spam,"Instant Cash Award: Hot discount deals on electronics, smartphones and laptops. Order now while stock lasts. Text WIN to 78900 to enter now. Standard rates apply."
spam,URGENT ALERT: Refinance your mortgage today and save hundreds every month. No closing costs! Text WIN to 78900 to enter now. Standard rates apply.
ham,"Hi Robert, Thanks for the coffee catchup earlier! Let's follow up next week regarding the design. Sincerely, Daniel"
spam,WINNER!! As a valued customer you have been chosen to win a £900 prize reward! To claim call 09061701461. Claim code KL341. Valid 12 hours only.
ham,"Hi Alex, I will be out of the office next Tuesday for a doctor appointment. Thanks, Sophia"
spam,"CONGRATULATIONS! You have 1 pending Bitcoin payment of 0.35 BTC waiting in your crypto wallet. Reply with your full name, phone number, and mailing address to claim."
spam,"Flash Sale! 90% off Designer Watches, Rolex, Omega, Gucci! Limited time clearance stock. Shop now at http://luxury-outlet-deals.shop"
ham,"Hello Team, Here is the updated project roadmap following our team discussion yesterday. Thanks, Ava"
spam,"FINAL NOTICE: Earn up to $3,000 every week working just 2 hours a day from your phone or laptop. Hurry, offer expires in 6 hours! Act now."
ham,"Good afternoon Rachel, I reviewed your code changes and left a couple of minor comments on GitHub. Have a great day, Noah"
ham,"Good morning David, I reviewed your code changes and left a couple of minor comments on GitHub. Talk soon, Sophia"
ham,"Hello Team, Can you send me the latest version of the spreadsheet when you get a chance? Warmly, Mia"
spam,Final Notice: Your vehicle warranty has expired. Call 1-800-555-0199 immediately to renew coverage before your policy is cancelled.
ham,"Hey Sarah, Let me know if 3:00 PM works for a quick 15-minute sync on the marketing campaign. Talk soon, Liam"
spam,"You're a winner! Hot discount deals on electronics, smartphones and laptops. Order now while stock lasts. Hurry, offer expires in 6 hours! Act now."
spam,You're a winner! Claim your $500 gift card today by completing this 2-minute survey. Text WIN to 78900 to enter now. Standard rates apply.
spam,URGENT: Your account has been temporarily locked due to suspicious login attempts. Verify your details immediately at http://security-bank-auth.com to restore access.
spam,"SECURITY NOTICE: Earn up to $3,000 every week working just 2 hours a day from your phone or laptop. Hurry, offer expires in 6 hours! Act now."
ham,"Hi everyone, Here is the updated project roadmap following our team discussion yesterday. Thanks, Liam"
ham,"Hello Team, Can you send me the latest version of the spreadsheet when you get a chance? Warmly, Lucas"
spam,"Instant Cash Award: You have 1 pending Bitcoin payment of 0.35 BTC waiting in your crypto wallet. Hurry, offer expires in 6 hours! Act now."
ham,"Hey Dave, do you have a few minutes this afternoon to help me debug the backend authentication issue?"
ham,"Hey Sarah, Here is the updated project roadmap following our team discussion yesterday. Cheers, Liam"
spam,"Flash Sale! 90% off Designer Watches, Rolex, Omega, Gucci! Limited time clearance stock. Shop now at http://luxury-outlet-deals.shop"
spam,"Limited Time Offer: You have been pre-selected for a $25,000 unsecured personal loan at low interest rate. Visit http://secure-portal-update.org to update your credentials immediately."
ham,"Hi everyone, Your library books are due back in 3 days. Renew online if you need more time. Warmly, Mia"
ham,"Hey Sarah, Can you send me the latest version of the spreadsheet when you get a chance? Sincerely, Lucas"
spam,Your Netflix subscription has expired. Update your billing credit card details to avoid service termination: http://netflix-account-renewal.com
ham,"Hi Robert, Thanks for the coffee catchup earlier! Let's follow up next week regarding the design. Cheers, Daniel"
ham,"Dear Dr. Miller, I reviewed your code changes and left a couple of minor comments on GitHub. Cheers, Mia"
ham,"Dear Customer, The conference room for tomorrow's client presentation has been reserved. Have a great day, James"
ham,"Hi Robert, Please review the attached contract draft and let me know if you have any changes. Warmly, Lucas"
ham,"Dear Customer, Can you send me the latest version of the spreadsheet when you get a chance? Thanks, Ava"
spam,EXCLUSIVE PROMOTION: Your Apple ID has been locked for security reasons. Click here to verify your identity. Call toll-free 1-800-555-9122 now to claim before midnight.
ham,"Hi Robert, I will be out of the office next Tuesday for a doctor appointment. Have a great day, Mia"
spam,You're a winner! Your Apple ID has been locked for security reasons. Click here to verify your identity. Download your prize confirmation certificate at http://rewards-winner.net
spam,WINNER!! As a valued customer you have been chosen to win a £900 prize reward! To claim call 09061701461. Claim code KL341. Valid 12 hours only.
ham,"Dear Customer, Your library books are due back in 3 days. Renew online if you need more time. Best regards, Olivia"
ham,"Good afternoon Rachel, Attached is the agenda for our upcoming quarterly business review. Best regards, Sophia"
ham,"Hello Team, Please review the attached contract draft and let me know if you have any changes. Have a great day, Lucas"
spam,"Get pre-approved for an instant cash loan of up to $50,000 with 0% APR for the first 12 months! Apply online today at http://fast-instant-cash.net"
ham,"Hi Robert, Can you send me the latest version of the spreadsheet when you get a chance? Warmly, James"
spam,"CONGRATULATIONS! You have 1 pending Bitcoin payment of 0.35 BTC waiting in your crypto wallet. Reply with your full name, phone number, and mailing address to claim."
ham,"Good morning David, The deployment to staging completed without any errors. Ready for QA testing. Talk soon, Ava"
ham,"Dear Customer, Your library books are due back in 3 days. Renew online if you need more time. Warmly, Noah"
spam,"You have received 1 new pending wire transfer of $4,500.00. Click here to confirm transaction details and accept funds."
ham,"Hey Sarah, Can you send me the latest version of the spreadsheet when you get a chance? Sincerely, Mia"
spam,"You're a winner! Refinance your mortgage today and save hundreds every month. No closing costs! Hurry, offer expires in 6 hours! Act now."
spam,"Dear customer, your parcel delivery is on hold due to unpaid customs fee of $2.99. Pay immediately to avoid return to sender: http://parcel-tracking-fees.com"
ham,"Hi Alex, Let me know if 3:00 PM works for a quick 15-minute sync on the marketing campaign. Have a great day, Daniel"
ham,"Hi Robert, Thanks for the coffee catchup earlier! Let's follow up next week regarding the design. Warmly, Mia"
ham,"Hello Team, Please review the attached contract draft and let me know if you have any changes. Sincerely, Emma"
ham,"Hi team, just a quick reminder to submit your timesheets by 5 PM today for payroll processing."
ham,"Hi everyone, Please submit your travel expense reports by the end of the month for reimbursement. Talk soon, Sophia"
spam,"CONGRATULATIONS! Hot discount deals on electronics, smartphones and laptops. Order now while stock lasts. Visit http://secure-portal-update.org to update your credentials immediately."
ham,"Hi team, please find attached the meeting notes and action items from today's sprint planning session."
ham,"Thank you for attending our product demo yesterday. As requested, here is the recording link and technical whitepaper."
spam,"Account Notification: You have been pre-selected for a $25,000 unsecured personal loan at low interest rate. Text WIN to 78900 to enter now. Standard rates apply."
spam,"EXCLUSIVE PROMOTION: Claim your $500 gift card today by completing this 2-minute survey. Hurry, offer expires in 6 hours! Act now."
spam,"You have received 1 new pending wire transfer of $4,500.00. Click here to confirm transaction details and accept funds."
ham,"Hey Sarah, I reviewed your code changes and left a couple of minor comments on GitHub. Warmly, Noah"
ham,"Good morning David, I reviewed your code changes and left a couple of minor comments on GitHub. Have a great day, Olivia"
spam,ACTION REQUIRED: Refinance your mortgage today and save hundreds every month. No closing costs! Text WIN to 78900 to enter now. Standard rates apply.
spam,SECURITY NOTICE: Claim your $500 gift card today by completing this 2-minute survey. Call toll-free 1-800-555-9122 now to claim before midnight.
ham,"Good afternoon Rachel, Thanks for the coffee catchup earlier! Let's follow up next week regarding the design. Cheers, Olivia"
ham,"Good morning David, I reviewed your code changes and left a couple of minor comments on GitHub. Best regards, Liam"
ham,"Dear Customer, The conference room for tomorrow's client presentation has been reserved. Thanks, Liam"
ham,"Hi team, just a quick reminder to submit your timesheets by 5 PM today for payroll processing."
spam,Warning: Your mailbox is 99% full. You will not be able to receive incoming emails. Click here to upgrade mailbox storage for free.
spam,"ACTION REQUIRED: Save 75% on health supplements, vitamins and male enhancement pills with free shipping. Call toll-free 1-800-555-9122 now to claim before midnight."
ham,Your order #48291 has shipped! You can track your package delivery progress directly through the official carrier website.
ham,"Hey Sarah, Your library books are due back in 3 days. Renew online if you need more time. Cheers, Olivia"
ham,"Hey buddy, Thanks for the coffee catchup earlier! Let's follow up next week regarding the design. Best regards, Liam"
ham,"Hey Sarah, I reviewed your code changes and left a couple of minor comments on GitHub. Cheers, Olivia"
ham,"Hello Team, Let me know if 3:00 PM works for a quick 15-minute sync on the marketing campaign. Sincerely, Mia"
ham,The server maintenance has been successfully completed. All systems and database instances are fully operational.
ham,"Good afternoon Rachel, I will be out of the office next Tuesday for a doctor appointment. Have a great day, Ava"
ham,"Hello Team, Your library books are due back in 3 days. Renew online if you need more time. Have a great day, Emma"
spam,"You're a winner! You have been pre-selected for a $25,000 unsecured personal loan at low interest rate. Call toll-free 1-800-555-9122 now to claim before midnight."
ham,"Hello Team, I reviewed your code changes and left a couple of minor comments on GitHub. Talk soon, Mia"
spam,SECURITY NOTICE: Your Apple ID has been locked for security reasons. Click here to verify your identity. Text WIN to 78900 to enter now. Standard rates apply.
spam,"Limited Time Offer: You won a brand new iPhone 15 Pro! Confirm your shipping address to receive delivery. Reply with your full name, phone number, and mailing address to claim."
ham,"Hey Mark, happy birthday! Hope you have a fantastic day celebrating with family and friends."
ham,"Hello Team, Thanks for the coffee catchup earlier! Let's follow up next week regarding the design. Cheers, James"
ham,"Good afternoon Rachel, Attached is the agenda for our upcoming quarterly business review. Cheers, Sophia"
ham,"Hey Sarah, Can you send me the latest version of the spreadsheet when you get a chance? Sincerely, Sophia"
spam,"Instant Cash Award: Earn up to $3,000 every week working just 2 hours a day from your phone or laptop. Call toll-free 1-800-555-9122 now to claim before midnight."
spam,"ACTION REQUIRED: Earn up to $3,000 every week working just 2 hours a day from your phone or laptop. Call toll-free 1-800-555-9122 now to claim before midnight."
ham,Reminder: The weekly engineering team standup will start in 15 minutes in Conference Room B and on Zoom.
ham,"Hello Team, Please submit your travel expense reports by the end of the month for reimbursement. Talk soon, Liam"
ham,"Hey Dave, do you have a few minutes this afternoon to help me debug the backend authentication issue?"
spam,FINAL NOTICE: You have 1 pending Bitcoin payment of 0.35 BTC waiting in your crypto wallet. Click here immediately: http://promo-reward-portal.com
ham,"Dear Customer, The conference room for tomorrow's client presentation has been reserved. Thanks, Lucas"
spam,FREE entry into our £250 weekly competition just text the word WIN to 80086 NOW. 18+ T&Cs apply.
spam,"You're a winner! Urgent: Unrecognized login detected from Moscow, Russia. Secure your account now. Reply with your full name, phone number, and mailing address to claim."
spam,"ATTENTION: IRS Tax Refund Notification. You have an unclaimed refund of $1,840. Submit your tax identification form at http://irs-tax-refunds-gov.biz"
ham,"Good morning David, Thanks for the coffee catchup earlier! Let's follow up next week regarding the design. Best regards, Ava"
spam,"ACTION REQUIRED: You have been pre-selected for a $25,000 unsecured personal loan at low interest rate. Text WIN to 78900 to enter now. Standard rates apply."
ham,Hey! Are we still on for lunch tomorrow around 12:30? Let me know which restaurant you prefer.
spam,"CONGRATULATIONS! Your Apple ID has been locked for security reasons. Click here to verify your identity. Hurry, offer expires in 6 hours! Act now."
ham,"Hey Sarah, Can you send me the latest version of the spreadsheet when you get a chance? Sincerely, Mia"
ham,"Hello Team, Thanks for the coffee catchup earlier! Let's follow up next week regarding the design. Thanks, Lucas"
spam,"URGENT ALERT: You have 1 pending Bitcoin payment of 0.35 BTC waiting in your crypto wallet. Reply with your full name, phone number, and mailing address to claim."
ham,"Hey Sarah, Can you send me the latest version of the spreadsheet when you get a chance? Best regards, Emma"
ham,"Dear Dr. Miller, Thanks for the coffee catchup earlier! Let's follow up next week regarding the design. Best regards, Lucas"
ham,"Hi Alex, Thanks for the coffee catchup earlier! Let's follow up next week regarding the design. Warmly, Sophia"
ham,"Hi Alex, Let me know if 3:00 PM works for a quick 15-minute sync on the marketing campaign. Thanks, Daniel"
ham,Your order #48291 has shipped! You can track your package delivery progress directly through the official carrier website.
spam,"SECURITY NOTICE: You have been pre-selected for a $25,000 unsecured personal loan at low interest rate. Download your prize confirmation certificate at http://rewards-winner.net"
ham,"Good afternoon Rachel, I will be out of the office next Tuesday for a doctor appointment. Have a great day, Lucas"
spam,"Special Offer: Buy Viagra, Cialis and generic medication online without prescription. Fast discreet worldwide shipping. 80% discount."
spam,"SECURITY NOTICE: You won a brand new iPhone 15 Pro! Confirm your shipping address to receive delivery. Reply with your full name, phone number, and mailing address to claim."
ham,Thanks for sending over the invoice. I have forwarded it to our accounts department for processing.
ham,"Hi Alex, Can you send me the latest version of the spreadsheet when you get a chance? Thanks, Daniel"
ham,"Hi everyone, I will be out of the office next Tuesday for a doctor appointment. Have a great day, James"
ham,The server maintenance has been successfully completed. All systems and database instances are fully operational.
ham,"Hello Team, I will be out of the office next Tuesday for a doctor appointment. Sincerely, Olivia"
ham,"Good morning David, Please submit your travel expense reports by the end of the month for reimbursement. Sincerely, Lucas"
ham,"Good afternoon Rachel, I reviewed your code changes and left a couple of minor comments on GitHub. Cheers, Lucas"
spam,FINAL NOTICE: You have 1 pending Bitcoin payment of 0.35 BTC waiting in your crypto wallet. Visit http://secure-portal-update.org to update your credentials immediately.
ham,"Dear Customer, Can you send me the latest version of the spreadsheet when you get a chance? Warmly, Olivia"
ham,"Hello Team, The deployment to staging completed without any errors. Ready for QA testing. Talk soon, Lucas"
ham,"Dear Customer, Thanks for the coffee catchup earlier! Let's follow up next week regarding the design. Sincerely, Noah"
ham,"Good morning David, I will be out of the office next Tuesday for a doctor appointment. Have a great day, Olivia"
ham,Your ride with Uber has completed. Total charged: $14.25. View your trip receipt in the app.
ham,"Dear Dr. Miller, The conference room for tomorrow's client presentation has been reserved. Have a great day, Daniel"
ham,"Hi Alex, The conference room for tomorrow's client presentation has been reserved. Sincerely, Emma"
spam,"You're a winner! Urgent: Unrecognized login detected from Moscow, Russia. Secure your account now. Text WIN to 78900 to enter now. Standard rates apply."
ham,"Dear Dr. Miller, Attached is the agenda for our upcoming quarterly business review. Thanks, Olivia"
ham,"Hi everyone, I reviewed your code changes and left a couple of minor comments on GitHub. Talk soon, Daniel"
ham,"Good morning David, Thanks for the coffee catchup earlier! Let's follow up next week regarding the design. Warmly, James"
spam,"URGENT ALERT: Get 10,000 Instagram followers and TikTok likes instantly for only $9.99. Text WIN to 78900 to enter now. Standard rates apply."
ham,"Hey buddy, I reviewed your code changes and left a couple of minor comments on GitHub. Thanks, Olivia"
spam,"You're a winner! Earn up to $3,000 every week working just 2 hours a day from your phone or laptop. Reply with your full name, phone number, and mailing address to claim."
ham,"Dear Customer, Thanks for the coffee catchup earlier! Let's follow up next week regarding the design. Best regards, Olivia"
spam,"Limited Time Offer: Your Apple ID has been locked for security reasons. Click here to verify your identity. Reply with your full name, phone number, and mailing address to claim."
ham,"Hey Sarah, Your library books are due back in 3 days. Renew online if you need more time. Warmly, James"
ham,"Good afternoon Rachel, Please review the attached contract draft and let me know if you have any changes. Thanks, Olivia"
spam,"ACTION REQUIRED: Earn up to $3,000 every week working just 2 hours a day from your phone or laptop. Reply with your full name, phone number, and mailing address to claim."
ham,The pull request for the email validation bug fix has been reviewed and merged into the main branch.
ham,"Hi Robert, Can you send me the latest version of the spreadsheet when you get a chance? Cheers, Noah"
spam,"SECURITY NOTICE: You have been pre-selected for a $25,000 unsecured personal loan at low interest rate. Call toll-free 1-800-555-9122 now to claim before midnight."
ham,Your ride with Uber has completed. Total charged: $14.25. View your trip receipt in the app.
spam,"URGENT ALERT: You have 1 pending Bitcoin payment of 0.35 BTC waiting in your crypto wallet. Reply with your full name, phone number, and mailing address to claim."
ham,"Dear Dr. Miller, Your library books are due back in 3 days. Renew online if you need more time. Talk soon, Liam"
spam,CONGRATULATIONS! Claim your $500 gift card today by completing this 2-minute survey. Call toll-free 1-800-555-9122 now to claim before midnight.
ham,"Hello Team, Please submit your travel expense reports by the end of the month for reimbursement. Cheers, Emma"
ham,Reminder: The weekly engineering team standup will start in 15 minutes in Conference Room B and on Zoom.
ham,"Hey Mark, happy birthday! Hope you have a fantastic day celebrating with family and friends."
ham,"Dear Customer, Please review the attached contract draft and let me know if you have any changes. Sincerely, James"
ham,"Hi Alex, Attached is the agenda for our upcoming quarterly business review. Cheers, Noah"
spam,"Account Notification: Claim your $500 gift card today by completing this 2-minute survey. Hurry, offer expires in 6 hours! Act now."
spam,"You have received 1 new pending wire transfer of $4,500.00. Click here to confirm transaction details and accept funds."
ham,"Hi everyone, The conference room for tomorrow's client presentation has been reserved. Have a great day, James"
ham,"Hey Sarah, Your library books are due back in 3 days. Renew online if you need more time. Warmly, Noah"
ham,"Hello Team, The conference room for tomorrow's client presentation has been reserved. Talk soon, Liam"
ham,"Hi Robert, Please submit your travel expense reports by the end of the month for reimbursement. Cheers, Olivia"
spam,"EXCLUSIVE PROMOTION: Your online banking password expires in 24 hours. Log in now to keep your account active. Hurry, offer expires in 6 hours! Act now."
ham,"Hi Robert, I reviewed your code changes and left a couple of minor comments on GitHub. Sincerely, Noah"
ham,"Hi team, please find attached the meeting notes and action items from today's sprint planning session."
ham,"Hey buddy, Here is the updated project roadmap following our team discussion yesterday. Talk soon, Emma"
ham,The server maintenance has been successfully completed. All systems and database instances are fully operational.
ham,"Dear Customer, Please review the attached contract draft and let me know if you have any changes. Thanks, Olivia"
ham,"Hello Team, Here is the updated project roadmap following our team discussion yesterday. Sincerely, Liam"
ham,"Hi Robert, Can you send me the latest version of the spreadsheet when you get a chance? Thanks, Liam"
ham,"Hi Robert, I will be out of the office next Tuesday for a doctor appointment. Best regards, Mia"
spam,"You're a winner! Urgent: Unrecognized login detected from Moscow, Russia. Secure your account now. Hurry, offer expires in 6 hours! Act now."
ham,"Dear Customer, Can you send me the latest version of the spreadsheet when you get a chance? Sincerely, James"
ham,"Good morning David, Here is the updated project roadmap following our team discussion yesterday. Cheers, Liam"
spam,"Urgent Alert: Suspicious transaction of $899.00 detected on your Amazon account. If this was not you, call fraud prevention immediately at 1-888-234-5678."
ham,"Hey Sarah, Thanks for the coffee catchup earlier! Let's follow up next week regarding the design. Warmly, Noah"
spam,"FINAL NOTICE: You won a brand new iPhone 15 Pro! Confirm your shipping address to receive delivery. Reply with your full name, phone number, and mailing address to claim."
ham,Your order #48291 has shipped! You can track your package delivery progress directly through the official carrier website.
ham,"Hello Team, Can you send me the latest version of the spreadsheet when you get a chance? Cheers, Liam"
ham,"Hey Sarah, I will be out of the office next Tuesday for a doctor appointment. Warmly, Liam"
spam,"ATTENTION: IRS Tax Refund Notification. You have an unclaimed refund of $1,840. Submit your tax identification form at http://irs-tax-refunds-gov.biz"
ham,"Good morning David, Attached is the agenda for our upcoming quarterly business review. Talk soon, Ava"
ham,"Dear Customer, I reviewed your code changes and left a couple of minor comments on GitHub. Warmly, Liam"
spam,HOT SINGLE WOMEN in your area are looking to chat tonight! Click to view verified private profiles: http://meet-singles-now.top
ham,The server maintenance has been successfully completed. All systems and database instances are fully operational.
spam,"You're a winner! Urgent: Unrecognized login detected from Moscow, Russia. Secure your account now. Hurry, offer expires in 6 hours! Act now."
ham,"Good morning David, Let me know if 3:00 PM works for a quick 15-minute sync on the marketing campaign. Cheers, Ava"
ham,"Hey buddy, The conference room for tomorrow's client presentation has been reserved. Sincerely, Olivia"
ham,"Hi everyone, I reviewed your code changes and left a couple of minor comments on GitHub. Best regards, Liam"
spam,"Instant Cash Award: Claim your $500 gift card today by completing this 2-minute survey. Reply with your full name, phone number, and mailing address to claim."
ham,"Dear patient, this is a friendly reminder of your upcoming dental appointment scheduled for Thursday at 10:00 AM."
ham,"Dear patient, this is a friendly reminder of your upcoming dental appointment scheduled for Thursday at 10:00 AM."
spam,EXCLUSIVE PROMOTION: Claim your $500 gift card today by completing this 2-minute survey. Click here immediately: http://promo-reward-portal.com
spam,"You have received 1 new pending wire transfer of $4,500.00. Click here to confirm transaction details and accept funds."
ham,"Dear Customer, Please submit your travel expense reports by the end of the month for reimbursement. Sincerely, Daniel"
ham,"Hey Sarah, Please review the attached contract draft and let me know if you have any changes. Best regards, Liam"
ham,"Hi everyone, The conference room for tomorrow's client presentation has been reserved. Best regards, Noah"
ham,"Hello Team, Attached is the agenda for our upcoming quarterly business review. Warmly, Olivia"
ham,"Dear Dr. Miller, Thanks for the coffee catchup earlier! Let's follow up next week regarding the design. Have a great day, Sophia"
ham,"Hey Sarah, Here is the updated project roadmap following our team discussion yesterday. Thanks, Daniel"
ham,"Good morning David, The conference room for tomorrow's client presentation has been reserved. Cheers, Ava"
ham,"Good morning David, Let me know if 3:00 PM works for a quick 15-minute sync on the marketing campaign. Have a great day, Mia"
ham,"Dear Customer, I will be out of the office next Tuesday for a doctor appointment. Thanks, Sophia"
ham,"Hi team, just a quick reminder to submit your timesheets by 5 PM today for payroll processing."
ham,"Hello Team, Let me know if 3:00 PM works for a quick 15-minute sync on the marketing campaign. Talk soon, Sophia"
spam,"You're a winner! Save 75% on health supplements, vitamins and male enhancement pills with free shipping. Click here immediately: http://promo-reward-portal.com"
ham,"Hello Team, Thanks for the coffee catchup earlier! Let's follow up next week regarding the design. Best regards, Ava"
spam,"SECURITY NOTICE: Urgent: Unrecognized login detected from Moscow, Russia. Secure your account now. Download your prize confirmation certificate at http://rewards-winner.net"
ham,"Dear Customer, Your library books are due back in 3 days. Renew online if you need more time. Warmly, Daniel"
ham,"Hey Sarah, Here is the updated project roadmap following our team discussion yesterday. Cheers, Sophia"
ham,"Good afternoon Rachel, I reviewed your code changes and left a couple of minor comments on GitHub. Thanks, Noah"
spam,"Dear Winner, You have inherited $8.5 Million USD from a deceased relative. Reply with your passport and bank info to start transfer process."
ham,"Dear Dr. Miller, Thanks for the coffee catchup earlier! Let's follow up next week regarding the design. Best regards, Sophia"
spam,EXCLUSIVE PROMOTION: You won a brand new iPhone 15 Pro! Confirm your shipping address to receive delivery. Download your prize confirmation certificate at http://rewards-winner.net
spam,"Account Notification: Save 75% on health supplements, vitamins and male enhancement pills with free shipping. Call toll-free 1-800-555-9122 now to claim before midnight."
ham,"Hi everyone, the office will be closed this coming Friday for the national holiday. Have a wonderful long weekend!"
ham,"Dear Dr. Miller, Thanks for the coffee catchup earlier! Let's follow up next week regarding the design. Talk soon, Lucas"
ham,"Dear Customer, The deployment to staging completed without any errors. Ready for QA testing. Thanks, Sophia"
spam,Your Netflix subscription has expired. Update your billing credit card details to avoid service termination: http://netflix-account-renewal.com
spam,Warning: Your mailbox is 99% full. You will not be able to receive incoming emails. Click here to upgrade mailbox storage for free.
ham,"Hello Team, Your library books are due back in 3 days. Renew online if you need more time. Warmly, Mia"
ham,Your order #48291 has shipped! You can track your package delivery progress directly through the official carrier website.
ham,"Hello Team, Here is the updated project roadmap following our team discussion yesterday. Thanks, Olivia"
ham,"Hey Mark, happy birthday! Hope you have a fantastic day celebrating with family and friends."
spam,"Special Offer: Buy Viagra, Cialis and generic medication online without prescription. Fast discreet worldwide shipping. 80% discount."
ham,"Hi Robert, Please review the attached contract draft and let me know if you have any changes. Best regards, Daniel"
ham,"Hi Robert, Here is the updated project roadmap following our team discussion yesterday. Have a great day, Daniel"
ham,"Hi Michael, can you please send me the updated contact information for the vendor? We need to finalize the contract."
spam,"You're a winner! Get 10,000 Instagram followers and TikTok likes instantly for only $9.99. Visit http://secure-portal-update.org to update your credentials immediately."
ham,"Hi Robert, I will be out of the office next Tuesday for a doctor appointment. Sincerely, James"
ham,Thanks for sending over the invoice. I have forwarded it to our accounts department for processing.
ham,"Dear Dr. Miller, Please submit your travel expense reports by the end of the month for reimbursement. Have a great day, Olivia"
spam,Instant Cash Award: You have 1 pending Bitcoin payment of 0.35 BTC waiting in your crypto wallet. Call toll-free 1-800-555-9122 now to claim before midnight.
spam,"CONGRATULATIONS! Earn up to $3,000 every week working just 2 hours a day from your phone or laptop. Call toll-free 1-800-555-9122 now to claim before midnight."
ham,Hey! Are we still on for lunch tomorrow around 12:30? Let me know which restaurant you prefer.
spam,"Congratulations! You have been selected to receive a $1,000 Walmart Gift Card! Click here to claim your prize now: http://claim-gift-now.com"
ham,"Hello Team, I reviewed your code changes and left a couple of minor comments on GitHub. Have a great day, James"
spam,"ACTION REQUIRED: Claim your $500 gift card today by completing this 2-minute survey. Hurry, offer expires in 6 hours! Act now."
ham,"Hi everyone, Let me know if 3:00 PM works for a quick 15-minute sync on the marketing campaign. Best regards, Emma"
spam,FREE entry into our £250 weekly competition just text the word WIN to 80086 NOW. 18+ T&Cs apply.
spam,"Ref: 4920492. You have won a guaranteed cash prize of $5,000 or a trip to Bahamas! Call 09050000301 to claim today."
ham,"Good morning David, Let me know if 3:00 PM works for a quick 15-minute sync on the marketing campaign. Thanks, Ava"
ham,"Hey Sarah, The deployment to staging completed without any errors. Ready for QA testing. Thanks, Olivia"
ham,"Good afternoon Rachel, Let me know if 3:00 PM works for a quick 15-minute sync on the marketing campaign. Best regards, Liam"
ham,"Hi Robert, Please review the attached contract draft and let me know if you have any changes. Talk soon, Sophia"
spam,Account Notification: You won a brand new iPhone 15 Pro! Confirm your shipping address to receive delivery. Call toll-free 1-800-555-9122 now to claim before midnight.
ham,"Good morning David, Can you send me the latest version of the spreadsheet when you get a chance? Sincerely, Noah"
ham,"Hi Robert, Here is the updated project roadmap following our team discussion yesterday. Have a great day, Lucas"
ham,"Good afternoon Rachel, Your library books are due back in 3 days. Renew online if you need more time. Thanks, Ava"
spam,"FINAL NOTICE: Urgent: Unrecognized login detected from Moscow, Russia. Secure your account now. Download your prize confirmation certificate at http://rewards-winner.net"
ham,"Hi Robert, Attached is the agenda for our upcoming quarterly business review. Thanks, Mia"
ham,"Hey Dave, do you have a few minutes this afternoon to help me debug the backend authentication issue?"
ham,"Hey Mark, happy birthday! Hope you have a fantastic day celebrating with family and friends."
ham,"Dear Customer, I reviewed your code changes and left a couple of minor comments on GitHub. Cheers, Lucas"
ham,"Dear patient, this is a friendly reminder of your upcoming dental appointment scheduled for Thursday at 10:00 AM."
ham,The server maintenance has been successfully completed. All systems and database instances are fully operational.
ham,"Hey Sarah, Let me know if 3:00 PM works for a quick 15-minute sync on the marketing campaign. Cheers, Lucas"
spam,EXCLUSIVE PROMOTION: Claim your $500 gift card today by completing this 2-minute survey. Call toll-free 1-800-555-9122 now to claim before midnight.
ham,"Hey Sarah, Please review the attached contract draft and let me know if you have any changes. Cheers, Lucas"
spam,"Instant Cash Award: Earn up to $3,000 every week working just 2 hours a day from your phone or laptop. Download your prize confirmation certificate at http://rewards-winner.net"
ham,"Good morning David, The conference room for tomorrow's client presentation has been reserved. Sincerely, Mia"
ham,"Hi everyone, Please review the attached contract draft and let me know if you have any changes. Have a great day, Ava"
ham,"Hey Sarah, Can you send me the latest version of the spreadsheet when you get a chance? Talk soon, Olivia"
spam,"CONGRATULATIONS! Your Apple ID has been locked for security reasons. Click here to verify your identity. Hurry, offer expires in 6 hours! Act now."
ham,"Good morning David, The conference room for tomorrow's client presentation has been reserved. Cheers, James"
spam,"SECURITY NOTICE: Refinance your mortgage today and save hundreds every month. No closing costs! Reply with your full name, phone number, and mailing address to claim."
ham,"Hey Sarah, Your library books are due back in 3 days. Renew online if you need more time. Warmly, Noah"
spam,ACTION REQUIRED: You have 1 pending Bitcoin payment of 0.35 BTC waiting in your crypto wallet. Call toll-free 1-800-555-9122 now to claim before midnight.
ham,"Good afternoon Rachel, The conference room for tomorrow's client presentation has been reserved. Warmly, Ava"
spam,"Urgent Alert: Suspicious transaction of $899.00 detected on your Amazon account. If this was not you, call fraud prevention immediately at 1-888-234-5678."
ham,"Hi everyone, Attached is the agenda for our upcoming quarterly business review. Talk soon, Ava"
ham,"Hi everyone, Here is the updated project roadmap following our team discussion yesterday. Cheers, James"
ham,"Hello Team, Can you send me the latest version of the spreadsheet when you get a chance? Best regards, Emma"
ham,"Hello Team, I will be out of the office next Tuesday for a doctor appointment. Cheers, Mia"
spam,Instant Cash Award: Your Apple ID has been locked for security reasons. Click here to verify your identity. Call toll-free 1-800-555-9122 now to claim before midnight.
ham,"Good afternoon Rachel, Thanks for the coffee catchup earlier! Let's follow up next week regarding the design. Best regards, Mia"
spam,ACTION REQUIRED: Refinance your mortgage today and save hundreds every month. No closing costs! Visit http://secure-portal-update.org to update your credentials immediately.
spam,WINNER!! As a valued customer you have been chosen to win a £900 prize reward! To claim call 09061701461. Claim code KL341. Valid 12 hours only.
ham,"Good morning David, Can you send me the latest version of the spreadsheet when you get a chance? Cheers, Ava"
spam,"Flash Sale! 90% off Designer Watches, Rolex, Omega, Gucci! Limited time clearance stock. Shop now at http://luxury-outlet-deals.shop"
ham,"Dear Customer, Can you send me the latest version of the spreadsheet when you get a chance? Thanks, Lucas"
ham,"Hey buddy, The deployment to staging completed without any errors. Ready for QA testing. Have a great day, Olivia"
ham,"Good morning David, Can you send me the latest version of the spreadsheet when you get a chance? Sincerely, Mia"
spam,Your Netflix subscription has expired. Update your billing credit card details to avoid service termination: http://netflix-account-renewal.com
ham,"Hi Robert, Here is the updated project roadmap following our team discussion yesterday. Cheers, Emma"
ham,"Dear Customer, Here is the updated project roadmap following our team discussion yesterday. Best regards, Sophia"
spam,Your Netflix subscription has expired. Update your billing credit card details to avoid service termination: http://netflix-account-renewal.com
ham,"Dear Dr. Miller, Please submit your travel expense reports by the end of the month for reimbursement. Warmly, James"
spam,"Limited Time Offer: Urgent: Unrecognized login detected from Moscow, Russia. Secure your account now. Call toll-free 1-800-555-9122 now to claim before midnight."
ham,"Good morning David, Let me know if 3:00 PM works for a quick 15-minute sync on the marketing campaign. Have a great day, Mia"
ham,"Hi Michael, can you please send me the updated contact information for the vendor? We need to finalize the contract."
ham,"Hi John, hope you are having a productive week. Just following up on the quarterly budget report we discussed on Monday."
spam,"You have received 1 new pending wire transfer of $4,500.00. Click here to confirm transaction details and accept funds."
spam,URGENT: Your account has been temporarily locked due to suspicious login attempts. Verify your details immediately at http://security-bank-auth.com to restore access.
spam,Account Notification: You have 1 pending Bitcoin payment of 0.35 BTC waiting in your crypto wallet. Call toll-free 1-800-555-9122 now to claim before midnight.
spam,Account Notification: Claim your $500 gift card today by completing this 2-minute survey. Visit http://secure-portal-update.org to update your credentials immediately.
ham,"Good morning David, Let me know if 3:00 PM works for a quick 15-minute sync on the marketing campaign. Best regards, Mia"
ham,"Dear Dr. Miller, Can you send me the latest version of the spreadsheet when you get a chance? Sincerely, Sophia"
spam,"Dear Winner, You have inherited $8.5 Million USD from a deceased relative. Reply with your passport and bank info to start transfer process."
ham,"Hey buddy, Can you send me the latest version of the spreadsheet when you get a chance? Warmly, Liam"
spam,"ATTENTION: IRS Tax Refund Notification. You have an unclaimed refund of $1,840. Submit your tax identification form at http://irs-tax-refunds-gov.biz"
ham,"Hey buddy, The conference room for tomorrow's client presentation has been reserved. Talk soon, Mia"
spam,"ACTION REQUIRED: You have been pre-selected for a $25,000 unsecured personal loan at low interest rate. Click here immediately: http://promo-reward-portal.com"
spam,"CONGRATULATIONS! Save 75% on health supplements, vitamins and male enhancement pills with free shipping. Click here immediately: http://promo-reward-portal.com"
ham,"Hi everyone, The deployment to staging completed without any errors. Ready for QA testing. Cheers, Liam"
ham,"Hi everyone, the office will be closed this coming Friday for the national holiday. Have a wonderful long weekend!"
spam,"Limited Time Offer: Save 75% on health supplements, vitamins and male enhancement pills with free shipping. Text WIN to 78900 to enter now. Standard rates apply."
ham,"Hey Sarah, Here is the updated project roadmap following our team discussion yesterday. Cheers, Mia"
ham,"Hello Team, Please review the attached contract draft and let me know if you have any changes. Cheers, Sophia"
ham,"Good afternoon Rachel, Please submit your travel expense reports by the end of the month for reimbursement. Cheers, Sophia"
ham,"Hi Alex, The deployment to staging completed without any errors. Ready for QA testing. Cheers, Noah"
spam,"FINAL NOTICE: Save 75% on health supplements, vitamins and male enhancement pills with free shipping. Visit http://secure-portal-update.org to update your credentials immediately."
ham,"Good morning David, The deployment to staging completed without any errors. Ready for QA testing. Talk soon, Daniel"
ham,"Hello Team, Thanks for the coffee catchup earlier! Let's follow up next week regarding the design. Warmly, Mia"
ham,"Hi Alex, Can you send me the latest version of the spreadsheet when you get a chance? Have a great day, Daniel"
spam,"Ref: 4920492. You have won a guaranteed cash prize of $5,000 or a trip to Bahamas! Call 09050000301 to claim today."
ham,Reminder: The weekly engineering team standup will start in 15 minutes in Conference Room B and on Zoom.
spam,"ACTION REQUIRED: Earn up to $3,000 every week working just 2 hours a day from your phone or laptop. Visit http://secure-portal-update.org to update your credentials immediately."
spam,"ATTENTION: IRS Tax Refund Notification. You have an unclaimed refund of $1,840. Submit your tax identification form at http://irs-tax-refunds-gov.biz"
ham,"Good morning Sarah, could you please review the attached slide deck before our client presentation at 2 PM?"
ham,"Hi team, please find attached the meeting notes and action items from today's sprint planning session."
ham,"Hi Alex, The deployment to staging completed without any errors. Ready for QA testing. Thanks, Sophia"
spam,"Special Offer: Buy Viagra, Cialis and generic medication online without prescription. Fast discreet worldwide shipping. 80% discount."
ham,"Hi everyone, The deployment to staging completed without any errors. Ready for QA testing. Warmly, Sophia"
ham,"Hi Mom, I arrived safely at the hotel. The flight was on time and everything went smoothly. Talk to you tomorrow!"
ham,"Hello Team, Please submit your travel expense reports by the end of the month for reimbursement. Cheers, Liam"
ham,"Hi Robert, Can you send me the latest version of the spreadsheet when you get a chance? Thanks, Olivia"
spam,"Flash Sale! 90% off Designer Watches, Rolex, Omega, Gucci! Limited time clearance stock. Shop now at http://luxury-outlet-deals.shop"
spam,"SECURITY NOTICE: Urgent: Unrecognized login detected from Moscow, Russia. Secure your account now. Hurry, offer expires in 6 hours! Act now."
spam,"Urgent Alert: Suspicious transaction of $899.00 detected on your Amazon account. If this was not you, call fraud prevention immediately at 1-888-234-5678."
spam,"Congratulations! You have been selected to receive a $1,000 Walmart Gift Card! Click here to claim your prize now: http://claim-gift-now.com"
spam,Guaranteed Weight Loss! Drop 20 pounds in 2 weeks without diet or exercise. 100% natural miracle supplement. Order now for 70% off!
spam,Guaranteed Weight Loss! Drop 20 pounds in 2 weeks without diet or exercise. 100% natural miracle supplement. Order now for 70% off!
ham,"Hi Robert, The conference room for tomorrow's client presentation has been reserved. Have a great day, Ava"
ham,"Hi Michael, can you please send me the updated contact information for the vendor? We need to finalize the contract."
ham,"Hey Sarah, Please submit your travel expense reports by the end of the month for reimbursement. Thanks, Liam"
ham,"Good morning Sarah, could you please review the attached slide deck before our client presentation at 2 PM?"
ham,"Hi Alex, Let me know if 3:00 PM works for a quick 15-minute sync on the marketing campaign. Sincerely, Noah"
ham,"Hi everyone, The conference room for tomorrow's client presentation has been reserved. Warmly, Lucas"
ham,"Dear Dr. Miller, Your library books are due back in 3 days. Renew online if you need more time. Talk soon, Olivia"
spam,"CONGRATULATIONS! Save 75% on health supplements, vitamins and male enhancement pills with free shipping. Visit http://secure-portal-update.org to update your credentials immediately."
ham,"Good afternoon Rachel, Your library books are due back in 3 days. Renew online if you need more time. Have a great day, Ava"
spam,"Dear customer, your parcel delivery is on hold due to unpaid customs fee of $2.99. Pay immediately to avoid return to sender: http://parcel-tracking-fees.com"
ham,"Hi Alex, Can you send me the latest version of the spreadsheet when you get a chance? Warmly, Mia"
ham,"Hi Alex, Thanks for the coffee catchup earlier! Let's follow up next week regarding the design. Best regards, James"
ham,"Hi Robert, Let me know if 3:00 PM works for a quick 15-minute sync on the marketing campaign. Cheers, Emma"
ham,"Good morning David, Let me know if 3:00 PM works for a quick 15-minute sync on the marketing campaign. Warmly, Lucas"
spam,Warning: Your mailbox is 99% full. You will not be able to receive incoming emails. Click here to upgrade mailbox storage for free.
ham,"Dear Customer, Your library books are due back in 3 days. Renew online if you need more time. Thanks, Emma"
spam,"Flash Sale! 90% off Designer Watches, Rolex, Omega, Gucci! Limited time clearance stock. Shop now at http://luxury-outlet-deals.shop"
ham,"Hi Alex, Your library books are due back in 3 days. Renew online if you need more time. Cheers, James"
ham,"Dear Customer, Let me know if 3:00 PM works for a quick 15-minute sync on the marketing campaign. Cheers, Noah"
spam,"URGENT ALERT: Get 10,000 Instagram followers and TikTok likes instantly for only $9.99. Download your prize confirmation certificate at http://rewards-winner.net"
spam,URGENT ALERT: You have 1 pending Bitcoin payment of 0.35 BTC waiting in your crypto wallet. Call toll-free 1-800-555-9122 now to claim before midnight.
spam,"Ref: 4920492. You have won a guaranteed cash prize of $5,000 or a trip to Bahamas! Call 09050000301 to claim today."
ham,"Hi Robert, Thanks for the coffee catchup earlier! Let's follow up next week regarding the design. Sincerely, Olivia"
spam,"You have received 1 new pending wire transfer of $4,500.00. Click here to confirm transaction details and accept funds."
spam,WINNER!! As a valued customer you have been chosen to win a £900 prize reward! To claim call 09061701461. Claim code KL341. Valid 12 hours only.
ham,"Hey Dave, do you have a few minutes this afternoon to help me debug the backend authentication issue?"
ham,"Hi Robert, Let me know if 3:00 PM works for a quick 15-minute sync on the marketing campaign. Cheers, Emma"
ham,"Hi everyone, Can you send me the latest version of the spreadsheet when you get a chance? Thanks, Olivia"
ham,"Hi Mom, I arrived safely at the hotel. The flight was on time and everything went smoothly. Talk to you tomorrow!"
ham,Please find attached your monthly bank statement for the period ending March 31st. Thank you for banking with us.
ham,"Hello Team, Can you send me the latest version of the spreadsheet when you get a chance? Sincerely, Lucas"
ham,"Hi Mom, I arrived safely at the hotel. The flight was on time and everything went smoothly. Talk to you tomorrow!"
spam,"Congratulations! You have been selected to receive a $1,000 Walmart Gift Card! Click here to claim your prize now: http://claim-gift-now.com"
ham,"Hi John, hope you are having a productive week. Just following up on the quarterly budget report we discussed on Monday."
ham,"Hi Alex, The conference room for tomorrow's client presentation has been reserved. Sincerely, Liam"
ham,"Hi Michael, can you please send me the updated contact information for the vendor? We need to finalize the contract."
spam,Warning: Your mailbox is 99% full. You will not be able to receive incoming emails. Click here to upgrade mailbox storage for free.
ham,"Hey Sarah, The deployment to staging completed without any errors. Ready for QA testing. Sincerely, James"
ham,"Hi team, please find attached the meeting notes and action items from today's sprint planning session."
ham,"Dear student, your assignment submission for CS 101 has been received and graded. Check the student portal for feedback."
ham,"Good morning David, Can you send me the latest version of the spreadsheet when you get a chance? Thanks, Ava"
ham,Your order #48291 has shipped! You can track your package delivery progress directly through the official carrier website.
ham,"Good morning David, The conference room for tomorrow's client presentation has been reserved. Warmly, Liam"
spam,"URGENT ALERT: Get 10,000 Instagram followers and TikTok likes instantly for only $9.99. Call toll-free 1-800-555-9122 now to claim before midnight."
ham,"Good afternoon Rachel, Here is the updated project roadmap following our team discussion yesterday. Talk soon, Mia"
ham,"Hi Robert, The conference room for tomorrow's client presentation has been reserved. Cheers, Liam"
ham,"Good afternoon Rachel, I reviewed your code changes and left a couple of minor comments on GitHub. Talk soon, James"
ham,"Good morning David, Let me know if 3:00 PM works for a quick 15-minute sync on the marketing campaign. Talk soon, Olivia"
ham,"Dear student, your assignment submission for CS 101 has been received and graded. Check the student portal for feedback."
spam,Warning: Your mailbox is 99% full. You will not be able to receive incoming emails. Click here to upgrade mailbox storage for free.
ham,"Hey buddy, Attached is the agenda for our upcoming quarterly business review. Sincerely, Noah"
spam,"Instant Cash Award: Save 75% on health supplements, vitamins and male enhancement pills with free shipping. Call toll-free 1-800-555-9122 now to claim before midnight."
ham,"Hey Sarah, Attached is the agenda for our upcoming quarterly business review. Best regards, Lucas"
ham,Please find attached your monthly bank statement for the period ending March 31st. Thank you for banking with us.
ham,"Hi everyone, Can you send me the latest version of the spreadsheet when you get a chance? Talk soon, Daniel"
ham,"Dear student, your assignment submission for CS 101 has been received and graded. Check the student portal for feedback."
spam,"Dear Winner, You have inherited $8.5 Million USD from a deceased relative. Reply with your passport and bank info to start transfer process."
ham,Your ride with Uber has completed. Total charged: $14.25. View your trip receipt in the app.
ham,"Good morning Sarah, could you please review the attached slide deck before our client presentation at 2 PM?"
ham,"Hello Team, Please submit your travel expense reports by the end of the month for reimbursement. Have a great day, Mia"
ham,"Good morning Sarah, could you please review the attached slide deck before our client presentation at 2 PM?"
spam,"ATTENTION: IRS Tax Refund Notification. You have an unclaimed refund of $1,840. Submit your tax identification form at http://irs-tax-refunds-gov.biz"
spam,"FINAL NOTICE: Hot discount deals on electronics, smartphones and laptops. Order now while stock lasts. Hurry, offer expires in 6 hours! Act now."
spam,"Ref: 4920492. You have won a guaranteed cash prize of $5,000 or a trip to Bahamas! Call 09050000301 to claim today."
spam,"You have received 1 new pending wire transfer of $4,500.00. Click here to confirm transaction details and accept funds."
ham,Please find attached your monthly bank statement for the period ending March 31st. Thank you for banking with us.
ham,"Hi team, just a quick reminder to submit your timesheets by 5 PM today for payroll processing."
spam,"ATTENTION: IRS Tax Refund Notification. You have an unclaimed refund of $1,840. Submit your tax identification form at http://irs-tax-refunds-gov.biz"
ham,"Dear patient, this is a friendly reminder of your upcoming dental appointment scheduled for Thursday at 10:00 AM."
spam,"You have received 1 new pending wire transfer of $4,500.00. Click here to confirm transaction details and accept funds."
ham,"Hello Team, Your library books are due back in 3 days. Renew online if you need more time. Best regards, Sophia"
spam,"Limited Time Offer: Urgent: Unrecognized login detected from Moscow, Russia. Secure your account now. Hurry, offer expires in 6 hours! Act now."
ham,"Dear Customer, Your library books are due back in 3 days. Renew online if you need more time. Warmly, Noah"
spam,Your Netflix subscription has expired. Update your billing credit card details to avoid service termination: http://netflix-account-renewal.com
ham,"Hi Robert, Thanks for the coffee catchup earlier! Let's follow up next week regarding the design. Have a great day, Daniel"
ham,"Hi Robert, I will be out of the office next Tuesday for a doctor appointment. Cheers, Mia"
spam,WINNER!! As a valued customer you have been chosen to win a £900 prize reward! To claim call 09061701461. Claim code KL341. Valid 12 hours only.
spam,Limited Time Offer: Your Apple ID has been locked for security reasons. Click here to verify your identity. Download your prize confirmation certificate at http://rewards-winner.net
spam,"Instant Cash Award: Earn up to $3,000 every week working just 2 hours a day from your phone or laptop. Download your prize confirmation certificate at http://rewards-winner.net"
ham,"Dear Dr. Miller, Your library books are due back in 3 days. Renew online if you need more time. Talk soon, Emma"
ham,"Hi team, please find attached the meeting notes and action items from today's sprint planning session."
ham,"Good morning David, The deployment to staging completed without any errors. Ready for QA testing. Cheers, Mia"
ham,"Hey buddy, I will be out of the office next Tuesday for a doctor appointment. Cheers, Olivia"
ham,"Good afternoon Rachel, Please review the attached contract draft and let me know if you have any changes. Sincerely, Lucas"
spam,EXCLUSIVE PROMOTION: Refinance your mortgage today and save hundreds every month. No closing costs! Text WIN to 78900 to enter now. Standard rates apply.
spam,"Dear customer, your parcel delivery is on hold due to unpaid customs fee of $2.99. Pay immediately to avoid return to sender: http://parcel-tracking-fees.com"
spam,ACTION REQUIRED: Claim your $500 gift card today by completing this 2-minute survey. Text WIN to 78900 to enter now. Standard rates apply.
ham,"Hi Alex, Let me know if 3:00 PM works for a quick 15-minute sync on the marketing campaign. Talk soon, Noah"
ham,"Good morning David, Please review the attached contract draft and let me know if you have any changes. Have a great day, Noah"
ham,"Good afternoon Rachel, The conference room for tomorrow's client presentation has been reserved. Cheers, Mia"
ham,"Dear Customer, Attached is the agenda for our upcoming quarterly business review. Talk soon, Lucas"
spam,Limited Time Offer: You have 1 pending Bitcoin payment of 0.35 BTC waiting in your crypto wallet. Call toll-free 1-800-555-9122 now to claim before midnight.
spam,FINAL NOTICE: Your online banking password expires in 24 hours. Log in now to keep your account active. Call toll-free 1-800-555-9122 now to claim before midnight.
spam,ACTION REQUIRED: Your Apple ID has been locked for security reasons. Click here to verify your identity. Visit http://secure-portal-update.org to update your credentials immediately.
ham,"Good afternoon Rachel, I reviewed your code changes and left a couple of minor comments on GitHub. Talk soon, Lucas"
spam,"ACTION REQUIRED: Save 75% on health supplements, vitamins and male enhancement pills with free shipping. Call toll-free 1-800-555-9122 now to claim before midnight."
ham,"Dear Customer, Please submit your travel expense reports by the end of the month for reimbursement. Sincerely, Daniel"
ham,"Hey Sarah, Can you send me the latest version of the spreadsheet when you get a chance? Sincerely, Noah"
spam,Your Netflix subscription has expired. Update your billing credit card details to avoid service termination: http://netflix-account-renewal.com
spam,"ACTION REQUIRED: Get 10,000 Instagram followers and TikTok likes instantly for only $9.99. Call toll-free 1-800-555-9122 now to claim before midnight."
ham,"Hey Sarah, Can you send me the latest version of the spreadsheet when you get a chance? Best regards, Mia"
ham,"Dear Dr. Miller, Your library books are due back in 3 days. Renew online if you need more time. Have a great day, Sophia"
ham,Your ride with Uber has completed. Total charged: $14.25. View your trip receipt in the app.
spam,"Instant Cash Award: Refinance your mortgage today and save hundreds every month. No closing costs! Hurry, offer expires in 6 hours! Act now."
spam,Account Notification: You won a brand new iPhone 15 Pro! Confirm your shipping address to receive delivery. Visit http://secure-portal-update.org to update your credentials immediately.
ham,"Hey Mark, happy birthday! Hope you have a fantastic day celebrating with family and friends."
ham,"Hello Team, The deployment to staging completed without any errors. Ready for QA testing. Talk soon, Noah"
ham,"Good afternoon Rachel, I reviewed your code changes and left a couple of minor comments on GitHub. Thanks, Daniel"
spam,Exclusive Invitation: Double your cryptocurrency investments in just 48 hours with our automated Bitcoin trading bot! Join VIP club now.
ham,"Hi Alex, The conference room for tomorrow's client presentation has been reserved. Thanks, Olivia"
ham,Please find attached your monthly bank statement for the period ending March 31st. Thank you for banking with us.
spam,"Dear Winner, You have inherited $8.5 Million USD from a deceased relative. Reply with your passport and bank info to start transfer process."
ham,"Hey buddy, The deployment to staging completed without any errors. Ready for QA testing. Have a great day, Mia"
spam,"URGENT ALERT: You have 1 pending Bitcoin payment of 0.35 BTC waiting in your crypto wallet. Hurry, offer expires in 6 hours! Act now."
spam,"Dear Winner, You have inherited $8.5 Million USD from a deceased relative. Reply with your passport and bank info to start transfer process."
ham,"Dear Customer, Here is the updated project roadmap following our team discussion yesterday. Talk soon, Olivia"
ham,"Dear Dr. Miller, I reviewed your code changes and left a couple of minor comments on GitHub. Cheers, Noah"
ham,"Hello Team, Let me know if 3:00 PM works for a quick 15-minute sync on the marketing campaign. Cheers, Sophia"
ham,"Hi everyone, Attached is the agenda for our upcoming quarterly business review. Warmly, Daniel"
ham,"Dear Dr. Miller, The conference room for tomorrow's client presentation has been reserved. Best regards, Mia"
spam,URGENT ALERT: Your Apple ID has been locked for security reasons. Click here to verify your identity. Text WIN to 78900 to enter now. Standard rates apply.
spam,Guaranteed Weight Loss! Drop 20 pounds in 2 weeks without diet or exercise. 100% natural miracle supplement. Order now for 70% off!
spam,"Instant Cash Award: Urgent: Unrecognized login detected from Moscow, Russia. Secure your account now. Reply with your full name, phone number, and mailing address to claim."
ham,"Dear Customer, Please submit your travel expense reports by the end of the month for reimbursement. Best regards, James"
ham,"Good morning David, The conference room for tomorrow's client presentation has been reserved. Have a great day, Mia"
spam,"FINAL NOTICE: Get 10,000 Instagram followers and TikTok likes instantly for only $9.99. Click here immediately: http://promo-reward-portal.com"
spam,You're a winner! You won a brand new iPhone 15 Pro! Confirm your shipping address to receive delivery. Download your prize confirmation certificate at http://rewards-winner.net
ham,"Good morning David, Thanks for the coffee catchup earlier! Let's follow up next week regarding the design. Talk soon, Emma"
ham,"Hi team, just a quick reminder to submit your timesheets by 5 PM today for payroll processing."
ham,"Hi everyone, Can you send me the latest version of the spreadsheet when you get a chance? Sincerely, Olivia"
ham,Your order #48291 has shipped! You can track your package delivery progress directly through the official carrier website.
spam,Exclusive Invitation: Double your cryptocurrency investments in just 48 hours with our automated Bitcoin trading bot! Join VIP club now.
spam,"Account Notification: You won a brand new iPhone 15 Pro! Confirm your shipping address to receive delivery. Reply with your full name, phone number, and mailing address to claim."
ham,"Hi Alex, The deployment to staging completed without any errors. Ready for QA testing. Thanks, Emma"
ham,The pull request for the email validation bug fix has been reviewed and merged into the main branch.
ham,"Good morning David, Can you send me the latest version of the spreadsheet when you get a chance? Warmly, Daniel"
spam,URGENT ALERT: Your online banking password expires in 24 hours. Log in now to keep your account active. Text WIN to 78900 to enter now. Standard rates apply.
ham,"Dear Customer, I will be out of the office next Tuesday for a doctor appointment. Best regards, Daniel"
spam,"Work from home and earn $500 to $1,500 daily with no experience required! Flexible hours. Start immediately by clicking here."
spam,"EXCLUSIVE PROMOTION: Urgent: Unrecognized login detected from Moscow, Russia. Secure your account now. Hurry, offer expires in 6 hours! Act now."
spam,FINAL NOTICE: Your Apple ID has been locked for security reasons. Click here to verify your identity. Download your prize confirmation certificate at http://rewards-winner.net
ham,"Hi John, hope you are having a productive week. Just following up on the quarterly budget report we discussed on Monday."
ham,"Hi everyone, Can you send me the latest version of the spreadsheet when you get a chance? Have a great day, Daniel"
ham,"Hey buddy, Please submit your travel expense reports by the end of the month for reimbursement. Sincerely, James"
ham,"Hey buddy, Can you send me the latest version of the spreadsheet when you get a chance? Sincerely, Emma"
spam,"Ref: 4920492. You have won a guaranteed cash prize of $5,000 or a trip to Bahamas! Call 09050000301 to claim today."
ham,"Hey Sarah, Can you send me the latest version of the spreadsheet when you get a chance? Thanks, Ava"
ham,"Hey Sarah, I reviewed your code changes and left a couple of minor comments on GitHub. Thanks, Lucas"
spam,"FINAL NOTICE: You have been pre-selected for a $25,000 unsecured personal loan at low interest rate. Visit http://secure-portal-update.org to update your credentials immediately."
spam,"Congratulations! You have been selected to receive a $1,000 Walmart Gift Card! Click here to claim your prize now: http://claim-gift-now.com"
ham,"Hey Sarah, Can you send me the latest version of the spreadsheet when you get a chance? Thanks, Noah"
spam,"Account Notification: Earn up to $3,000 every week working just 2 hours a day from your phone or laptop. Hurry, offer expires in 6 hours! Act now."
spam,"You're a winner! Earn up to $3,000 every week working just 2 hours a day from your phone or laptop. Text WIN to 78900 to enter now. Standard rates apply."
ham,"Good morning David, Thanks for the coffee catchup earlier! Let's follow up next week regarding the design. Talk soon, Liam"
spam,Your Netflix subscription has expired. Update your billing credit card details to avoid service termination: http://netflix-account-renewal.com
ham,"Dear Customer, Please submit your travel expense reports by the end of the month for reimbursement. Sincerely, Ava"
ham,"Hey Dave, do you have a few minutes this afternoon to help me debug the backend authentication issue?"
ham,"Hi John, hope you are having a productive week. Just following up on the quarterly budget report we discussed on Monday."
ham,"Hi everyone, Your library books are due back in 3 days. Renew online if you need more time. Talk soon, Sophia"
ham,"Dear Dr. Miller, The deployment to staging completed without any errors. Ready for QA testing. Warmly, Daniel"
spam,"CONGRATULATIONS! Earn up to $3,000 every week working just 2 hours a day from your phone or laptop. Hurry, offer expires in 6 hours! Act now."
ham,"Hello Team, Your library books are due back in 3 days. Renew online if you need more time. Best regards, Olivia"
ham,Reminder: The weekly engineering team standup will start in 15 minutes in Conference Room B and on Zoom.
spam,Guaranteed Weight Loss! Drop 20 pounds in 2 weeks without diet or exercise. 100% natural miracle supplement. Order now for 70% off!
spam,"Dear customer, your parcel delivery is on hold due to unpaid customs fee of $2.99. Pay immediately to avoid return to sender: http://parcel-tracking-fees.com"
spam,FINAL NOTICE: Your online banking password expires in 24 hours. Log in now to keep your account active. Download your prize confirmation certificate at http://rewards-winner.net
spam,Warning: Your mailbox is 99% full. You will not be able to receive incoming emails. Click here to upgrade mailbox storage for free.
spam,SECURITY NOTICE: Refinance your mortgage today and save hundreds every month. No closing costs! Click here immediately: http://promo-reward-portal.com
spam,"CONGRATULATIONS! Earn up to $3,000 every week working just 2 hours a day from your phone or laptop. Download your prize confirmation certificate at http://rewards-winner.net"
ham,"Hi everyone, I reviewed your code changes and left a couple of minor comments on GitHub. Warmly, Ava"
ham,"Dear Customer, Let me know if 3:00 PM works for a quick 15-minute sync on the marketing campaign. Thanks, Sophia"
ham,"Hi Robert, The conference room for tomorrow's client presentation has been reserved. Warmly, Olivia"
ham,"Dear Customer, Let me know if 3:00 PM works for a quick 15-minute sync on the marketing campaign. Talk soon, Ava"
ham,"Dear Dr. Miller, The conference room for tomorrow's client presentation has been reserved. Sincerely, Mia"
spam,"You have received 1 new pending wire transfer of $4,500.00. Click here to confirm transaction details and accept funds."
ham,"Hello Team, Attached is the agenda for our upcoming quarterly business review. Sincerely, Daniel"
ham,"Hello Team, Let me know if 3:00 PM works for a quick 15-minute sync on the marketing campaign. Cheers, Liam"
ham,"Dear Customer, I will be out of the office next Tuesday for a doctor appointment. Best regards, Emma"
spam,"URGENT ALERT: Hot discount deals on electronics, smartphones and laptops. Order now while stock lasts. Download your prize confirmation certificate at http://rewards-winner.net"
ham,"Hi Robert, Please submit your travel expense reports by the end of the month for reimbursement. Sincerely, Sophia"
ham,"Hi Robert, Please review the attached contract draft and let me know if you have any changes. Sincerely, Liam"
spam,FREE entry into our £250 weekly competition just text the word WIN to 80086 NOW. 18+ T&Cs apply.
ham,"Dear Dr. Miller, Attached is the agenda for our upcoming quarterly business review. Thanks, Sophia"
ham,"Hi team, just a quick reminder to submit your timesheets by 5 PM today for payroll processing."
ham,"Hi everyone, Here is the updated project roadmap following our team discussion yesterday. Have a great day, Olivia"
spam,Instant Cash Award: Refinance your mortgage today and save hundreds every month. No closing costs! Visit http://secure-portal-update.org to update your credentials immediately.
ham,"Good afternoon Rachel, Here is the updated project roadmap following our team discussion yesterday. Warmly, Ava"
spam,EXCLUSIVE PROMOTION: You won a brand new iPhone 15 Pro! Confirm your shipping address to receive delivery. Text WIN to 78900 to enter now. Standard rates apply.
ham,Please find attached your monthly bank statement for the period ending March 31st. Thank you for banking with us.
spam,WINNER!! As a valued customer you have been chosen to win a £900 prize reward! To claim call 09061701461. Claim code KL341. Valid 12 hours only.
ham,"Good morning David, Thanks for the coffee catchup earlier! Let's follow up next week regarding the design. Sincerely, Daniel"
ham,"Dear Dr. Miller, Can you send me the latest version of the spreadsheet when you get a chance? Have a great day, Ava"
ham,"Hi Robert, Please review the attached contract draft and let me know if you have any changes. Best regards, Sophia"
spam,URGENT: Your account has been temporarily locked due to suspicious login attempts. Verify your details immediately at http://security-bank-auth.com to restore access.
ham,"Hey Sarah, Here is the updated project roadmap following our team discussion yesterday. Thanks, Noah"
spam,Final Notice: Your vehicle warranty has expired. Call 1-800-555-0199 immediately to renew coverage before your policy is cancelled.
spam,You're a winner! Your Apple ID has been locked for security reasons. Click here to verify your identity. Call toll-free 1-800-555-9122 now to claim before midnight.
ham,"Good afternoon Rachel, Please review the attached contract draft and let me know if you have any changes. Best regards, Lucas"
spam,"EXCLUSIVE PROMOTION: Hot discount deals on electronics, smartphones and laptops. Order now while stock lasts. Click here immediately: http://promo-reward-portal.com"
ham,"Dear Dr. Miller, Thanks for the coffee catchup earlier! Let's follow up next week regarding the design. Talk soon, Emma"
ham,"Hi everyone, Attached is the agenda for our upcoming quarterly business review. Warmly, Mia"
ham,"Hi Robert, The deployment to staging completed without any errors. Ready for QA testing. Warmly, Noah"
ham,"Good morning David, Attached is the agenda for our upcoming quarterly business review. Cheers, Sophia"
ham,"Good morning David, Thanks for the coffee catchup earlier! Let's follow up next week regarding the design. Talk soon, Sophia"
spam,Warning: Your mailbox is 99% full. You will not be able to receive incoming emails. Click here to upgrade mailbox storage for free.
ham,"Dear Dr. Miller, Here is the updated project roadmap following our team discussion yesterday. Have a great day, Ava"
ham,"Good morning David, I will be out of the office next Tuesday for a doctor appointment. Have a great day, Emma"
ham,"Hi Alex, Your library books are due back in 3 days. Renew online if you need more time. Warmly, Lucas"
spam,"Ref: 4920492. You have won a guaranteed cash prize of $5,000 or a trip to Bahamas! Call 09050000301 to claim today."
ham,"Dear Customer, I will be out of the office next Tuesday for a doctor appointment. Best regards, James"
spam,"Dear Winner, You have inherited $8.5 Million USD from a deceased relative. Reply with your passport and bank info to start transfer process."
spam,"Get pre-approved for an instant cash loan of up to $50,000 with 0% APR for the first 12 months! Apply online today at http://fast-instant-cash.net"
ham,"Hey Dave, do you have a few minutes this afternoon to help me debug the backend authentication issue?"
ham,"Dear Dr. Miller, Here is the updated project roadmap following our team discussion yesterday. Warmly, Mia"
ham,"Hi Mom, I arrived safely at the hotel. The flight was on time and everything went smoothly. Talk to you tomorrow!"
spam,"Instant Cash Award: Hot discount deals on electronics, smartphones and laptops. Order now while stock lasts. Hurry, offer expires in 6 hours! Act now."
spam,"URGENT ALERT: Hot discount deals on electronics, smartphones and laptops. Order now while stock lasts. Visit http://secure-portal-update.org to update your credentials immediately."
ham,Your ride with Uber has completed. Total charged: $14.25. View your trip receipt in the app.
ham,"Dear Customer, Attached is the agenda for our upcoming quarterly business review. Talk soon, James"
spam,"EXCLUSIVE PROMOTION: You have been pre-selected for a $25,000 unsecured personal loan at low interest rate. Call toll-free 1-800-555-9122 now to claim before midnight."
ham,"Hi Alex, Your library books are due back in 3 days. Renew online if you need more time. Thanks, Sophia"
ham,"Hi Robert, Please review the attached contract draft and let me know if you have any changes. Sincerely, Noah"
ham,"Dear Customer, Here is the updated project roadmap following our team discussion yesterday. Talk soon, Emma"
spam,"SECURITY NOTICE: Your online banking password expires in 24 hours. Log in now to keep your account active. Reply with your full name, phone number, and mailing address to claim."
ham,"Dear Dr. Miller, Thanks for the coffee catchup earlier! Let's follow up next week regarding the design. Warmly, Emma"
spam,Limited Time Offer: Your Apple ID has been locked for security reasons. Click here to verify your identity. Visit http://secure-portal-update.org to update your credentials immediately.
ham,"Hi team, please find attached the meeting notes and action items from today's sprint planning session."
spam,"EXCLUSIVE PROMOTION: Save 75% on health supplements, vitamins and male enhancement pills with free shipping. Visit http://secure-portal-update.org to update your credentials immediately."
ham,"Hi John, hope you are having a productive week. Just following up on the quarterly budget report we discussed on Monday."
ham,"Thank you for attending our product demo yesterday. As requested, here is the recording link and technical whitepaper."
ham,"Good afternoon Rachel, Your library books are due back in 3 days. Renew online if you need more time. Thanks, Lucas"
ham,Thanks for sending over the invoice. I have forwarded it to our accounts department for processing.
spam,"Instant Cash Award: You have been pre-selected for a $25,000 unsecured personal loan at low interest rate. Reply with your full name, phone number, and mailing address to claim."
spam,"Limited Time Offer: Save 75% on health supplements, vitamins and male enhancement pills with free shipping. Visit http://secure-portal-update.org to update your credentials immediately."
spam,Warning: Your mailbox is 99% full. You will not be able to receive incoming emails. Click here to upgrade mailbox storage for free.
spam,Instant Cash Award: You won a brand new iPhone 15 Pro! Confirm your shipping address to receive delivery. Text WIN to 78900 to enter now. Standard rates apply.
ham,The pull request for the email validation bug fix has been reviewed and merged into the main branch.
ham,"Hi Mom, I arrived safely at the hotel. The flight was on time and everything went smoothly. Talk to you tomorrow!"
spam,"Special Offer: Buy Viagra, Cialis and generic medication online without prescription. Fast discreet worldwide shipping. 80% discount."
ham,Hey! Are we still on for lunch tomorrow around 12:30? Let me know which restaurant you prefer.
spam,"Special Offer: Buy Viagra, Cialis and generic medication online without prescription. Fast discreet worldwide shipping. 80% discount."
ham,Your ride with Uber has completed. Total charged: $14.25. View your trip receipt in the app.
ham,"Hello Team, Attached is the agenda for our upcoming quarterly business review. Have a great day, Noah"
spam,"You have received 1 new pending wire transfer of $4,500.00. Click here to confirm transaction details and accept funds."
ham,"Hi Alex, Can you send me the latest version of the spreadsheet when you get a chance? Have a great day, James"
ham,"Hey Sarah, The deployment to staging completed without any errors. Ready for QA testing. Warmly, Ava"
ham,"Good morning David, Your library books are due back in 3 days. Renew online if you need more time. Warmly, Olivia"
ham,"Hi Alex, Thanks for the coffee catchup earlier! Let's follow up next week regarding the design. Thanks, Mia"
ham,"Hey buddy, Attached is the agenda for our upcoming quarterly business review. Sincerely, Sophia"
ham,"Good afternoon Rachel, Let me know if 3:00 PM works for a quick 15-minute sync on the marketing campaign. Cheers, James"
spam,CONGRATULATIONS! Your online banking password expires in 24 hours. Log in now to keep your account active. Visit http://secure-portal-update.org to update your credentials immediately.
ham,"Hello Team, Your library books are due back in 3 days. Renew online if you need more time. Cheers, Emma"
ham,"Good morning David, The deployment to staging completed without any errors. Ready for QA testing. Sincerely, Noah"
ham,"Hey Dave, do you have a few minutes this afternoon to help me debug the backend authentication issue?"
ham,"Hey Sarah, Let me know if 3:00 PM works for a quick 15-minute sync on the marketing campaign. Warmly, Olivia"
spam,"CONGRATULATIONS! Hot discount deals on electronics, smartphones and laptops. Order now while stock lasts. Hurry, offer expires in 6 hours! Act now."
ham,"Good afternoon Rachel, Let me know if 3:00 PM works for a quick 15-minute sync on the marketing campaign. Have a great day, Liam"
spam,FINAL NOTICE: Your Apple ID has been locked for security reasons. Click here to verify your identity. Text WIN to 78900 to enter now. Standard rates apply.
ham,"Hi everyone, I reviewed your code changes and left a couple of minor comments on GitHub. Thanks, Daniel"
ham,"Hi Michael, can you please send me the updated contact information for the vendor? We need to finalize the contract."
ham,"Hi team, please find attached the meeting notes and action items from today's sprint planning session."
ham,"Dear Dr. Miller, Attached is the agenda for our upcoming quarterly business review. Cheers, Noah"
ham,"Dear Dr. Miller, Thanks for the coffee catchup earlier! Let's follow up next week regarding the design. Cheers, Ava"
ham,"Hi Alex, Here is the updated project roadmap following our team discussion yesterday. Thanks, Emma"
ham,"Dear Customer, Let me know if 3:00 PM works for a quick 15-minute sync on the marketing campaign. Have a great day, Lucas"
ham,"Hi team, just a quick reminder to submit your timesheets by 5 PM today for payroll processing."
ham,"Dear Customer, The deployment to staging completed without any errors. Ready for QA testing. Best regards, Lucas"
ham,"Hello Team, Thanks for the coffee catchup earlier! Let's follow up next week regarding the design. Talk soon, Mia"
ham,"Hi everyone, I will be out of the office next Tuesday for a doctor appointment. Cheers, Mia"
ham,"Good afternoon Rachel, The conference room for tomorrow's client presentation has been reserved. Warmly, Olivia"
spam,"You're a winner! Save 75% on health supplements, vitamins and male enhancement pills with free shipping. Click here immediately: http://promo-reward-portal.com"
spam,Guaranteed Weight Loss! Drop 20 pounds in 2 weeks without diet or exercise. 100% natural miracle supplement. Order now for 70% off!
ham,"Hello Team, Please review the attached contract draft and let me know if you have any changes. Sincerely, Emma"
ham,"Hi Alex, Here is the updated project roadmap following our team discussion yesterday. Sincerely, Olivia"
spam,"Account Notification: You have been pre-selected for a $25,000 unsecured personal loan at low interest rate. Visit http://secure-portal-update.org to update your credentials immediately."
spam,Guaranteed Weight Loss! Drop 20 pounds in 2 weeks without diet or exercise. 100% natural miracle supplement. Order now for 70% off!
ham,"Hello Team, Thanks for the coffee catchup earlier! Let's follow up next week regarding the design. Cheers, Olivia"
ham,Your ride with Uber has completed. Total charged: $14.25. View your trip receipt in the app.
ham,"Hello Team, Attached is the agenda for our upcoming quarterly business review. Best regards, Noah"
ham,"Hey Mark, happy birthday! Hope you have a fantastic day celebrating with family and friends."
ham,"Good afternoon Rachel, Your library books are due back in 3 days. Renew online if you need more time. Thanks, Ava"
ham,"Dear Customer, Please review the attached contract draft and let me know if you have any changes. Warmly, Ava"
spam,CONGRATULATIONS! Your Apple ID has been locked for security reasons. Click here to verify your identity. Click here immediately: http://promo-reward-portal.com
ham,"Good afternoon Rachel, Can you send me the latest version of the spreadsheet when you get a chance? Best regards, Sophia"
spam,FREE entry into our £250 weekly competition just text the word WIN to 80086 NOW. 18+ T&Cs apply.
ham,"Dear Customer, Your library books are due back in 3 days. Renew online if you need more time. Cheers, Liam"
spam,CONGRATULATIONS! Your Apple ID has been locked for security reasons. Click here to verify your identity. Download your prize confirmation certificate at http://rewards-winner.net
spam,"Urgent Alert: Suspicious transaction of $899.00 detected on your Amazon account. If this was not you, call fraud prevention immediately at 1-888-234-5678."
ham,"Thank you for attending our product demo yesterday. As requested, here is the recording link and technical whitepaper."
spam,Warning: Your mailbox is 99% full. You will not be able to receive incoming emails. Click here to upgrade mailbox storage for free.
ham,"Hey buddy, The conference room for tomorrow's client presentation has been reserved. Sincerely, Daniel"
ham,"Hi everyone, Please review the attached contract draft and let me know if you have any changes. Thanks, Lucas"
ham,"Good morning David, I reviewed your code changes and left a couple of minor comments on GitHub. Sincerely, Noah"
spam,"SECURITY NOTICE: Your online banking password expires in 24 hours. Log in now to keep your account active. Reply with your full name, phone number, and mailing address to claim."
ham,"Good afternoon Rachel, Attached is the agenda for our upcoming quarterly business review. Have a great day, Lucas"
ham,"Good morning David, Thanks for the coffee catchup earlier! Let's follow up next week regarding the design. Have a great day, Noah"
ham,"Dear Customer, The deployment to staging completed without any errors. Ready for QA testing. Cheers, Ava"
spam,"Ref: 4920492. You have won a guaranteed cash prize of $5,000 or a trip to Bahamas! Call 09050000301 to claim today."
ham,"Hi Robert, Let me know if 3:00 PM works for a quick 15-minute sync on the marketing campaign. Talk soon, Noah"
ham,"Hey Mark, happy birthday! Hope you have a fantastic day celebrating with family and friends."
ham,"Hi Alex, The deployment to staging completed without any errors. Ready for QA testing. Have a great day, Daniel"
ham,"Hey Dave, do you have a few minutes this afternoon to help me debug the backend authentication issue?"
spam,SECURITY NOTICE: Refinance your mortgage today and save hundreds every month. No closing costs! Call toll-free 1-800-555-9122 now to claim before midnight.
ham,"Dear Customer, Your library books are due back in 3 days. Renew online if you need more time. Best regards, Liam"
spam,"ACTION REQUIRED: Urgent: Unrecognized login detected from Moscow, Russia. Secure your account now. Download your prize confirmation certificate at http://rewards-winner.net"
ham,"Dear Dr. Miller, The deployment to staging completed without any errors. Ready for QA testing. Talk soon, Daniel"
ham,"Dear Customer, Let me know if 3:00 PM works for a quick 15-minute sync on the marketing campaign. Warmly, James"
ham,"Hi Robert, Thanks for the coffee catchup earlier! Let's follow up next week regarding the design. Sincerely, Daniel"
ham,"Hi Robert, Here is the updated project roadmap following our team discussion yesterday. Talk soon, James"
spam,FINAL NOTICE: You won a brand new iPhone 15 Pro! Confirm your shipping address to receive delivery. Text WIN to 78900 to enter now. Standard rates apply.
ham,"Dear Dr. Miller, I will be out of the office next Tuesday for a doctor appointment. Talk soon, Sophia"
ham,"Hey Sarah, Let me know if 3:00 PM works for a quick 15-minute sync on the marketing campaign. Best regards, Ava"
ham,"Good morning David, The deployment to staging completed without any errors. Ready for QA testing. Thanks, Liam"
ham,"Dear Dr. Miller, Can you send me the latest version of the spreadsheet when you get a chance? Sincerely, Sophia"
ham,"Hi Michael, can you please send me the updated contact information for the vendor? We need to finalize the contract."
ham,"Dear Customer, I will be out of the office next Tuesday for a doctor appointment. Sincerely, James"
spam,"Dear customer, your parcel delivery is on hold due to unpaid customs fee of $2.99. Pay immediately to avoid return to sender: http://parcel-tracking-fees.com"
ham,"Hello Team, I reviewed your code changes and left a couple of minor comments on GitHub. Best regards, James"
spam,"Dear Winner, You have inherited $8.5 Million USD from a deceased relative. Reply with your passport and bank info to start transfer process."
spam,SECURITY NOTICE: Refinance your mortgage today and save hundreds every month. No closing costs! Text WIN to 78900 to enter now. Standard rates apply.
spam,HOT SINGLE WOMEN in your area are looking to chat tonight! Click to view verified private profiles: http://meet-singles-now.top
ham,"Hello Team, Please review the attached contract draft and let me know if you have any changes. Warmly, Noah"
ham,"Good morning David, Please review the attached contract draft and let me know if you have any changes. Warmly, Daniel"
spam,"Ref: 4920492. You have won a guaranteed cash prize of $5,000 or a trip to Bahamas! Call 09050000301 to claim today."
ham,"Hello Team, Here is the updated project roadmap following our team discussion yesterday. Sincerely, Olivia"
ham,"Dear Dr. Miller, Please submit your travel expense reports by the end of the month for reimbursement. Have a great day, James"
spam,FINAL NOTICE: Claim your $500 gift card today by completing this 2-minute survey. Text WIN to 78900 to enter now. Standard rates apply.
spam,"ACTION REQUIRED: Save 75% on health supplements, vitamins and male enhancement pills with free shipping. Reply with your full name, phone number, and mailing address to claim."
spam,EXCLUSIVE PROMOTION: Claim your $500 gift card today by completing this 2-minute survey. Visit http://secure-portal-update.org to update your credentials immediately.
ham,"Hey Sarah, Thanks for the coffee catchup earlier! Let's follow up next week regarding the design. Talk soon, Sophia"
ham,"Good afternoon Rachel, Let me know if 3:00 PM works for a quick 15-minute sync on the marketing campaign. Cheers, Liam"
ham,"Hey Sarah, I will be out of the office next Tuesday for a doctor appointment. Cheers, James"
ham,"Good morning David, I will be out of the office next Tuesday for a doctor appointment. Cheers, Mia"
ham,"Hello Team, Please submit your travel expense reports by the end of the month for reimbursement. Warmly, Sophia"
ham,"Hi Alex, Please submit your travel expense reports by the end of the month for reimbursement. Talk soon, Noah"
ham,"Dear Customer, Let me know if 3:00 PM works for a quick 15-minute sync on the marketing campaign. Warmly, Ava"
ham,"Hi Robert, The conference room for tomorrow's client presentation has been reserved. Best regards, Olivia"
ham,"Hello Team, Let me know if 3:00 PM works for a quick 15-minute sync on the marketing campaign. Sincerely, Olivia"
ham,"Hi John, hope you are having a productive week. Just following up on the quarterly budget report we discussed on Monday."
spam,"URGENT ALERT: You have been pre-selected for a $25,000 unsecured personal loan at low interest rate. Reply with your full name, phone number, and mailing address to claim."
ham,"Hey Sarah, Please submit your travel expense reports by the end of the month for reimbursement. Sincerely, James"
ham,"Hi John, hope you are having a productive week. Just following up on the quarterly budget report we discussed on Monday."
ham,"Hey Sarah, Thanks for the coffee catchup earlier! Let's follow up next week regarding the design. Thanks, Noah"
spam,"Urgent Alert: Suspicious transaction of $899.00 detected on your Amazon account. If this was not you, call fraud prevention immediately at 1-888-234-5678."
ham,"Dear Dr. Miller, Thanks for the coffee catchup earlier! Let's follow up next week regarding the design. Sincerely, Liam"
ham,"Dear Dr. Miller, I will be out of the office next Tuesday for a doctor appointment. Warmly, Sophia"
ham,"Hi everyone, I will be out of the office next Tuesday for a doctor appointment. Thanks, Olivia"
ham,"Hey Sarah, Let me know if 3:00 PM works for a quick 15-minute sync on the marketing campaign. Talk soon, Sophia"
ham,"Dear patient, this is a friendly reminder of your upcoming dental appointment scheduled for Thursday at 10:00 AM."
spam,"Urgent Alert: Suspicious transaction of $899.00 detected on your Amazon account. If this was not you, call fraud prevention immediately at 1-888-234-5678."
spam,"CONGRATULATIONS! Urgent: Unrecognized login detected from Moscow, Russia. Secure your account now. Text WIN to 78900 to enter now. Standard rates apply."
ham,"Dear Customer, The deployment to staging completed without any errors. Ready for QA testing. Thanks, Emma"
spam,Guaranteed Weight Loss! Drop 20 pounds in 2 weeks without diet or exercise. 100% natural miracle supplement. Order now for 70% off!
ham,"Dear Customer, Your library books are due back in 3 days. Renew online if you need more time. Best regards, Lucas"
spam,"URGENT ALERT: Earn up to $3,000 every week working just 2 hours a day from your phone or laptop. Visit http://secure-portal-update.org to update your credentials immediately."
ham,"Thank you for attending our product demo yesterday. As requested, here is the recording link and technical whitepaper."
spam,"Instant Cash Award: You have been pre-selected for a $25,000 unsecured personal loan at low interest rate. Call toll-free 1-800-555-9122 now to claim before midnight."
spam,SECURITY NOTICE: Your online banking password expires in 24 hours. Log in now to keep your account active. Call toll-free 1-800-555-9122 now to claim before midnight.
ham,"Dear patient, this is a friendly reminder of your upcoming dental appointment scheduled for Thursday at 10:00 AM."
ham,"Good morning David, I will be out of the office next Tuesday for a doctor appointment. Best regards, Olivia"
ham,"Hey buddy, The deployment to staging completed without any errors. Ready for QA testing. Warmly, Noah"
spam,"Limited Time Offer: Earn up to $3,000 every week working just 2 hours a day from your phone or laptop. Reply with your full name, phone number, and mailing address to claim."
ham,Hey! Are we still on for lunch tomorrow around 12:30? Let me know which restaurant you prefer.
ham,"Thank you for attending our product demo yesterday. As requested, here is the recording link and technical whitepaper."
spam,"You're a winner! Your Apple ID has been locked for security reasons. Click here to verify your identity. Reply with your full name, phone number, and mailing address to claim."
ham,"Hello Team, Please submit your travel expense reports by the end of the month for reimbursement. Thanks, Ava"
ham,"Hey Sarah, Can you send me the latest version of the spreadsheet when you get a chance? Cheers, Liam"
ham,"Dear Customer, I reviewed your code changes and left a couple of minor comments on GitHub. Warmly, James"
ham,"Hey buddy, The deployment to staging completed without any errors. Ready for QA testing. Have a great day, Liam"
ham,"Good morning David, I reviewed your code changes and left a couple of minor comments on GitHub. Cheers, Daniel"
ham,"Good morning David, I reviewed your code changes and left a couple of minor comments on GitHub. Sincerely, Daniel"
spam,"CONGRATULATIONS! Hot discount deals on electronics, smartphones and laptops. Order now while stock lasts. Visit http://secure-portal-update.org to update your credentials immediately."
spam,"Limited Time Offer: Your online banking password expires in 24 hours. Log in now to keep your account active. Reply with your full name, phone number, and mailing address to claim."
ham,"Hey buddy, The conference room for tomorrow's client presentation has been reserved. Have a great day, Sophia"
ham,"Good afternoon Rachel, Your library books are due back in 3 days. Renew online if you need more time. Cheers, Emma"
ham,"Hey Sarah, Let me know if 3:00 PM works for a quick 15-minute sync on the marketing campaign. Talk soon, Olivia"
ham,Your order #48291 has shipped! You can track your package delivery progress directly through the official carrier website.
ham,"Hello Team, I reviewed your code changes and left a couple of minor comments on GitHub. Have a great day, Olivia"
ham,"Hello Team, Please review the attached contract draft and let me know if you have any changes. Sincerely, Ava"
spam,"Limited Time Offer: You won a brand new iPhone 15 Pro! Confirm your shipping address to receive delivery. Reply with your full name, phone number, and mailing address to claim."
ham,"Dear Dr. Miller, The conference room for tomorrow's client presentation has been reserved. Talk soon, Sophia"
ham,"Hi Alex, Attached is the agenda for our upcoming quarterly business review. Best regards, Ava"
spam,"CONGRATULATIONS! Earn up to $3,000 every week working just 2 hours a day from your phone or laptop. Click here immediately: http://promo-reward-portal.com"
spam,CONGRATULATIONS! Your Apple ID has been locked for security reasons. Click here to verify your identity. Visit http://secure-portal-update.org to update your credentials immediately.
ham,"Hello Team, The deployment to staging completed without any errors. Ready for QA testing. Best regards, Lucas"
ham,"Hey buddy, Thanks for the coffee catchup earlier! Let's follow up next week regarding the design. Warmly, Mia"
ham,"Dear Customer, The conference room for tomorrow's client presentation has been reserved. Sincerely, Sophia"
ham,"Hi Robert, Your library books are due back in 3 days. Renew online if you need more time. Thanks, Lucas"
spam,WINNER!! As a valued customer you have been chosen to win a £900 prize reward! To claim call 09061701461. Claim code KL341. Valid 12 hours only.
spam,"Get pre-approved for an instant cash loan of up to $50,000 with 0% APR for the first 12 months! Apply online today at http://fast-instant-cash.net"
ham,"Dear Dr. Miller, Thanks for the coffee catchup earlier! Let's follow up next week regarding the design. Have a great day, Ava"
ham,"Hi Alex, Here is the updated project roadmap following our team discussion yesterday. Warmly, Daniel"
spam,Final Notice: Your vehicle warranty has expired. Call 1-800-555-0199 immediately to renew coverage before your policy is cancelled.
ham,"Dear Customer, Attached is the agenda for our upcoming quarterly business review. Warmly, Mia"
ham,"Hi Alex, Can you send me the latest version of the spreadsheet when you get a chance? Have a great day, Ava"
ham,"Dear student, your assignment submission for CS 101 has been received and graded. Check the student portal for feedback."
ham,"Hi team, please find attached the meeting notes and action items from today's sprint planning session."
ham,"Hello Team, Here is the updated project roadmap following our team discussion yesterday. Talk soon, Daniel"
ham,"Hi everyone, The conference room for tomorrow's client presentation has been reserved. Best regards, Sophia"
spam,"ACTION REQUIRED: Earn up to $3,000 every week working just 2 hours a day from your phone or laptop. Download your prize confirmation certificate at http://rewards-winner.net"
ham,The server maintenance has been successfully completed. All systems and database instances are fully operational.
ham,"Dear Dr. Miller, Please review the attached contract draft and let me know if you have any changes. Have a great day, Daniel"
ham,"Dear patient, this is a friendly reminder of your upcoming dental appointment scheduled for Thursday at 10:00 AM."
spam,"Limited Time Offer: Urgent: Unrecognized login detected from Moscow, Russia. Secure your account now. Call toll-free 1-800-555-9122 now to claim before midnight."
spam,Final Notice: Your vehicle warranty has expired. Call 1-800-555-0199 immediately to renew coverage before your policy is cancelled.
ham,"Hi Michael, can you please send me the updated contact information for the vendor? We need to finalize the contract."
ham,"Hi Alex, Please submit your travel expense reports by the end of the month for reimbursement. Warmly, Daniel"
spam,"Ref: 4920492. You have won a guaranteed cash prize of $5,000 or a trip to Bahamas! Call 09050000301 to claim today."
spam,"Special Offer: Buy Viagra, Cialis and generic medication online without prescription. Fast discreet worldwide shipping. 80% discount."
ham,"Hi Michael, can you please send me the updated contact information for the vendor? We need to finalize the contract."
spam,"Limited Time Offer: Save 75% on health supplements, vitamins and male enhancement pills with free shipping. Download your prize confirmation certificate at http://rewards-winner.net"
spam,Account Notification: Your online banking password expires in 24 hours. Log in now to keep your account active. Download your prize confirmation certificate at http://rewards-winner.net
ham,"Dear Dr. Miller, Here is the updated project roadmap following our team discussion yesterday. Warmly, Sophia"
ham,"Hi Mom, I arrived safely at the hotel. The flight was on time and everything went smoothly. Talk to you tomorrow!"
ham,"Hi Alex, Let me know if 3:00 PM works for a quick 15-minute sync on the marketing campaign. Have a great day, Sophia"
ham,"Hello Team, Let me know if 3:00 PM works for a quick 15-minute sync on the marketing campaign. Warmly, Noah"
ham,Thanks for sending over the invoice. I have forwarded it to our accounts department for processing.
ham,"Hi Robert, Thanks for the coffee catchup earlier! Let's follow up next week regarding the design. Warmly, Emma"
ham,"Hey buddy, The deployment to staging completed without any errors. Ready for QA testing. Talk soon, Lucas"
ham,"Hey Sarah, I will be out of the office next Tuesday for a doctor appointment. Best regards, Olivia"
spam,"Work from home and earn $500 to $1,500 daily with no experience required! Flexible hours. Start immediately by clicking here."
ham,"Dear Customer, The deployment to staging completed without any errors. Ready for QA testing. Warmly, Emma"
ham,"Hi everyone, Can you send me the latest version of the spreadsheet when you get a chance? Best regards, Noah"
ham,"Hi John, hope you are having a productive week. Just following up on the quarterly budget report we discussed on Monday."
spam,"SECURITY NOTICE: You have been pre-selected for a $25,000 unsecured personal loan at low interest rate. Reply with your full name, phone number, and mailing address to claim."
ham,"Hello Team, Here is the updated project roadmap following our team discussion yesterday. Have a great day, Ava"
spam,Your Netflix subscription has expired. Update your billing credit card details to avoid service termination: http://netflix-account-renewal.com
ham,"Dear student, your assignment submission for CS 101 has been received and graded. Check the student portal for feedback."
ham,"Hi Alex, The deployment to staging completed without any errors. Ready for QA testing. Cheers, Noah"
spam,Limited Time Offer: Refinance your mortgage today and save hundreds every month. No closing costs! Click here immediately: http://promo-reward-portal.com
ham,"Dear Dr. Miller, Here is the updated project roadmap following our team discussion yesterday. Thanks, James"
ham,"Hello Team, Can you send me the latest version of the spreadsheet when you get a chance? Warmly, Emma"
spam,SECURITY NOTICE: Your online banking password expires in 24 hours. Log in now to keep your account active. Click here immediately: http://promo-reward-portal.com
spam,Final Notice: Your vehicle warranty has expired. Call 1-800-555-0199 immediately to renew coverage before your policy is cancelled.
ham,"Hello Team, Thanks for the coffee catchup earlier! Let's follow up next week regarding the design. Cheers, Ava"
spam,Exclusive Invitation: Double your cryptocurrency investments in just 48 hours with our automated Bitcoin trading bot! Join VIP club now.
ham,"Dear Customer, I reviewed your code changes and left a couple of minor comments on GitHub. Talk soon, Lucas"
ham,"Hello Team, Let me know if 3:00 PM works for a quick 15-minute sync on the marketing campaign. Talk soon, Liam"
ham,"Hey buddy, The conference room for tomorrow's client presentation has been reserved. Cheers, Lucas"
spam,"Instant Cash Award: Your online banking password expires in 24 hours. Log in now to keep your account active. Hurry, offer expires in 6 hours! Act now."
ham,The pull request for the email validation bug fix has been reviewed and merged into the main branch.
ham,"Good afternoon Rachel, Please submit your travel expense reports by the end of the month for reimbursement. Talk soon, Sophia"
ham,"Hi everyone, the office will be closed this coming Friday for the national holiday. Have a wonderful long weekend!"
spam,"Get pre-approved for an instant cash loan of up to $50,000 with 0% APR for the first 12 months! Apply online today at http://fast-instant-cash.net"
spam,URGENT: Your account has been temporarily locked due to suspicious login attempts. Verify your details immediately at http://security-bank-auth.com to restore access.
ham,"Hello Team, Here is the updated project roadmap following our team discussion yesterday. Sincerely, Emma"
spam,"You're a winner! Hot discount deals on electronics, smartphones and laptops. Order now while stock lasts. Visit http://secure-portal-update.org to update your credentials immediately."
spam,Your Netflix subscription has expired. Update your billing credit card details to avoid service termination: http://netflix-account-renewal.com
spam,"You're a winner! Get 10,000 Instagram followers and TikTok likes instantly for only $9.99. Visit http://secure-portal-update.org to update your credentials immediately."
ham,"Hi everyone, Let me know if 3:00 PM works for a quick 15-minute sync on the marketing campaign. Have a great day, Emma"
ham,Hey! Are we still on for lunch tomorrow around 12:30? Let me know which restaurant you prefer.
ham,"Dear Customer, Please submit your travel expense reports by the end of the month for reimbursement. Thanks, Lucas"
spam,FREE entry into our £250 weekly competition just text the word WIN to 80086 NOW. 18+ T&Cs apply.
ham,"Hello Team, Can you send me the latest version of the spreadsheet when you get a chance? Cheers, Liam"
spam,"EXCLUSIVE PROMOTION: Earn up to $3,000 every week working just 2 hours a day from your phone or laptop. Click here immediately: http://promo-reward-portal.com"
ham,"Hey Mark, happy birthday! Hope you have a fantastic day celebrating with family and friends."
spam,"ACTION REQUIRED: Earn up to $3,000 every week working just 2 hours a day from your phone or laptop. Reply with your full name, phone number, and mailing address to claim."
spam,SECURITY NOTICE: You have 1 pending Bitcoin payment of 0.35 BTC waiting in your crypto wallet. Text WIN to 78900 to enter now. Standard rates apply.
spam,Guaranteed Weight Loss! Drop 20 pounds in 2 weeks without diet or exercise. 100% natural miracle supplement. Order now for 70% off!
ham,"Hi team, just a quick reminder to submit your timesheets by 5 PM today for payroll processing."
ham,"Dear Dr. Miller, The deployment to staging completed without any errors. Ready for QA testing. Cheers, Liam"
ham,The server maintenance has been successfully completed. All systems and database instances are fully operational.
spam,URGENT ALERT: Your Apple ID has been locked for security reasons. Click here to verify your identity. Visit http://secure-portal-update.org to update your credentials immediately.
ham,"Good morning David, Here is the updated project roadmap following our team discussion yesterday. Sincerely, Mia"
spam,FREE entry into our £250 weekly competition just text the word WIN to 80086 NOW. 18+ T&Cs apply.
ham,"Dear Customer, Thanks for the coffee catchup earlier! Let's follow up next week regarding the design. Have a great day, Olivia"
ham,"Dear patient, this is a friendly reminder of your upcoming dental appointment scheduled for Thursday at 10:00 AM."
ham,"Dear Customer, The deployment to staging completed without any errors. Ready for QA testing. Talk soon, Emma"
ham,"Hey Sarah, I reviewed your code changes and left a couple of minor comments on GitHub. Warmly, Sophia"
ham,"Hey Sarah, Can you send me the latest version of the spreadsheet when you get a chance? Sincerely, Mia"
spam,Warning: Your mailbox is 99% full. You will not be able to receive incoming emails. Click here to upgrade mailbox storage for free.
ham,"Dear Dr. Miller, Your library books are due back in 3 days. Renew online if you need more time. Thanks, Daniel"
ham,"Hi Alex, Can you send me the latest version of the spreadsheet when you get a chance? Talk soon, Sophia"
ham,"Hi everyone, Let me know if 3:00 PM works for a quick 15-minute sync on the marketing campaign. Best regards, Emma"
spam,"You have received 1 new pending wire transfer of $4,500.00. Click here to confirm transaction details and accept funds."
ham,"Good morning David, Thanks for the coffee catchup earlier! Let's follow up next week regarding the design. Sincerely, Noah"
ham,"Hey Sarah, Please review the attached contract draft and let me know if you have any changes. Best regards, Noah"
spam,"EXCLUSIVE PROMOTION: Urgent: Unrecognized login detected from Moscow, Russia. Secure your account now. Text WIN to 78900 to enter now. Standard rates apply."
ham,"Dear Dr. Miller, I reviewed your code changes and left a couple of minor comments on GitHub. Thanks, Lucas"
ham,"Hey Sarah, Let me know if 3:00 PM works for a quick 15-minute sync on the marketing campaign. Warmly, Noah"
ham,"Hi team, please find attached the meeting notes and action items from today's sprint planning session."
ham,The pull request for the email validation bug fix has been reviewed and merged into the main branch.
ham,"Good morning David, Here is the updated project roadmap following our team discussion yesterday. Sincerely, Olivia"
ham,"Dear Dr. Miller, Thanks for the coffee catchup earlier! Let's follow up next week regarding the design. Have a great day, Ava"
ham,"Dear Dr. Miller, Here is the updated project roadmap following our team discussion yesterday. Cheers, Liam"
spam,"Dear customer, your parcel delivery is on hold due to unpaid customs fee of $2.99. Pay immediately to avoid return to sender: http://parcel-tracking-fees.com"
ham,"Hi Mom, I arrived safely at the hotel. The flight was on time and everything went smoothly. Talk to you tomorrow!"
spam,Instant Cash Award: Refinance your mortgage today and save hundreds every month. No closing costs! Call toll-free 1-800-555-9122 now to claim before midnight.
ham,"Hi Mom, I arrived safely at the hotel. The flight was on time and everything went smoothly. Talk to you tomorrow!"
ham,"Thank you for attending our product demo yesterday. As requested, here is the recording link and technical whitepaper."
ham,The pull request for the email validation bug fix has been reviewed and merged into the main branch.
spam,"Special Offer: Buy Viagra, Cialis and generic medication online without prescription. Fast discreet worldwide shipping. 80% discount."
ham,"Hi everyone, Thanks for the coffee catchup earlier! Let's follow up next week regarding the design. Warmly, Ava"
ham,"Hi Robert, I reviewed your code changes and left a couple of minor comments on GitHub. Warmly, Lucas"
spam,"ATTENTION: IRS Tax Refund Notification. You have an unclaimed refund of $1,840. Submit your tax identification form at http://irs-tax-refunds-gov.biz"
ham,"Hey buddy, The deployment to staging completed without any errors. Ready for QA testing. Thanks, Lucas"
spam,URGENT: Your account has been temporarily locked due to suspicious login attempts. Verify your details immediately at http://security-bank-auth.com to restore access.
spam,"Dear customer, your parcel delivery is on hold due to unpaid customs fee of $2.99. Pay immediately to avoid return to sender: http://parcel-tracking-fees.com"
ham,"Dear Dr. Miller, The conference room for tomorrow's client presentation has been reserved. Thanks, James"
ham,"Hi Alex, The conference room for tomorrow's client presentation has been reserved. Sincerely, Noah"
ham,"Dear patient, this is a friendly reminder of your upcoming dental appointment scheduled for Thursday at 10:00 AM."
spam,"Special Offer: Buy Viagra, Cialis and generic medication online without prescription. Fast discreet worldwide shipping. 80% discount."
ham,"Hey Sarah, Please submit your travel expense reports by the end of the month for reimbursement. Thanks, Liam"
spam,"Flash Sale! 90% off Designer Watches, Rolex, Omega, Gucci! Limited time clearance stock. Shop now at http://luxury-outlet-deals.shop"
ham,"Dear Dr. Miller, Please submit your travel expense reports by the end of the month for reimbursement. Warmly, James"
spam,Final Notice: Your vehicle warranty has expired. Call 1-800-555-0199 immediately to renew coverage before your policy is cancelled.
spam,EXCLUSIVE PROMOTION: Claim your $500 gift card today by completing this 2-minute survey. Click here immediately: http://promo-reward-portal.com
ham,"Hey Sarah, The deployment to staging completed without any errors. Ready for QA testing. Thanks, Daniel"
spam,Limited Time Offer: You have 1 pending Bitcoin payment of 0.35 BTC waiting in your crypto wallet. Click here immediately: http://promo-reward-portal.com
spam,"CONGRATULATIONS! Earn up to $3,000 every week working just 2 hours a day from your phone or laptop. Hurry, offer expires in 6 hours! Act now."
ham,"Hello Team, Can you send me the latest version of the spreadsheet when you get a chance? Thanks, Liam"
spam,"FINAL NOTICE: Get 10,000 Instagram followers and TikTok likes instantly for only $9.99. Call toll-free 1-800-555-9122 now to claim before midnight."
ham,"Hey buddy, The conference room for tomorrow's client presentation has been reserved. Cheers, James"
ham,"Dear Customer, Your library books are due back in 3 days. Renew online if you need more time. Have a great day, Mia"
ham,"Hey Sarah, Thanks for the coffee catchup earlier! Let's follow up next week regarding the design. Have a great day, Emma"
ham,"Dear Dr. Miller, The conference room for tomorrow's client presentation has been reserved. Warmly, Noah"
spam,"Instant Cash Award: Save 75% on health supplements, vitamins and male enhancement pills with free shipping. Call toll-free 1-800-555-9122 now to claim before midnight."
ham,"Hi Alex, The deployment to staging completed without any errors. Ready for QA testing. Sincerely, Ava"
spam,Guaranteed Weight Loss! Drop 20 pounds in 2 weeks without diet or exercise. 100% natural miracle supplement. Order now for 70% off!
spam,EXCLUSIVE PROMOTION: Your online banking password expires in 24 hours. Log in now to keep your account active. Click here immediately: http://promo-reward-portal.com
ham,"Hey buddy, Please submit your travel expense reports by the end of the month for reimbursement. Warmly, Emma"
ham,Hey! Are we still on for lunch tomorrow around 12:30? Let me know which restaurant you prefer.
ham,"Hi John, hope you are having a productive week. Just following up on the quarterly budget report we discussed on Monday."
ham,"Hi Robert, I will be out of the office next Tuesday for a doctor appointment. Have a great day, Liam"
ham,"Dear Dr. Miller, Thanks for the coffee catchup earlier! Let's follow up next week regarding the design. Cheers, Noah"
ham,"Good morning Sarah, could you please review the attached slide deck before our client presentation at 2 PM?"
ham,"Hi John, hope you are having a productive week. Just following up on the quarterly budget report we discussed on Monday."
spam,"Dear Winner, You have inherited $8.5 Million USD from a deceased relative. Reply with your passport and bank info to start transfer process."
ham,"Dear Dr. Miller, The conference room for tomorrow's client presentation has been reserved. Have a great day, Daniel"
spam,"Dear Winner, You have inherited $8.5 Million USD from a deceased relative. Reply with your passport and bank info to start transfer process."
ham,Your order #48291 has shipped! You can track your package delivery progress directly through the official carrier website.
ham,"Hello Team, Here is the updated project roadmap following our team discussion yesterday. Sincerely, Emma"
ham,"Good afternoon Rachel, Please submit your travel expense reports by the end of the month for reimbursement. Have a great day, Sophia"
spam,"Special Offer: Buy Viagra, Cialis and generic medication online without prescription. Fast discreet worldwide shipping. 80% discount."
ham,"Hello Team, The deployment to staging completed without any errors. Ready for QA testing. Warmly, James"
ham,"Good afternoon Rachel, Thanks for the coffee catchup earlier! Let's follow up next week regarding the design. Sincerely, Liam"
ham,"Hello Team, Let me know if 3:00 PM works for a quick 15-minute sync on the marketing campaign. Best regards, Sophia"
ham,Hey! Are we still on for lunch tomorrow around 12:30? Let me know which restaurant you prefer.
ham,"Hey Sarah, Attached is the agenda for our upcoming quarterly business review. Warmly, James"
ham,"Hi everyone, Let me know if 3:00 PM works for a quick 15-minute sync on the marketing campaign. Best regards, Emma"
ham,"Hi Alex, Let me know if 3:00 PM works for a quick 15-minute sync on the marketing campaign. Warmly, Sophia"
spam,"Get pre-approved for an instant cash loan of up to $50,000 with 0% APR for the first 12 months! Apply online today at http://fast-instant-cash.net"
ham,"Hey Sarah, Please review the attached contract draft and let me know if you have any changes. Thanks, Sophia"
spam,Instant Cash Award: Your online banking password expires in 24 hours. Log in now to keep your account active. Call toll-free 1-800-555-9122 now to claim before midnight.
ham,"Hi Alex, Please review the attached contract draft and let me know if you have any changes. Thanks, Sophia"
ham,"Hi everyone, Let me know if 3:00 PM works for a quick 15-minute sync on the marketing campaign. Talk soon, Lucas"
ham,"Hey Sarah, Your library books are due back in 3 days. Renew online if you need more time. Thanks, Mia"
ham,The pull request for the email validation bug fix has been reviewed and merged into the main branch.
spam,"Account Notification: Get 10,000 Instagram followers and TikTok likes instantly for only $9.99. Text WIN to 78900 to enter now. Standard rates apply."
spam,"ACTION REQUIRED: You have been pre-selected for a $25,000 unsecured personal loan at low interest rate. Reply with your full name, phone number, and mailing address to claim."
ham,"Hey Sarah, Please submit your travel expense reports by the end of the month for reimbursement. Best regards, Sophia"
